t,q0,q1,q2,qd0,qd1,qd2,q_cmd0,q_cmd1,q_cmd2,tau0,tau1,tau2,tauIq0,tauIq1,tauIq2,foot_x,foot_y,foot_z,tgt_x,tgt_y,tgt_z,r_xy,L_m,yaw,ls_y,rs_x,rs_y,lag_rad,frozen,f_press_N
0.0052,0.385631,0.467648,0.450482,0.142857,-0.230770,0.186813,0.385631,0.467648,0.450482,0.000000,0.000000,0.000000,0.002442,-0.007326,0.002442,0.003754,0.018279,0.427095,0.003754,0.018279,0.427095,0.018661,0.427503,-2.132016,0.000,0.000,-0.000,0.000000,0,0.000
0.0149,0.385631,0.467648,0.450482,0.230770,0.076923,0.252747,0.385631,0.467648,0.450483,-0.000004,-0.000013,0.000016,-0.002442,-0.012210,-0.002442,0.003754,0.018279,0.427095,0.003754,0.018279,0.427095,0.018661,0.427503,-2.132034,0.000,0.000,-0.000,0.000000,0,0.000
0.0271,0.385631,0.467648,0.450482,0.208790,0.054947,-0.032967,0.385631,0.467647,0.450484,-0.000006,-0.000021,0.000027,-0.031746,0.002442,0.026862,0.003754,0.018279,0.427095,0.003753,0.018279,0.427095,0.018661,0.427503,-2.132046,0.000,0.000,-0.000,0.000001,0,0.000
0.0375,0.385250,0.468030,0.450101,0.032967,0.032967,-0.032967,0.385576,0.467631,0.450429,0.006525,-0.007987,0.006573,-0.002442,-0.041514,0.007326,0.003921,0.018373,0.427067,0.003753,0.018279,0.427095,0.018787,0.427480,-2.132051,0.000,0.000,-0.000,0.000383,0,0.000
0.0481,0.385250,0.467648,0.450482,-0.340660,-0.142857,0.428570,0.385576,0.467611,0.450449,0.006521,-0.000741,-0.000670,-0.017094,-0.012210,-0.021978,0.003754,0.018373,0.427069,0.003753,0.018279,0.427095,0.018752,0.427480,-2.132059,0.000,0.000,-0.000,0.000326,0,0.000
0.0582,0.385250,0.467648,0.450482,-0.010990,0.164837,0.318680,0.385576,0.467612,0.450448,0.006522,-0.000737,-0.000675,-0.012210,-0.007326,-0.021978,0.003754,0.018373,0.427069,0.003753,0.018279,0.427095,0.018752,0.427480,-2.132054,0.000,0.000,-0.000,0.000326,0,0.000
0.0676,0.385250,0.467648,0.450101,-0.032967,0.032967,-0.296703,0.385541,0.467576,0.450394,0.005813,-0.001457,0.005855,-0.002442,-0.012210,-0.017094,0.003837,0.018325,0.427048,0.003753,0.018279,0.427095,0.018722,0.427458,-2.132054,0.000,0.000,-0.000,0.000348,0,0.000
0.0777,0.385250,0.468030,0.450482,0.384617,0.340660,0.208790,0.385612,0.467667,0.450484,0.007234,-0.007264,0.000039,0.002442,-0.031746,-0.017094,0.003838,0.018421,0.427088,0.003753,0.018279,0.427095,0.018817,0.427502,-2.132047,0.000,0.000,-0.000,0.000454,0,0.000
0.0870,0.385250,0.468030,0.450482,0.054947,0.054947,-0.010990,0.385612,0.467667,0.450484,0.007235,-0.007260,0.000035,-0.017094,-0.012210,-0.017094,0.003838,0.018421,0.427088,0.003754,0.018279,0.427095,0.018817,0.427502,-2.132043,0.000,0.000,-0.000,0.000363,0,0.000
0.0983,0.385250,0.468030,0.450482,0.164837,0.098900,0.098900,0.385612,0.467667,0.450484,0.007234,-0.007264,0.000040,-0.017094,-0.021978,-0.021978,0.003838,0.018421,0.427088,0.003753,0.018279,0.427095,0.018817,0.427502,-2.132047,0.000,0.000,-0.000,0.000363,0,0.000
0.1075,0.385250,0.468030,0.450482,-0.054947,-0.032967,0.164837,0.385612,0.467667,0.450484,0.007234,-0.007266,0.000043,0.007326,-0.080586,0.017094,0.003838,0.018421,0.427088,0.003753,0.018279,0.427095,0.018817,0.427502,-2.132051,0.000,0.000,-0.000,0.000363,0,0.000
0.1189,0.385250,0.468411,0.450482,-0.120880,0.252747,0.032967,0.385647,0.467721,0.450521,0.007941,-0.013809,0.000778,-0.036630,-0.012210,-0.007326,0.003921,0.018469,0.427107,0.003753,0.018280,0.427095,0.018881,0.427524,-2.132068,0.000,0.000,-0.000,0.000745,0,0.000
0.1281,0.385250,0.468411,0.450482,-0.164837,0.142857,0.406593,0.385647,0.467720,0.450522,0.007938,-0.013821,0.000793,-0.021978,-0.026862,0.002442,0.003921,0.018469,0.427107,0.003753,0.018280,0.427095,0.018881,0.427524,-2.132085,0.000,0.000,-0.000,0.000690,0,0.000
0.1381,0.385250,0.468411,0.450482,0.054947,-0.054947,0.208790,0.385647,0.467719,0.450523,0.007933,-0.013839,0.000817,0.002442,-0.041514,0.026862,0.003921,0.018469,0.427107,0.003752,0.018280,0.427095,0.018881,0.427524,-2.132111,0.000,0.000,-0.000,0.000691,0,0.000
0.1476,0.385250,0.468793,0.450482,0.054947,0.472527,0.318680,0.385682,0.467773,0.450560,0.008638,-0.020389,0.001560,-0.012210,-0.036630,0.012210,0.004005,0.018518,0.427126,0.003752,0.018280,0.427095,0.018946,0.427546,-2.132138,0.000,0.000,-0.000,0.001073,0,0.000
0.1584,0.385250,0.468793,0.450101,0.186813,0.010990,-0.186813,0.385646,0.467736,0.450507,0.007923,-0.021134,0.008122,-0.017094,-0.026862,-0.002442,0.004088,0.018470,0.427105,0.003751,0.018280,0.427095,0.018917,0.427524,-2.132174,0.000,0.000,-0.000,0.001019,0,0.000
0.1665,0.385250,0.468793,0.450482,-0.208790,0.120880,0.076923,0.385681,0.467771,0.450563,0.008627,-0.020431,0.001614,-0.012210,-0.061050,-0.007326,0.004005,0.018518,0.427126,0.003751,0.018280,0.427095,0.018946,0.427546,-2.132198,0.000,0.000,-0.000,0.001057,0,0.000
0.1753,0.385250,0.468793,0.450482,0.032967,-0.076923,0.318680,0.385681,0.467770,0.450564,0.008622,-0.020449,0.001637,-0.012210,-0.031746,-0.017094,0.004005,0.018518,0.427126,0.003750,0.018280,0.427095,0.018946,0.427546,-2.132224,0.000,0.000,-0.000,0.001022,0,0.000
0.1854,0.385250,0.469174,0.450482,-0.098900,0.164837,0.032967,0.385716,0.467824,0.450601,0.009328,-0.026997,0.002379,-0.026862,-0.041514,-0.007326,0.004089,0.018566,0.427145,0.003750,0.018280,0.427095,0.019011,0.427568,-2.132249,0.000,0.000,-0.000,0.001404,0,0.000
0.1960,0.385631,0.469174,0.450482,0.098900,0.230770,0.098900,0.385771,0.467860,0.450637,0.002796,-0.026293,0.003097,0.007326,-0.051282,0.002442,0.004089,0.018472,0.427172,0.003750,0.018280,0.427095,0.018919,0.427590,-2.132258,0.000,0.000,-0.000,0.001350,0,0.000
0.2055,0.385631,0.469174,0.450101,0.010990,-0.032967,-0.164837,0.385736,0.467823,0.450583,0.002086,-0.027020,0.009636,0.002442,-0.075702,-0.026862,0.004172,0.018424,0.427151,0.003749,0.018280,0.427095,0.018891,0.427568,-2.132269,0.000,0.000,-0.000,0.001315,0,0.000
0.2158,0.385631,0.469556,0.450482,0.098900,0.296703,0.120880,0.385807,0.467914,0.450674,0.003505,-0.032832,0.003827,0.041514,-0.061050,-0.002442,0.004173,0.018521,0.427191,0.003749,0.018280,0.427095,0.018985,0.427612,-2.132269,0.000,0.000,-0.000,0.001732,0,0.000
0.2259,0.385631,0.469556,0.450101,-0.010990,0.274727,0.032967,0.385771,0.467878,0.450619,0.002794,-0.033560,0.010368,-0.021978,-0.031746,0.007326,0.004256,0.018473,0.427170,0.003749,0.018280,0.427095,0.018957,0.427590,-2.132282,0.000,0.000,-0.000,0.001642,0,0.000
0.2358,0.385631,0.469174,0.450482,-0.120880,-0.186813,0.186813,0.385771,0.467859,0.450638,0.002793,-0.026307,0.003114,-0.051282,-0.046398,0.007326,0.004089,0.018472,0.427172,0.003749,0.018280,0.427095,0.018919,0.427590,-2.132278,0.000,0.000,-0.000,0.001297,0,0.000
0.2459,0.385631,0.469556,0.450482,-0.142857,-0.076923,0.164837,0.385807,0.467914,0.450674,0.003503,-0.032840,0.003838,0.002442,-0.051282,-0.036630,0.004173,0.018521,0.427191,0.003749,0.018280,0.427095,0.018985,0.427612,-2.132282,0.000,0.000,-0.000,0.001697,0,0.000
0.2560,0.385631,0.469174,0.450482,-0.164837,-0.296703,0.010990,0.385771,0.467858,0.450639,0.002790,-0.026316,0.003127,0.007326,-0.036630,-0.012210,0.004089,0.018472,0.427172,0.003749,0.018280,0.427095,0.018919,0.427590,-2.132292,0.000,0.000,-0.000,0.001261,0,0.000
0.2687,0.385631,0.469556,0.450482,-0.032967,-0.054947,0.098900,0.385806,0.467913,0.450675,0.003499,-0.032854,0.003856,0.002442,-0.065934,-0.002442,0.004173,0.018521,0.427191,0.003749,0.018280,0.427095,0.018985,0.427612,-2.132302,0.000,0.000,-0.000,0.001697,0,0.000
0.2798,0.385631,0.469937,0.450482,0.054947,0.472527,-0.076923,0.385842,0.467967,0.450712,0.004205,-0.039403,0.004598,-0.017094,-0.031746,-0.026862,0.004256,0.018569,0.427210,0.003748,0.018280,0.427095,0.019050,0.427634,-2.132327,0.000,0.000,-0.000,0.002024,0,0.000
0.2889,0.385631,0.469556,0.450482,-0.274727,0.032967,-0.142857,0.385806,0.467911,0.450677,0.003490,-0.032885,0.003896,-0.012210,-0.046398,-0.021978,0.004173,0.018521,0.427191,0.003748,0.018281,0.427095,0.018985,0.427612,-2.132347,0.000,0.000,-0.000,0.001589,0,0.000
0.2981,0.385631,0.469937,0.450101,0.076923,0.120880,-0.142857,0.385806,0.467930,0.450658,0.003491,-0.040142,0.011153,0.002442,-0.075702,-0.002442,0.004340,0.018521,0.427189,0.003748,0.018281,0.427095,0.019023,0.427612,-2.132355,0.000,0.000,-0.000,0.002026,0,0.000
0.3069,0.385631,0.469937,0.450101,0.010990,0.142857,-0.252747,0.385806,0.467930,0.450659,0.003488,-0.040152,0.011166,-0.036630,-0.046398,-0.002442,0.004340,0.018521,0.427189,0.003748,0.018281,0.427095,0.019023,0.427612,-2.132369,0.000,0.000,-0.000,0.002007,0,0.000
0.3173,0.386013,0.469937,0.450101,0.296703,0.318680,-0.340660,0.385861,0.467965,0.450695,-0.003043,-0.039447,0.011881,-0.031746,-0.036630,-0.007326,0.004340,0.018427,0.427215,0.003747,0.018281,0.427095,0.018932,0.427635,-2.132377,0.000,0.000,-0.000,0.002008,0,0.000
0.3269,0.385631,0.469937,0.450482,-0.010990,0.032967,-0.032967,0.385841,0.467965,0.450715,0.004194,-0.039441,0.004647,0.021978,-0.051282,-0.012210,0.004256,0.018569,0.427210,0.003747,0.018281,0.427095,0.019050,0.427634,-2.132382,0.000,0.000,-0.000,0.001972,0,0.000
0.3372,0.386013,0.469556,0.450482,-0.032967,0.010990,0.230770,0.385860,0.467945,0.450715,-0.003049,-0.032208,0.004648,-0.021978,-0.051282,-0.012210,0.004173,0.018427,0.427217,0.003747,0.018281,0.427095,0.018894,0.427635,-2.132395,0.000,0.000,-0.000,0.001591,0,0.000
0.3472,0.386013,0.469556,0.450482,-0.164837,0.010990,-0.054947,0.385860,0.467945,0.450715,-0.003049,-0.032210,0.004650,-0.021978,-0.041514,-0.007326,0.004173,0.018427,0.427217,0.003747,0.018281,0.427095,0.018894,0.427635,-2.132397,0.000,0.000,-0.000,0.001610,0,0.000
0.3573,0.386013,0.469937,0.450101,0.010990,-0.032967,-0.120880,0.385861,0.467964,0.450696,-0.003048,-0.039464,0.011903,-0.002442,-0.041514,0.007326,0.004340,0.018427,0.427215,0.003747,0.018281,0.427095,0.018932,0.427635,-2.132401,0.000,0.000,-0.000,0.001992,0,0.000
0.3672,0.386013,0.469937,0.450482,0.318680,0.252747,-0.142857,0.385896,0.468000,0.450751,-0.002340,-0.038746,0.005376,-0.046398,-0.021978,-0.041514,0.004257,0.018475,0.427236,0.003747,0.018281,0.427095,0.018959,0.427657,-2.132404,0.000,0.000,-0.000,0.001973,0,0.000
0.3773,0.386013,0.469937,0.450482,0.032967,-0.032967,0.010990,0.385896,0.468000,0.450751,-0.002341,-0.038750,0.005381,-0.046398,-0.070818,0.012210,0.004257,0.018475,0.427236,0.003747,0.018281,0.427095,0.018959,0.427657,-2.132410,0.000,0.000,-0.000,0.001937,0,0.000
0.3875,0.386394,0.469937,0.450482,0.054947,0.098900,0.164837,0.385951,0.468035,0.450787,-0.008873,-0.038049,0.006103,-0.065934,-0.021978,0.007326,0.004257,0.018382,0.427263,0.003747,0.018281,0.427095,0.018868,0.427679,-2.132424,0.000,0.000,-0.000,0.001937,0,0.000
0.3976,0.386394,0.469937,0.450482,0.054947,0.186813,-0.120880,0.385951,0.468035,0.450788,-0.008874,-0.038054,0.006109,-0.041514,-0.031746,-0.021978,0.004257,0.018382,0.427263,0.003746,0.018281,0.427095,0.018868,0.427679,-2.132431,0.000,0.000,-0.000,0.001902,0,0.000
0.4076,0.386394,0.469937,0.450482,0.164837,0.384617,0.230770,0.385950,0.468034,0.450788,-0.008878,-0.038066,0.006125,-0.051282,-0.026862,-0.012210,0.004257,0.018382,0.427263,0.003746,0.018281,0.427095,0.018868,0.427679,-2.132449,0.000,0.000,-0.000,0.001903,0,0.000
0.4172,0.386394,0.469937,0.450482,0.010990,-0.032967,0.208790,0.385950,0.468033,0.450789,-0.008881,-0.038077,0.006139,-0.046398,-0.056166,0.002442,0.004257,0.018382,0.427263,0.003746,0.018281,0.427095,0.018868,0.427679,-2.132465,0.000,0.000,-0.000,0.001903,0,0.000
0.4278,0.386776,0.469937,0.450482,0.186813,0.230770,0.142857,0.386005,0.468068,0.450825,-0.015413,-0.037377,0.006862,-0.031746,-0.046398,0.007326,0.004257,0.018288,0.427289,0.003746,0.018281,0.427095,0.018777,0.427702,-2.132480,0.000,0.000,-0.000,0.001904,0,0.000
0.4386,0.386776,0.469937,0.450482,-0.318680,0.054947,0.186813,0.386005,0.468068,0.450826,-0.015416,-0.037388,0.006876,-0.056166,-0.051282,-0.012210,0.004257,0.018288,0.427289,0.003745,0.018281,0.427095,0.018777,0.427702,-2.132496,0.000,0.000,-0.000,0.001869,0,0.000
0.4480,0.386776,0.469937,0.450482,0.164837,0.054947,-0.010990,0.386005,0.468067,0.450827,-0.015421,-0.037403,0.006895,-0.012210,-0.061050,-0.026862,0.004257,0.018288,0.427289,0.003745,0.018281,0.427095,0.018777,0.427702,-2.132518,0.000,0.000,-0.000,0.001869,0,0.000
0.4575,0.387157,0.469937,0.450482,0.230770,0.340660,-0.010990,0.386060,0.468102,0.450863,-0.021952,-0.036699,0.007612,-0.031746,-0.051282,0.012210,0.004257,0.018195,0.427316,0.003745,0.018281,0.427095,0.018686,0.427724,-2.132527,0.000,0.000,-0.000,0.001870,0,0.000
0.4675,0.386776,0.469937,0.450101,-0.120880,0.032967,-0.296703,0.385969,0.468030,0.450773,-0.016133,-0.038136,0.013442,-0.021978,-0.051282,-0.012210,0.004340,0.018240,0.427268,0.003745,0.018281,0.427095,0.018750,0.427680,-2.132537,0.000,0.000,-0.000,0.001835,0,0.000
0.4776,0.387157,0.469937,0.450482,0.054947,-0.054947,-0.120880,0.386060,0.468102,0.450864,-0.021956,-0.036711,0.007628,-0.056166,-0.046398,-0.002442,0.004257,0.018195,0.427316,0.003744,0.018281,0.427095,0.018686,0.427724,-2.132545,0.000,0.000,-0.000,0.001907,0,0.000
0.4880,0.387157,0.469937,0.450482,-0.208790,-0.252747,-0.054947,0.386060,0.468102,0.450864,-0.021955,-0.036711,0.007629,-0.075702,-0.075702,0.007326,0.004257,0.018195,0.427316,0.003744,0.018281,0.427095,0.018686,0.427724,-2.132545,0.000,0.000,-0.000,0.001836,0,0.000
0.4980,0.387157,0.469937,0.450101,-0.098900,-0.252747,-0.318680,0.386024,0.468066,0.450809,-0.022665,-0.037433,0.014161,-0.056166,-0.046398,0.012210,0.004340,0.018147,0.427295,0.003744,0.018281,0.427095,0.018659,0.427702,-2.132548,0.000,0.000,-0.000,0.001836,0,0.000
0.5080,0.387539,0.469937,0.450482,0.142857,-0.186813,-0.186813,0.386115,0.468137,0.450899,-0.028485,-0.036000,0.008336,-0.061050,-0.036630,-0.017094,0.004257,0.018101,0.427342,0.003744,0.018281,0.427095,0.018595,0.427747,-2.132544,0.000,0.000,-0.000,0.001872,0,0.000
0.5180,0.387539,0.469937,0.450482,0.054947,0.054947,0.186813,0.386115,0.468137,0.450899,-0.028485,-0.036001,0.008338,-0.065934,-0.031746,0.007326,0.004257,0.018101,0.427342,0.003744,0.018281,0.427095,0.018595,0.427747,-2.132545,0.000,0.000,-0.000,0.001800,0,0.000
0.5282,0.387539,0.469937,0.450482,-0.010990,-0.010990,0.428570,0.386114,0.468137,0.450899,-0.028486,-0.036004,0.008342,-0.070818,-0.075702,-0.012210,0.004257,0.018101,0.427342,0.003744,0.018281,0.427095,0.018595,0.427747,-2.132550,0.000,0.000,-0.000,0.001800,0,0.000
0.5380,0.387539,0.469937,0.450482,0.428570,-0.120880,0.010990,0.386114,0.468137,0.450900,-0.028488,-0.036011,0.008351,-0.051282,-0.061050,-0.007326,0.004257,0.018101,0.427342,0.003744,0.018281,0.427095,0.018595,0.427747,-2.132560,0.000,0.000,-0.000,0.001800,0,0.000
0.5483,0.387539,0.470319,0.450101,0.010990,0.450550,-0.494507,0.386114,0.468155,0.450882,-0.028490,-0.043278,0.015622,-0.070818,-0.041514,-0.031746,0.004424,0.018102,0.427340,0.003744,0.018281,0.427095,0.018634,0.427746,-2.132583,0.000,0.000,-0.000,0.002182,0,0.000
0.5582,0.387539,0.469937,0.450482,0.142857,-0.076923,-0.164837,0.386114,0.468135,0.450901,-0.028494,-0.036034,0.008380,-0.046398,-0.036630,0.002442,0.004257,0.018101,0.427342,0.003743,0.018281,0.427095,0.018595,0.427747,-2.132593,0.000,0.000,-0.000,0.001782,0,0.000
0.5692,0.387539,0.469937,0.450482,0.120880,-0.098900,-0.010990,0.386114,0.468135,0.450902,-0.028500,-0.036053,0.008404,-0.031746,-0.056166,0.012210,0.004257,0.018101,0.427342,0.003743,0.018282,0.427095,0.018595,0.427747,-2.132620,0.000,0.000,-0.000,0.001802,0,0.000
0.5786,0.387539,0.469937,0.450482,-0.098900,0.120880,0.252747,0.386114,0.468134,0.450904,-0.028504,-0.036070,0.008427,-0.041514,-0.070818,-0.012210,0.004257,0.018101,0.427342,0.003743,0.018282,0.427095,0.018595,0.427747,-2.132645,0.000,0.000,-0.000,0.001803,0,0.000
0.5884,0.387539,0.469937,0.450482,-0.142857,-0.120880,0.296703,0.386113,0.468133,0.450904,-0.028507,-0.036081,0.008440,-0.036630,-0.056166,-0.017094,0.004257,0.018101,0.427342,0.003742,0.018282,0.427095,0.018595,0.427747,-2.132660,0.000,0.000,-0.000,0.001804,0,0.000
0.5995,0.387539,0.469937,0.450482,0.186813,0.186813,0.252747,0.386113,0.468133,0.450905,-0.028508,-0.036085,0.008445,-0.051282,-0.065934,-0.007326,0.004257,0.018101,0.427342,0.003742,0.018282,0.427095,0.018595,0.427747,-2.132666,0.000,0.000,-0.000,0.001804,0,0.000
0.6091,0.387539,0.469937,0.450482,-0.032967,0.164837,-0.054947,0.386113,0.468132,0.450905,-0.028512,-0.036097,0.008461,-0.041514,-0.051282,-0.002442,0.004257,0.018101,0.427342,0.003742,0.018282,0.427095,0.018595,0.427747,-2.132684,0.000,0.000,-0.000,0.001804,0,0.000
0.6192,0.387539,0.469937,0.450482,0.010990,-0.054947,-0.230770,0.386113,0.468132,0.450906,-0.028514,-0.036105,0.008471,-0.031746,-0.041514,-0.031746,0.004257,0.018101,0.427342,0.003742,0.018282,0.427095,0.018595,0.427747,-2.132695,0.000,0.000,-0.000,0.001805,0,0.000
0.6291,0.387920,0.469937,0.450482,0.208790,-0.032967,0.142857,0.386168,0.468167,0.450941,-0.035045,-0.035398,0.009185,-0.051282,-0.056166,0.012210,0.004257,0.018008,0.427369,0.003742,0.018282,0.427095,0.018504,0.427769,-2.132700,0.000,0.000,-0.000,0.001807,0,0.000
0.6400,0.387539,0.469937,0.450482,-0.274727,0.054947,-0.098900,0.386113,0.468132,0.450906,-0.028516,-0.036111,0.008479,-0.036630,-0.065934,0.012210,0.004257,0.018101,0.427342,0.003741,0.018282,0.427095,0.018595,0.427747,-2.132704,0.000,0.000,-0.000,0.001770,0,0.000
0.6513,0.387920,0.469937,0.450482,-0.252747,0.098900,-0.076923,0.386168,0.468167,0.450942,-0.035045,-0.035399,0.009186,-0.095238,-0.065934,0.007326,0.004257,0.018008,0.427369,0.003742,0.018282,0.427095,0.018504,0.427769,-2.132702,0.000,0.000,-0.000,0.001807,0,0.000
0.6639,0.387920,0.469937,0.450482,-0.164837,0.164837,0.186813,0.386168,0.468167,0.450941,-0.035044,-0.035394,0.009180,-0.085470,-0.041514,-0.002442,0.004257,0.018008,0.427369,0.003742,0.018282,0.427095,0.018504,0.427769,-2.132695,0.000,0.000,-0.000,0.001770,0,0.000
0.6736,0.387920,0.469937,0.450482,0.252747,-0.032967,0.340660,0.386168,0.468168,0.450941,-0.035043,-0.035392,0.009177,-0.051282,-0.041514,-0.012210,0.004257,0.018008,0.427369,0.003742,0.018282,0.427095,0.018504,0.427769,-2.132691,0.000,0.000,-0.000,0.001770,0,0.000
0.6832,0.387920,0.469937,0.450482,-0.120880,-0.010990,0.076923,0.386168,0.468168,0.450941,-0.035043,-0.035392,0.009177,-0.070818,-0.056166,-0.007326,0.004257,0.018008,0.427369,0.003742,0.018282,0.427095,0.018504,0.427769,-2.132692,0.000,0.000,-0.000,0.001770,0,0.000
0.6915,0.387920,0.469937,0.450482,0.318680,0.208790,0.164837,0.386168,0.468168,0.450941,-0.035043,-0.035392,0.009177,-0.061050,-0.051282,-0.012210,0.004257,0.018008,0.427369,0.003742,0.018282,0.427095,0.018504,0.427769,-2.132692,0.000,0.000,-0.000,0.001770,0,0.000
0.6994,0.387539,0.469556,0.450101,-0.142857,-0.164837,-0.208790,0.386042,0.468041,0.450815,-0.029934,-0.030297,0.014284,-0.080586,-0.017094,0.012210,0.004256,0.018005,0.427302,0.003742,0.018282,0.427095,0.018501,0.427703,-2.132699,0.000,0.000,-0.000,0.001388,0,0.000
0.7093,0.387920,0.469556,0.450482,-0.054947,0.032967,-0.230770,0.386132,0.468112,0.450906,-0.035757,-0.028872,0.008470,-0.085470,-0.041514,0.002442,0.004173,0.017959,0.427350,0.003741,0.018282,0.427095,0.018438,0.427747,-2.132707,0.000,0.000,-0.000,0.001878,0,0.000
0.7194,0.387539,0.469556,0.450864,-0.274727,-0.208790,0.340660,0.386113,0.468112,0.450926,-0.028520,-0.028870,0.001241,-0.051282,-0.026862,-0.012210,0.004090,0.018101,0.427344,0.003741,0.018282,0.427095,0.018557,0.427747,-2.132717,0.000,0.000,-0.000,0.001444,0,0.000
0.7294,0.387920,0.469556,0.450482,-0.032967,-0.384617,0.098900,0.386132,0.468111,0.450907,-0.035761,-0.028889,0.008492,-0.061050,-0.036630,-0.046398,0.004173,0.017959,0.427350,0.003741,0.018282,0.427095,0.018438,0.427747,-2.132731,0.000,0.000,-0.000,0.001807,0,0.000
0.7400,0.387920,0.469937,0.450482,0.010990,0.120880,-0.142857,0.386168,0.468166,0.450943,-0.035053,-0.035429,0.009225,-0.075702,-0.026862,-0.012210,0.004257,0.018008,0.427369,0.003741,0.018282,0.427095,0.018504,0.427769,-2.132745,0.000,0.000,-0.000,0.001826,0,0.000
0.7502,0.387920,0.469556,0.450482,-0.032967,0.208790,0.010990,0.386132,0.468111,0.450908,-0.035765,-0.028902,0.008510,-0.090354,-0.017094,0.017094,0.004173,0.017959,0.427350,0.003741,0.018282,0.427095,0.018438,0.427747,-2.132751,0.000,0.000,-0.000,0.001753,0,0.000
0.7602,0.387539,0.469556,0.450482,-0.032967,0.120880,0.296703,0.386077,0.468075,0.450872,-0.029236,-0.029615,0.007803,-0.051282,-0.046398,-0.012210,0.004173,0.018053,0.427323,0.003741,0.018282,0.427095,0.018529,0.427725,-2.132754,0.000,0.000,-0.000,0.001445,0,0.000
0.7705,0.387539,0.469556,0.450482,-0.208790,0.120880,0.164837,0.386077,0.468075,0.450872,-0.029236,-0.029616,0.007804,-0.075702,-0.021978,-0.026862,0.004173,0.018053,0.427323,0.003741,0.018282,0.427095,0.018529,0.427725,-2.132755,0.000,0.000,-0.000,0.001481,0,0.000
0.7828,0.387920,0.469556,0.450864,-0.054947,0.098900,0.428570,0.386167,0.468146,0.450963,-0.035059,-0.028191,0.001991,-0.070818,-0.026862,-0.021978,0.004090,0.018007,0.427370,0.003740,0.018282,0.427095,0.018466,0.427769,-2.132763,0.000,0.000,-0.000,0.001843,0,0.000
0.7922,0.387539,0.469556,0.450101,-0.252747,-0.054947,-0.384617,0.386041,0.468039,0.450818,-0.029946,-0.030340,0.014339,-0.056166,-0.021978,-0.007326,0.004256,0.018005,0.427302,0.003740,0.018282,0.427095,0.018501,0.427703,-2.132760,0.000,0.000,-0.000,0.001410,0,0.000
0.8044,0.387920,0.469556,0.450482,0.340660,-0.274727,0.120880,0.386132,0.468111,0.450908,-0.035765,-0.028902,0.008509,-0.002442,-0.041514,-0.017094,0.004173,0.017959,0.427350,0.003741,0.018282,0.427095,0.018438,0.427747,-2.132751,0.000,0.000,-0.000,0.001879,0,0.000
0.8139,0.387920,0.469556,0.450482,0.120880,-0.186813,0.318680,0.386132,0.468111,0.450908,-0.035764,-0.028899,0.008505,-0.046398,-0.026862,0.007326,0.004173,0.017959,0.427350,0.003741,0.018282,0.427095,0.018438,0.427747,-2.132746,0.000,0.000,-0.000,0.001788,0,0.000
0.8241,0.387920,0.469556,0.450482,0.098900,0.120880,-0.142857,0.386132,0.468111,0.450907,-0.035763,-0.028894,0.008498,-0.051282,-0.031746,-0.017094,0.004173,0.017959,0.427350,0.003741,0.018282,0.427095,0.018438,0.427747,-2.132738,0.000,0.000,-0.000,0.001788,0,0.000
0.8303,0.387920,0.469556,0.450482,0.076923,0.032967,0.296703,0.386132,0.468111,0.450907,-0.035762,-0.028891,0.008495,-0.070818,-0.041514,-0.007326,0.004173,0.017959,0.427350,0.003741,0.018282,0.427095,0.018438,0.427747,-2.132735,0.000,0.000,-0.000,0.001788,0,0.000
0.8404,0.387539,0.469174,0.450482,-0.054947,-0.164837,-0.054947,0.386042,0.468021,0.450835,-0.029942,-0.023067,0.007061,-0.080586,-0.026862,-0.007326,0.004089,0.018005,0.427304,0.003741,0.018282,0.427095,0.018463,0.427703,-2.132729,0.000,0.000,-0.000,0.001407,0,0.000
0.8504,0.387920,0.469174,0.450101,0.186813,-0.318680,-0.626373,0.386061,0.468020,0.450816,-0.037182,-0.023080,0.014304,-0.090354,-0.051282,-0.017094,0.004172,0.017863,0.427310,0.003741,0.018282,0.427095,0.018344,0.427703,-2.132733,0.000,0.000,-0.000,0.001879,0,0.000
0.8605,0.387539,0.469556,0.450482,-0.384617,0.010990,0.384617,0.386077,0.468076,0.450872,-0.029233,-0.029603,0.007787,-0.085470,-0.031746,0.002442,0.004173,0.018053,0.427323,0.003741,0.018282,0.427095,0.018529,0.427725,-2.132736,0.000,0.000,-0.000,0.001535,0,0.000
0.8705,0.387539,0.469174,0.450482,-0.186813,-0.406593,-0.054947,0.386042,0.468021,0.450836,-0.029944,-0.023072,0.007068,-0.051282,-0.041514,0.012210,0.004089,0.018005,0.427304,0.003741,0.018282,0.427095,0.018463,0.427703,-2.132736,0.000,0.000,-0.000,0.001462,0,0.000
0.8807,0.387539,0.469556,0.450482,-0.054947,0.120880,-0.032967,0.386077,0.468076,0.450872,-0.029233,-0.029603,0.007787,-0.041514,-0.046398,-0.051282,0.004173,0.018053,0.427323,0.003741,0.018282,0.427095,0.018529,0.427725,-2.132736,0.000,0.000,-0.000,0.001535,0,0.000
0.8913,0.387920,0.469556,0.450482,0.406593,0.340660,-0.164837,0.386132,0.468111,0.450907,-0.035762,-0.028891,0.008494,-0.046398,-0.021978,-0.036630,0.004173,0.017959,0.427350,0.003741,0.018282,0.427095,0.018438,0.427747,-2.132734,0.000,0.000,-0.000,0.001843,0,0.000
0.9014,0.387539,0.469174,0.450482,-0.054947,-0.186813,-0.032967,0.386042,0.468021,0.450836,-0.029944,-0.023074,0.007071,-0.036630,-0.026862,-0.026862,0.004089,0.018005,0.427304,0.003741,0.018282,0.427095,0.018463,0.427703,-2.132740,0.000,0.000,-0.000,0.001407,0,0.000
0.9116,0.387539,0.469174,0.450482,-0.208790,0.098900,0.384617,0.386042,0.468021,0.450836,-0.029943,-0.023072,0.007067,-0.046398,-0.036630,-0.002442,0.004089,0.018005,0.427304,0.003741,0.018282,0.427095,0.018463,0.427703,-2.132735,0.000,0.000,-0.000,0.001497,0,0.000
0.9215,0.387920,0.469174,0.450482,0.296703,0.010990,-0.252747,0.386097,0.468057,0.450871,-0.036471,-0.022354,0.007767,-0.070818,-0.026862,-0.012210,0.004089,0.017911,0.427330,0.003741,0.018282,0.427095,0.018372,0.427725,-2.132726,0.000,0.000,-0.000,0.001879,0,0.000
0.9323,0.387539,0.469174,0.450482,-0.076923,0.032967,-0.428570,0.386042,0.468021,0.450835,-0.029941,-0.023062,0.007054,-0.041514,-0.031746,-0.036630,0.004089,0.018005,0.427304,0.003741,0.018282,0.427095,0.018463,0.427703,-2.132721,0.000,0.000,-0.000,0.001442,0,0.000
0.9415,0.387539,0.469174,0.450482,0.296703,0.010990,-0.120880,0.386042,0.468022,0.450834,-0.029938,-0.023052,0.007041,-0.051282,-0.021978,0.002442,0.004089,0.018005,0.427304,0.003741,0.018282,0.427095,0.018463,0.427703,-2.132707,0.000,0.000,-0.000,0.001497,0,0.000
0.9518,0.387539,0.469174,0.450482,0.318680,-0.054947,0.274727,0.386042,0.468022,0.450834,-0.029935,-0.023041,0.007028,-0.051282,-0.031746,0.021978,0.004089,0.018005,0.427304,0.003742,0.018282,0.427095,0.018463,0.427703,-2.132692,0.000,0.000,-0.000,0.001497,0,0.000
0.9619,0.387539,0.469174,0.450482,-0.208790,0.142857,-0.120880,0.386042,0.468023,0.450833,-0.029932,-0.023031,0.007015,-0.041514,-0.026862,-0.017094,0.004089,0.018005,0.427304,0.003742,0.018282,0.427095,0.018463,0.427703,-2.132677,0.000,0.000,-0.000,0.001497,0,0.000
0.9718,0.387539,0.469174,0.450482,0.120880,0.340660,-0.076923,0.386042,0.468023,0.450832,-0.029929,-0.023019,0.006999,-0.046398,-0.036630,-0.002442,0.004089,0.018005,0.427304,0.003742,0.018282,0.427095,0.018463,0.427703,-2.132659,0.000,0.000,-0.000,0.001497,0,0.000
0.9819,0.387539,0.469174,0.450482,0.120880,0.054947,0.076923,0.386042,0.468024,0.450832,-0.029927,-0.023014,0.006993,-0.007326,-0.031746,-0.021978,0.004089,0.018005,0.427304,0.003742,0.018282,0.427095,0.018463,0.427703,-2.132652,0.000,0.000,-0.000,0.001496,0,0.000
0.9920,0.387539,0.469174,0.450482,0.010990,-0.076923,-0.054947,0.386042,0.468024,0.450832,-0.029926,-0.023010,0.006988,-0.046398,-0.026862,-0.002442,0.004089,0.018005,0.427304,0.003742,0.018282,0.427095,0.018463,0.427703,-2.132647,0.000,0.000,-0.000,0.001496,0,0.000
1.0022,0.387157,0.468793,0.450101,-0.230770,-0.186813,-0.670330,0.385917,0.467898,0.450705,-0.024815,-0.017903,0.012080,-0.026862,-0.007326,0.012210,0.004088,0.018002,0.427238,0.003743,0.018282,0.427095,0.018460,0.427636,-2.132637,0.000,0.000,-0.000,0.001115,0,0.000
1.0120,0.387539,0.468793,0.450482,0.274727,-0.098900,0.362637,0.386007,0.467969,0.450795,-0.030634,-0.016468,0.006254,-0.041514,-0.021978,0.017094,0.004005,0.017956,0.427285,0.003743,0.018282,0.427095,0.018398,0.427681,-2.132632,0.000,0.000,-0.000,0.001622,0,0.000
1.0223,0.387539,0.469174,0.450482,-0.032967,0.318680,0.032967,0.386043,0.468025,0.450830,-0.029921,-0.022992,0.006965,-0.051282,-0.021978,-0.007326,0.004089,0.018005,0.427304,0.003743,0.018282,0.427095,0.018463,0.427703,-2.132621,0.000,0.000,-0.000,0.001532,0,0.000
1.0322,0.387539,0.468793,0.450101,-0.032967,-0.142857,-0.516483,0.385972,0.467934,0.450739,-0.031340,-0.017175,0.012767,-0.041514,-0.017094,-0.021978,0.004088,0.017909,0.427264,0.003743,0.018282,0.427095,0.018369,0.427659,-2.132613,0.000,0.000,-0.000,0.001496,0,0.000
1.0425,0.387539,0.468793,0.450482,0.186813,0.076923,-0.076923,0.386007,0.467970,0.450794,-0.030629,-0.016449,0.006229,-0.041514,-0.026862,-0.002442,0.004005,0.017956,0.427285,0.003743,0.018282,0.427095,0.018398,0.427681,-2.132603,0.000,0.000,-0.000,0.001567,0,0.000
1.0526,0.387539,0.468793,0.450482,0.318680,0.076923,-0.076923,0.386007,0.467971,0.450793,-0.030628,-0.016445,0.006224,-0.031746,-0.041514,0.031746,0.004005,0.017956,0.427285,0.003743,0.018282,0.427095,0.018398,0.427681,-2.132598,0.000,0.000,-0.000,0.001531,0,0.000
1.0628,0.387157,0.468793,0.450482,-0.142857,0.076923,0.010990,0.385953,0.467935,0.450758,-0.024096,-0.017149,0.005506,-0.017094,-0.017094,0.031746,0.004005,0.018050,0.427259,0.003744,0.018281,0.427095,0.018489,0.427658,-2.132588,0.000,0.000,0.000,0.001150,0,0.000
1.0725,0.387539,0.468793,0.450482,0.274727,-0.208790,-0.164837,0.386008,0.467972,0.450792,-0.030622,-0.016425,0.006198,-0.046398,-0.026862,0.017094,0.004005,0.017956,0.427285,0.003744,0.018281,0.427095,0.018398,0.427681,-2.132569,0.000,0.000,0.000,0.001586,0,0.000
1.0849,0.387157,0.468793,0.450482,-0.230770,-0.076923,0.054947,0.385953,0.467936,0.450757,-0.024092,-0.017134,0.005487,-0.046398,-0.017094,-0.012210,0.004005,0.018050,0.427259,0.003744,0.018281,0.427095,0.018489,0.427658,-2.132567,0.000,0.000,0.000,0.001150,0,0.000
1.0937,0.387157,0.468793,0.450482,-0.120880,-0.120880,-0.032967,0.385953,0.467937,0.450756,-0.024088,-0.017118,0.005466,-0.056166,-0.026862,-0.017094,0.004005,0.018050,0.427259,0.003744,0.018281,0.427095,0.018489,0.427658,-2.132543,0.000,0.000,0.000,0.001205,0,0.000
1.1029,0.387157,0.468793,0.450482,0.098900,0.054947,-0.318680,0.385953,0.467938,0.450754,-0.024083,-0.017100,0.005444,-0.026862,-0.002442,-0.026862,0.004005,0.018050,0.427259,0.003745,0.018281,0.427095,0.018489,0.427658,-2.132518,0.000,0.000,0.000,0.001204,0,0.000
1.1128,0.387157,0.468793,0.450101,-0.098900,0.274727,-0.384617,0.385918,0.467903,0.450698,-0.024787,-0.017802,0.011951,-0.036630,-0.012210,-0.002442,0.004088,0.018002,0.427238,0.003745,0.018281,0.427095,0.018460,0.427636,-2.132492,0.000,0.000,0.000,0.001204,0,0.000
1.1223,0.387539,0.468411,0.450101,0.120880,-0.252747,-0.296703,0.385938,0.467884,0.450697,-0.032023,-0.010545,0.011920,-0.046398,-0.021978,0.026862,0.004005,0.017860,0.427245,0.003746,0.018281,0.427095,0.018304,0.427637,-2.132470,0.000,0.000,0.000,0.001621,0,0.000
1.1324,0.387539,0.468793,0.450482,0.208790,0.208790,0.054947,0.386009,0.467976,0.450786,-0.030598,-0.016336,0.006084,-0.036630,-0.017094,-0.021978,0.004005,0.017956,0.427285,0.003746,0.018281,0.427095,0.018398,0.427681,-2.132442,0.000,0.000,0.000,0.001601,0,0.000
1.1428,0.387157,0.468793,0.450482,0.054947,0.010990,0.076923,0.385954,0.467941,0.450750,-0.024065,-0.017036,0.005363,-0.036630,-0.017094,-0.012210,0.004005,0.018050,0.427259,0.003747,0.018281,0.427095,0.018489,0.427658,-2.132427,0.000,0.000,0.000,0.001148,0,0.000
1.1524,0.387157,0.468411,0.450482,0.032967,-0.120880,0.120880,0.385919,0.467887,0.450714,-0.024773,-0.010495,0.004630,-0.056166,-0.017094,-0.007326,0.003922,0.018002,0.427239,0.003747,0.018281,0.427095,0.018424,0.427636,-2.132413,0.000,0.000,0.000,0.001203,0,0.000
1.1626,0.387157,0.468411,0.450482,-0.076923,-0.032967,0.318680,0.385919,0.467887,0.450713,-0.024770,-0.010485,0.004616,-0.026862,-0.007326,0.002442,0.003922,0.018002,0.427239,0.003747,0.018281,0.427095,0.018424,0.427636,-2.132397,0.000,0.000,0.000,0.001239,0,0.000
1.1729,0.387157,0.468793,0.450482,-0.296703,0.428570,0.296703,0.385954,0.467942,0.450748,-0.024057,-0.017006,0.005324,-0.061050,-0.002442,-0.012210,0.004005,0.018050,0.427259,0.003747,0.018281,0.427095,0.018489,0.427658,-2.132383,0.000,0.000,0.000,0.001239,0,0.000
1.1832,0.387157,0.468411,0.450482,0.098900,-0.010990,0.186813,0.385919,0.467888,0.450712,-0.024764,-0.010461,0.004586,-0.026862,-0.021978,-0.017094,0.003922,0.018002,0.427239,0.003748,0.018281,0.427095,0.018424,0.427636,-2.132364,0.000,0.000,0.000,0.001203,0,0.000
1.1949,0.387157,0.468411,0.450101,0.142857,0.318680,-0.296703,0.385884,0.467853,0.450656,-0.025469,-0.011169,0.011100,-0.031746,-0.002442,0.002442,0.004005,0.017954,0.427219,0.003748,0.018281,0.427095,0.018395,0.427614,-2.132346,0.000,0.000,0.000,0.001238,0,0.000
1.2056,0.387157,0.468411,0.450482,0.164837,0.076923,-0.098900,0.385919,0.467889,0.450710,-0.024758,-0.010439,0.004557,-0.056166,-0.036630,0.007326,0.003922,0.018002,0.427239,0.003748,0.018281,0.427095,0.018424,0.427636,-2.132332,0.000,0.000,0.000,0.001273,0,0.000
1.2139,0.386776,0.468411,0.450482,0.010990,0.164837,-0.076923,0.385865,0.467854,0.450674,-0.018225,-0.011140,0.003837,-0.021978,-0.017094,0.002442,0.003922,0.018095,0.427213,0.003749,0.018280,0.427095,0.018515,0.427614,-2.132318,0.000,0.000,0.000,0.000856,0,0.000
1.2236,0.386776,0.468411,0.450482,-0.252747,0.120880,0.032967,0.385865,0.467855,0.450673,-0.018222,-0.011127,0.003820,-0.026862,-0.021978,-0.007326,0.003922,0.018095,0.427213,0.003749,0.018280,0.427095,0.018515,0.427614,-2.132299,0.000,0.000,0.000,0.000911,0,0.000
1.2331,0.386776,0.468411,0.450482,-0.076923,0.186813,0.296703,0.385865,0.467856,0.450672,-0.018218,-0.011113,0.003802,-0.031746,-0.031746,-0.007326,0.003922,0.018095,0.427213,0.003749,0.018280,0.427095,0.018515,0.427614,-2.132279,0.000,0.000,0.000,0.000911,0,0.000
1.2431,0.386776,0.468411,0.450101,0.142857,-0.208790,-0.340660,0.385830,0.467821,0.450616,-0.018922,-0.011815,0.010309,-0.012210,-0.012210,0.012210,0.004005,0.018047,0.427192,0.003750,0.018280,0.427095,0.018486,0.427592,-2.132253,0.000,0.000,0.000,0.000911,0,0.000
1.2533,0.387157,0.468030,0.450482,0.494507,-0.208790,-0.010990,0.385885,0.467838,0.450670,-0.025450,-0.003842,0.003753,-0.021978,-0.007326,-0.002442,0.003838,0.017954,0.427220,0.003750,0.018280,0.427095,0.018359,0.427615,-2.132237,0.000,0.000,0.000,0.001328,0,0.000
1.2633,0.386776,0.468411,0.450101,-0.076923,0.230770,-0.714287,0.385830,0.467822,0.450615,-0.018915,-0.011792,0.010279,-0.036630,-0.017094,-0.007326,0.004005,0.018047,0.427192,0.003750,0.018280,0.427095,0.018486,0.427592,-2.132220,0.000,0.000,0.000,0.000891,0,0.000
1.2740,0.386776,0.468411,0.450482,0.340660,0.538460,0.098900,0.385866,0.467858,0.450669,-0.018203,-0.011057,0.003731,-0.026862,0.002442,0.007326,0.003922,0.018095,0.427213,0.003751,0.018280,0.427095,0.018515,0.427614,-2.132199,0.000,0.000,0.000,0.000946,0,0.000
1.2838,0.386394,0.468411,0.450482,-0.120880,-0.054947,0.098900,0.385811,0.467824,0.450633,-0.011669,-0.011755,0.003005,-0.021978,-0.017094,0.007326,0.003922,0.018189,0.427186,0.003751,0.018280,0.427095,0.018607,0.427592,-2.132181,0.000,0.000,-0.000,0.000553,0,0.000
1.2936,0.386776,0.468411,0.450482,-0.076923,-0.208790,-0.274727,0.385866,0.467860,0.450667,-0.018196,-0.011033,0.003699,-0.046398,-0.036630,-0.012210,0.003922,0.018095,0.427213,0.003751,0.018280,0.427095,0.018515,0.427614,-2.132164,0.000,0.000,-0.000,0.000965,0,0.000
1.3037,0.386394,0.468030,0.450482,-0.032967,-0.208790,0.274727,0.385776,0.467770,0.450595,-0.012374,-0.005203,0.002257,-0.026862,-0.017094,0.012210,0.003838,0.018141,0.427167,0.003752,0.018280,0.427095,0.018542,0.427570,-2.132150,0.000,0.000,-0.000,0.000528,0,0.000
1.3139,0.386394,0.468411,0.450482,-0.296703,0.120880,0.054947,0.385811,0.467825,0.450630,-0.011660,-0.011723,0.002963,-0.031746,-0.012210,0.007326,0.003922,0.018189,0.427186,0.003752,0.018280,0.427095,0.018607,0.427592,-2.132134,0.000,0.000,-0.000,0.000642,0,0.000
1.3237,0.386776,0.468411,0.450482,0.274727,0.120880,0.142857,0.385867,0.467861,0.450665,-0.018187,-0.011000,0.003657,-0.046398,-0.017094,0.007326,0.003922,0.018095,0.427213,0.003752,0.018280,0.427095,0.018515,0.427614,-2.132117,0.000,0.000,-0.000,0.000964,0,0.000
1.3344,0.386394,0.468030,0.450482,-0.186813,-0.186813,0.098900,0.385776,0.467771,0.450593,-0.012365,-0.005169,0.002215,-0.056166,-0.012210,0.007326,0.003838,0.018141,0.427167,0.003752,0.018280,0.427095,0.018542,0.427570,-2.132102,0.000,0.000,-0.000,0.000528,0,0.000
1.3452,0.386394,0.468411,0.450482,0.208790,0.186813,-0.296703,0.385812,0.467827,0.450628,-0.011651,-0.011687,0.002918,-0.002442,-0.021978,-0.021978,0.003922,0.018189,0.427186,0.003753,0.018280,0.427095,0.018607,0.427592,-2.132083,0.000,0.000,-0.000,0.000640,0,0.000
1.3569,0.386394,0.468030,0.450482,0.230770,-0.164837,-0.186813,0.385776,0.467773,0.450591,-0.012358,-0.005144,0.002183,-0.021978,-0.012210,0.012210,0.003838,0.018141,0.427167,0.003753,0.018280,0.427095,0.018542,0.427570,-2.132066,0.000,0.000,-0.000,0.000583,0,0.000
1.3668,0.386013,0.468411,0.450482,-0.230770,0.120880,0.384617,0.385757,0.467793,0.450591,-0.005114,-0.012374,0.002179,-0.017094,-0.017094,-0.007326,0.003922,0.018282,0.427160,0.003753,0.018279,0.427095,0.018698,0.427569,-2.132049,0.000,0.000,-0.000,0.000639,0,0.000
1.3759,0.386013,0.468411,0.450482,-0.296703,0.098900,0.208790,0.385757,0.467793,0.450591,-0.005112,-0.012364,0.002166,-0.012210,-0.002442,-0.007326,0.003922,0.018282,0.427160,0.003754,0.018279,0.427095,0.018698,0.427569,-2.132035,0.000,0.000,-0.000,0.000619,0,0.000
1.3868,0.386013,0.468030,0.450482,-0.230770,0.098900,0.010990,0.385722,0.467739,0.450554,-0.005819,-0.005819,0.001428,-0.012210,0.002442,-0.026862,0.003838,0.018234,0.427141,0.003754,0.018279,0.427095,0.018634,0.427547,-2.132015,0.000,0.000,-0.000,0.000256,0,0.000
1.3962,0.386013,0.468030,0.450482,0.032967,-0.230770,0.406593,0.385722,0.467740,0.450553,-0.005814,-0.005803,0.001407,-0.002442,-0.021978,0.026862,0.003838,0.018234,0.427141,0.003754,0.018279,0.427095,0.018634,0.427547,-2.131991,0.000,0.000,-0.000,0.000291,0,0.000
1.4065,0.386013,0.468411,0.450482,0.296703,0.032967,-0.098900,0.385758,0.467795,0.450588,-0.005099,-0.012318,0.002107,0.002442,-0.026862,-0.046398,0.003922,0.018282,0.427160,0.003755,0.018279,0.427095,0.018698,0.427569,-2.131969,0.000,0.000,-0.000,0.000672,0,0.000
1.4163,0.386013,0.468411,0.450482,0.516483,0.120880,-0.186813,0.385758,0.467796,0.450587,-0.005096,-0.012307,0.002093,-0.021978,-0.031746,-0.026862,0.003922,0.018282,0.427160,0.003755,0.018279,0.427095,0.018698,0.427569,-2.131953,0.000,0.000,-0.000,0.000616,0,0.000
1.4270,0.385631,0.468411,0.450482,0.010990,0.120880,-0.098900,0.385703,0.467761,0.450551,0.001437,-0.013007,0.001371,-0.012210,-0.026862,-0.012210,0.003921,0.018376,0.427133,0.003755,0.018279,0.427095,0.018790,0.427547,-2.131938,0.000,0.000,-0.000,0.000615,0,0.000
1.4374,0.385631,0.468030,0.450482,-0.098900,0.230770,-0.186813,0.385668,0.467707,0.450514,0.000729,-0.006467,0.000638,-0.002442,-0.007326,0.002442,0.003838,0.018328,0.427114,0.003756,0.018279,0.427095,0.018725,0.427525,-2.131924,0.000,0.000,-0.000,0.000269,0,0.000
1.4472,0.385631,0.468030,0.450482,0.054947,-0.164837,0.142857,0.385668,0.467707,0.450514,0.000731,-0.006458,0.000628,-0.041514,-0.017094,-0.007326,0.003838,0.018328,0.427114,0.003756,0.018279,0.427095,0.018725,0.427525,-2.131912,0.000,0.000,-0.000,0.000323,0,0.000
1.4577,0.385631,0.468030,0.450482,-0.010990,-0.318680,-0.142857,0.385668,0.467707,0.450514,0.000731,-0.006457,0.000626,0.036630,-0.017094,-0.012210,0.003838,0.018328,0.427114,0.003756,0.018279,0.427095,0.018725,0.427525,-2.131910,0.000,0.000,-0.000,0.000323,0,0.000
1.4674,0.385631,0.468411,0.450482,0.098900,0.164837,0.230770,0.385704,0.467762,0.450549,0.001445,-0.012978,0.001333,0.007326,-0.026862,-0.017094,0.003921,0.018376,0.427133,0.003756,0.018279,0.427095,0.018790,0.427547,-2.131896,0.000,0.000,-0.000,0.000704,0,0.000
1.4779,0.385250,0.468030,0.450482,-0.186813,-0.274727,-0.032967,0.385613,0.467672,0.450477,0.007266,-0.007150,-0.000105,0.017094,-0.007326,0.002442,0.003838,0.018421,0.427088,0.003756,0.018279,0.427095,0.018817,0.427502,-2.131885,0.000,0.000,-0.000,0.000454,0,0.000
1.4876,0.385631,0.468030,0.450864,0.340660,-0.208790,0.450550,0.385704,0.467744,0.450567,0.001447,-0.005710,-0.005938,-0.012210,-0.007326,-0.007326,0.003755,0.018376,0.427135,0.003757,0.018279,0.427095,0.018755,0.427547,-2.131871,0.000,0.000,-0.000,0.000387,0,0.000
1.4980,0.385631,0.468030,0.450482,-0.274727,-0.010990,0.098900,0.385668,0.467709,0.450512,0.000740,-0.006426,0.000586,-0.051282,-0.021978,0.012210,0.003838,0.018328,0.427114,0.003757,0.018279,0.427095,0.018725,0.427525,-2.131865,0.000,0.000,-0.000,0.000286,0,0.000
1.5076,0.385250,0.468411,0.450482,0.032967,0.428570,-0.186813,0.385649,0.467728,0.450511,0.007983,-0.013657,0.000584,0.026862,-0.007326,-0.002442,0.003921,0.018469,0.427107,0.003757,0.018279,0.427095,0.018881,0.427524,-2.131850,0.000,0.000,-0.000,0.000703,0,0.000
1.5187,0.385250,0.468030,0.450482,-0.142857,-0.186813,0.252747,0.385614,0.467674,0.450475,0.007275,-0.007116,-0.000149,0.031746,-0.017094,-0.002442,0.003838,0.018421,0.427088,0.003757,0.018279,0.427095,0.018817,0.427502,-2.131835,0.000,0.000,-0.000,0.000399,0,0.000
1.5281,0.385250,0.468030,0.450482,0.032967,0.054947,-0.098900,0.385614,0.467674,0.450475,0.007276,-0.007112,-0.000155,0.012210,-0.017094,0.007326,0.003838,0.018421,0.427088,0.003757,0.018279,0.427095,0.018817,0.427502,-2.131830,0.000,0.000,-0.000,0.000364,0,0.000
1.5384,0.385250,0.468030,0.450101,-0.010990,0.010990,-0.120880,0.385578,0.467639,0.450419,0.006569,-0.007825,0.006367,0.021978,-0.002442,0.007326,0.003921,0.018373,0.427067,0.003758,0.018279,0.427095,0.018787,0.427480,-2.131820,0.000,0.000,-0.000,0.000374,0,0.000
1.5480,0.385250,0.468411,0.450482,0.142857,0.230770,-0.010990,0.385650,0.467730,0.450509,0.007992,-0.013626,0.000544,0.012210,-0.012210,-0.036630,0.003921,0.018469,0.427107,0.003758,0.018279,0.427095,0.018881,0.427524,-2.131806,0.000,0.000,-0.000,0.000773,0,0.000
1.5575,0.385250,0.468030,0.450482,-0.076923,-0.054947,0.010990,0.385614,0.467676,0.450473,0.007284,-0.007084,-0.000190,-0.021978,-0.026862,-0.051282,0.003838,0.018421,0.427088,0.003758,0.018278,0.427095,0.018817,0.427502,-2.131790,0.000,0.000,-0.000,0.000400,0,0.000
1.5666,0.385250,0.468411,0.450482,-0.010990,0.406593,0.186813,0.385650,0.467731,0.450508,0.007996,-0.013609,0.000522,-0.012210,-0.026862,-0.036630,0.003921,0.018469,0.427107,0.003758,0.018278,0.427095,0.018881,0.427524,-2.131781,0.000,0.000,-0.000,0.000736,0,0.000
1.5767,0.385250,0.468030,0.450482,0.274727,-0.230770,0.252747,0.385614,0.467676,0.450472,0.007288,-0.007070,-0.000208,0.021978,-0.036630,-0.017094,0.003838,0.018421,0.427088,0.003759,0.018278,0.427095,0.018817,0.427502,-2.131770,0.000,0.000,-0.000,0.000400,0,0.000
1.5885,0.384869,0.468411,0.450482,0.120880,0.274727,0.296703,0.385595,0.467696,0.450472,0.014528,-0.014313,-0.000196,0.017094,-0.036630,-0.021978,0.003921,0.018563,0.427080,0.003759,0.018278,0.427095,0.018972,0.427502,-2.131771,0.000,0.000,-0.000,0.000746,0,0.000
1.5986,0.384869,0.468411,0.450482,-0.054947,0.516483,0.120880,0.385595,0.467696,0.450472,0.014529,-0.014311,-0.000198,0.017094,-0.026862,0.036630,0.003921,0.018563,0.427080,0.003759,0.018278,0.427095,0.018972,0.427502,-2.131769,0.000,0.000,-0.000,0.000726,0,0.000
1.6075,0.384869,0.468030,0.450482,-0.120880,0.076923,0.010990,0.385559,0.467641,0.450436,0.013820,-0.007774,-0.000926,-0.017094,-0.031746,0.002442,0.003838,0.018515,0.427061,0.003759,0.018278,0.427095,0.018908,0.427480,-2.131759,0.000,0.000,-0.000,0.000726,0,0.000
1.6180,0.384869,0.468411,0.450482,-0.230770,0.274727,0.362637,0.385595,0.467696,0.450472,0.014532,-0.014300,-0.000212,-0.017094,-0.017094,0.002442,0.003921,0.018563,0.427080,0.003759,0.018278,0.427095,0.018972,0.427502,-2.131752,0.000,0.000,-0.000,0.000770,0,0.000
1.6278,0.384869,0.468411,0.450482,0.010990,0.120880,0.032967,0.385595,0.467697,0.450471,0.014534,-0.014291,-0.000223,0.002442,-0.031746,-0.021978,0.003921,0.018563,0.427080,0.003759,0.018278,0.427095,0.018972,0.427502,-2.131741,0.000,0.000,-0.000,0.000727,0,0.000
1.6388,0.384487,0.468411,0.450482,-0.208790,0.428570,0.340660,0.385540,0.467662,0.450435,0.021066,-0.014992,-0.000944,0.007326,-0.012210,0.012210,0.003921,0.018656,0.427054,0.003759,0.018278,0.427095,0.019064,0.427479,-2.131726,0.000,0.000,-0.000,0.001108,0,0.000
1.6478,0.384487,0.468030,0.450482,-0.296703,0.120880,0.230770,0.385505,0.467607,0.450399,0.020357,-0.008458,-0.001669,0.031746,-0.017094,-0.031746,0.003838,0.018608,0.427035,0.003759,0.018278,0.427095,0.019000,0.427457,-2.131721,0.000,0.000,-0.000,0.001053,0,0.000
1.6591,0.384487,0.468030,0.450101,-0.340660,-0.120880,-0.318680,0.385469,0.467571,0.450344,0.019649,-0.009175,0.004856,0.041514,-0.046398,-0.021978,0.003921,0.018560,0.427014,0.003760,0.018278,0.427095,0.018970,0.427435,-2.131716,0.000,0.000,-0.000,0.001018,0,0.000
1.6681,0.384869,0.468411,0.450482,0.318680,0.186813,0.120880,0.385595,0.467698,0.450470,0.014539,-0.014274,-0.000246,0.056166,-0.031746,0.007326,0.003921,0.018563,0.427080,0.003760,0.018278,0.427095,0.018972,0.427502,-2.131715,0.000,0.000,-0.000,0.000840,0,0.000
1.6779,0.384869,0.468030,0.450101,0.340660,-0.186813,-0.362637,0.385525,0.467607,0.450379,0.013121,-0.008456,0.005555,0.021978,-0.021978,-0.031746,0.003921,0.018467,0.427041,0.003760,0.018278,0.427095,0.018878,0.427458,-2.131705,0.000,0.000,-0.000,0.000727,0,0.000
1.6890,0.384869,0.468030,0.450482,0.274727,-0.010990,0.098900,0.385560,0.467643,0.450433,0.013831,-0.007732,-0.000979,-0.002442,-0.012210,-0.026862,0.003838,0.018515,0.427061,0.003760,0.018278,0.427095,0.018908,0.427480,-2.131700,0.000,0.000,-0.000,0.000656,0,0.000
1.7001,0.384487,0.468030,0.450482,-0.274727,-0.054947,-0.120880,0.385505,0.467608,0.450398,0.020362,-0.008440,-0.001692,-0.021978,-0.036630,0.002442,0.003838,0.018608,0.427035,0.003760,0.018278,0.427095,0.019000,0.427457,-2.131695,0.000,0.000,-0.000,0.001073,0,0.000
1.7100,0.384487,0.468030,0.450482,-0.120880,-0.142857,0.362637,0.385505,0.467608,0.450397,0.020362,-0.008437,-0.001695,0.041514,-0.021978,0.002442,0.003838,0.018608,0.427035,0.003760,0.018278,0.427095,0.019000,0.427457,-2.131692,0.000,0.000,-0.000,0.001018,0,0.000
1.7213,0.384487,0.468411,0.450482,0.208790,0.032967,0.120880,0.385541,0.467663,0.450433,0.021073,-0.014967,-0.000977,0.007326,-0.026862,-0.017094,0.003921,0.018656,0.427054,0.003760,0.018278,0.427095,0.019064,0.427479,-2.131690,0.000,0.000,-0.000,0.001018,0,0.000
1.7305,0.384487,0.468411,0.450482,-0.120880,0.186813,0.164837,0.385541,0.467663,0.450433,0.021074,-0.014963,-0.000982,0.012210,-0.012210,-0.017094,0.003921,0.018656,0.427054,0.003760,0.018278,0.427095,0.019064,0.427479,-2.131684,0.000,0.000,-0.000,0.001054,0,0.000
1.7411,0.384487,0.468030,0.450101,-0.054947,-0.076923,-0.098900,0.385470,0.467572,0.450342,0.019655,-0.009152,0.004827,0.017094,-0.031746,0.017094,0.003921,0.018560,0.427014,0.003760,0.018278,0.427095,0.018970,0.427435,-2.131684,0.000,0.000,-0.000,0.001054,0,0.000
1.7511,0.384487,0.468411,0.450482,-0.054947,0.076923,-0.032967,0.385541,0.467663,0.450433,0.021075,-0.014962,-0.000983,0.026862,-0.041514,-0.017094,0.003921,0.018656,0.427054,0.003760,0.018278,0.427095,0.019064,0.427479,-2.131683,0.000,0.000,-0.000,0.000983,0,0.000
1.7609,0.384487,0.468030,0.450482,-0.032967,-0.186813,-0.120880,0.385505,0.467608,0.450397,0.020363,-0.008433,-0.001700,0.021978,-0.041514,-0.026862,0.003838,0.018608,0.427035,0.003760,0.018278,0.427095,0.019000,0.427457,-2.131686,0.000,0.000,-0.000,0.001054,0,0.000
1.7708,0.384487,0.468030,0.450482,0.032967,-0.032967,0.208790,0.385505,0.467608,0.450397,0.020364,-0.008433,-0.001701,0.021978,-0.026862,-0.021978,0.003838,0.018608,0.427035,0.003760,0.018278,0.427095,0.019000,0.427457,-2.131685,0.000,0.000,-0.000,0.001018,0,0.000
1.7809,0.384487,0.468411,0.450482,0.054947,0.076923,0.362637,0.385541,0.467663,0.450433,0.021074,-0.014965,-0.000979,0.026862,-0.036630,0.002442,0.003921,0.018656,0.427054,0.003760,0.018278,0.427095,0.019064,0.427479,-2.131687,0.000,0.000,-0.000,0.001018,0,0.000
1.7906,0.384869,0.468030,0.450482,0.802197,-0.296703,0.406593,0.385560,0.467644,0.450433,0.013834,-0.007723,-0.000991,0.036630,-0.036630,-0.017094,0.003838,0.018515,0.427061,0.003760,0.018278,0.427095,0.018908,0.427480,-2.131687,0.000,0.000,-0.000,0.000672,0,0.000
1.8010,0.384487,0.468030,0.450101,0.142857,-0.120880,-0.230770,0.385470,0.467572,0.450342,0.019654,-0.009154,0.004831,0.036630,-0.031746,-0.021978,0.003921,0.018560,0.427014,0.003760,0.018278,0.427095,0.018970,0.427435,-2.131688,0.000,0.000,-0.000,0.001073,0,0.000
1.8110,0.384487,0.468411,0.450482,-0.186813,0.164837,0.120880,0.385541,0.467663,0.450433,0.021074,-0.014963,-0.000982,0.021978,-0.046398,-0.021978,0.003921,0.018656,0.427054,0.003760,0.018278,0.427095,0.019064,0.427479,-2.131684,0.000,0.000,-0.000,0.000983,0,0.000
1.8209,0.384487,0.468411,0.450482,-0.340660,0.142857,-0.010990,0.385541,0.467663,0.450433,0.021075,-0.014959,-0.000986,-0.007326,-0.031746,0.007326,0.003921,0.018656,0.427054,0.003760,0.018278,0.427095,0.019064,0.427479,-2.131679,0.000,0.000,-0.000,0.001054,0,0.000
1.8309,0.384869,0.468030,0.450482,0.098900,-0.076923,0.142857,0.385560,0.467644,0.450432,0.013835,-0.007719,-0.000996,-0.002442,-0.021978,-0.017094,0.003838,0.018515,0.427061,0.003760,0.018278,0.427095,0.018908,0.427480,-2.131681,0.000,0.000,-0.000,0.000672,0,0.000
1.8411,0.384869,0.468411,0.450482,0.142857,0.428570,0.010990,0.385596,0.467699,0.450469,0.014544,-0.014254,-0.000270,-0.041514,-0.041514,-0.012210,0.003921,0.018563,0.427080,0.003760,0.018278,0.427095,0.018972,0.427502,-2.131687,0.000,0.000,-0.000,0.000767,0,0.000
1.8515,0.384869,0.468411,0.450482,0.076923,0.054947,-0.054947,0.385596,0.467699,0.450469,0.014544,-0.014255,-0.000269,-0.007326,-0.012210,-0.026862,0.003921,0.018563,0.427080,0.003760,0.018278,0.427095,0.018972,0.427502,-2.131688,0.000,0.000,-0.000,0.000727,0,0.000
1.8614,0.384869,0.468411,0.450101,0.032967,-0.054947,-0.120880,0.385560,0.467662,0.450414,0.013834,-0.014978,0.006264,0.002442,-0.017094,-0.002442,0.004005,0.018515,0.427060,0.003760,0.018278,0.427095,0.018943,0.427480,-2.131692,0.000,0.000,-0.000,0.000727,0,0.000
1.8715,0.384869,0.468030,0.450101,0.098900,-0.208790,-0.274727,0.385525,0.467607,0.450378,0.013122,-0.008454,0.005553,-0.017094,-0.007326,-0.002442,0.003921,0.018467,0.427041,0.003760,0.018278,0.427095,0.018878,0.427458,-2.131702,0.000,0.000,-0.000,0.000692,0,0.000
1.8817,0.384869,0.468411,0.450482,-0.186813,-0.142857,0.406593,0.385596,0.467698,0.450470,0.014540,-0.014268,-0.000253,0.002442,-0.046398,-0.012210,0.003921,0.018563,0.427080,0.003760,0.018278,0.427095,0.018972,0.427502,-2.131707,0.000,0.000,-0.000,0.000804,0,0.000
1.8918,0.384869,0.468411,0.450482,0.032967,-0.252747,-0.142857,0.385595,0.467698,0.450470,0.014540,-0.014271,-0.000249,-0.021978,-0.017094,-0.007326,0.003921,0.018563,0.427080,0.003760,0.018278,0.427095,0.018972,0.427502,-2.131711,0.000,0.000,-0.000,0.000727,0,0.000
1.9019,0.384869,0.468411,0.450482,-0.010990,-0.120880,0.164837,0.385595,0.467698,0.450470,0.014538,-0.014276,-0.000243,0.017094,-0.031746,0.012210,0.003921,0.018563,0.427080,0.003759,0.018278,0.427095,0.018972,0.427502,-2.131718,0.000,0.000,-0.000,0.000727,0,0.000
1.9117,0.385250,0.468411,0.450482,0.406593,0.296703,0.186813,0.385650,0.467733,0.450506,0.008008,-0.013568,0.000470,0.021978,-0.026862,0.002442,0.003921,0.018469,0.427107,0.003759,0.018278,0.427095,0.018881,0.427524,-2.131722,0.000,0.000,-0.000,0.000714,0,0.000
1.9248,0.385250,0.468411,0.450101,0.186813,0.186813,-0.274727,0.385615,0.467697,0.450451,0.007297,-0.014296,0.007010,-0.002442,-0.002442,-0.007326,0.004005,0.018421,0.427086,0.003759,0.018278,0.427095,0.018852,0.427502,-2.131734,0.000,0.000,-0.000,0.000678,0,0.000
1.9333,0.384869,0.468411,0.450482,-0.076923,0.208790,0.032967,0.385595,0.467697,0.450471,0.014534,-0.014291,-0.000223,0.002442,-0.031746,-0.031746,0.003921,0.018563,0.427080,0.003759,0.018278,0.427095,0.018972,0.427502,-2.131740,0.000,0.000,-0.000,0.000746,0,0.000
1.9442,0.385250,0.468411,0.450482,0.098900,-0.120880,0.054947,0.385650,0.467732,0.450507,0.008003,-0.013586,0.000492,-0.026862,-0.017094,0.002442,0.003921,0.018469,0.427107,0.003759,0.018278,0.427095,0.018881,0.427524,-2.131748,0.000,0.000,-0.000,0.000715,0,0.000
1.9542,0.385250,0.468411,0.450482,0.208790,-0.098900,0.208790,0.385650,0.467732,0.450507,0.008001,-0.013593,0.000502,-0.002442,-0.036630,-0.012210,0.003921,0.018469,0.427107,0.003759,0.018278,0.427095,0.018881,0.427524,-2.131758,0.000,0.000,-0.000,0.000679,0,0.000
1.9618,0.385250,0.468411,0.450482,0.098900,0.230770,0.186813,0.385650,0.467731,0.450508,0.007999,-0.013599,0.000509,0.017094,-0.012210,-0.017094,0.003921,0.018469,0.427107,0.003759,0.018278,0.427095,0.018881,0.427524,-2.131767,0.000,0.000,-0.000,0.000680,0,0.000
1.9717,0.385250,0.468411,0.450482,0.406593,0.054947,0.516483,0.385650,0.467731,0.450508,0.007998,-0.013603,0.000514,-0.012210,-0.007326,0.007326,0.003921,0.018469,0.427107,0.003758,0.018278,0.427095,0.018881,0.427524,-2.131772,0.000,0.000,-0.000,0.000680,0,0.000
1.9815,0.385250,0.468411,0.450482,-0.076923,-0.076923,0.164837,0.385650,0.467731,0.450508,0.007998,-0.013605,0.000518,0.007326,-0.026862,-0.017094,0.003921,0.018469,0.427107,0.003758,0.018278,0.427095,0.018881,0.427524,-2.131776,0.000,0.000,-0.000,0.000680,0,0.000
1.9917,0.385250,0.468411,0.450482,-0.076923,-0.384617,-0.054947,0.385650,0.467731,0.450508,0.007996,-0.013611,0.000525,-0.002442,-0.051282,-0.021978,0.003921,0.018469,0.427107,0.003758,0.018278,0.427095,0.018881,0.427524,-2.131784,0.000,0.000,-0.000,0.000680,0,0.000
2.0022,0.384869,0.468411,0.450101,-0.142857,-0.384617,-0.120880,0.385559,0.467659,0.450419,0.013815,-0.015049,0.006355,0.017094,-0.046398,0.002442,0.004005,0.018515,0.427060,0.003758,0.018278,0.427095,0.018943,0.427480,-2.131795,0.000,0.000,-0.000,0.000781,0,0.000
2.0124,0.385250,0.468411,0.450101,0.120880,0.120880,-0.318680,0.385614,0.467694,0.450454,0.007284,-0.014342,0.007069,0.041514,-0.017094,-0.002442,0.004005,0.018421,0.427086,0.003758,0.018279,0.427095,0.018852,0.427502,-2.131800,0.000,0.000,-0.000,0.000752,0,0.000
2.0253,0.385250,0.468411,0.450482,-0.142857,0.230770,0.010990,0.385650,0.467730,0.450509,0.007993,-0.013623,0.000540,-0.017094,-0.007326,0.012210,0.003921,0.018469,0.427107,0.003758,0.018279,0.427095,0.018881,0.427524,-2.131801,0.000,0.000,-0.000,0.000717,0,0.000
2.0346,0.385250,0.468411,0.450482,0.208790,0.098900,-0.054947,0.385650,0.467730,0.450509,0.007992,-0.013627,0.000545,0.007326,-0.002442,-0.026862,0.003921,0.018469,0.427107,0.003758,0.018279,0.427095,0.018881,0.427524,-2.131807,0.000,0.000,-0.000,0.000681,0,0.000
2.0419,0.385250,0.468793,0.450101,-0.010990,-0.010990,-0.274727,0.385650,0.467749,0.450491,0.007991,-0.020886,0.007805,-0.017094,-0.041514,-0.012210,0.004088,0.018470,0.427105,0.003758,0.018279,0.427095,0.018917,0.427524,-2.131818,0.000,0.000,-0.000,0.001063,0,0.000
2.0524,0.385250,0.468411,0.450482,0.032967,-0.098900,0.164837,0.385649,0.467729,0.450510,0.007988,-0.013639,0.000560,-0.002442,-0.021978,-0.021978,0.003921,0.018469,0.427107,0.003758,0.018279,0.427095,0.018881,0.427524,-2.131824,0.000,0.000,-0.000,0.000663,0,0.000
2.0625,0.385250,0.468793,0.450482,0.296703,0.164837,0.054947,0.385685,0.467784,0.450547,0.008696,-0.020182,0.001296,0.017094,-0.041514,-0.007326,0.004005,0.018518,0.427126,0.003757,0.018279,0.427095,0.018946,0.427546,-2.131841,0.000,0.000,-0.000,0.001063,0,0.000
2.0726,0.385250,0.468793,0.450482,-0.076923,0.142857,-0.076923,0.385685,0.467783,0.450548,0.008694,-0.020189,0.001305,-0.002442,-0.031746,-0.021978,0.004005,0.018518,0.427126,0.003757,0.018279,0.427095,0.018946,0.427546,-2.131852,0.000,0.000,-0.000,0.001009,0,0.000
2.0825,0.385250,0.468793,0.450482,-0.142857,0.208790,0.142857,0.385685,0.467783,0.450548,0.008691,-0.020198,0.001317,0.002442,-0.026862,-0.002442,0.004005,0.018518,0.427126,0.003757,0.018279,0.427095,0.018946,0.427546,-2.131865,0.000,0.000,-0.000,0.001009,0,0.000
2.0926,0.385250,0.468793,0.450482,0.054947,-0.098900,0.296703,0.385684,0.467782,0.450549,0.008688,-0.020208,0.001330,0.007326,-0.061050,0.012210,0.004005,0.018518,0.427126,0.003757,0.018279,0.427095,0.018946,0.427546,-2.131879,0.000,0.000,-0.000,0.001010,0,0.000
2.1027,0.385250,0.468793,0.450482,-0.142857,0.186813,0.098900,0.385684,0.467782,0.450549,0.008687,-0.020213,0.001337,-0.007326,-0.046398,-0.017094,0.004005,0.018518,0.427126,0.003756,0.018279,0.427095,0.018946,0.427546,-2.131887,0.000,0.000,-0.000,0.001010,0,0.000
2.1128,0.385631,0.468793,0.450101,0.142857,0.164837,-0.296703,0.385704,0.467781,0.450530,0.001446,-0.020231,0.008586,-0.021978,-0.065934,-0.017094,0.004088,0.018376,0.427132,0.003756,0.018279,0.427095,0.018825,0.427546,-2.131899,0.000,0.000,-0.000,0.001011,0,0.000
2.1227,0.385250,0.468793,0.450101,0.164837,-0.054947,-0.406593,0.385649,0.467745,0.450495,0.007973,-0.020952,0.007890,0.021978,-0.051282,-0.007326,0.004088,0.018470,0.427105,0.003756,0.018279,0.427095,0.018917,0.427524,-2.131914,0.000,0.000,-0.000,0.001012,0,0.000
2.1329,0.385250,0.468793,0.450864,-0.076923,0.032967,0.406593,0.385719,0.467817,0.450606,0.009388,-0.019522,-0.005157,0.017094,-0.070818,-0.017094,0.003922,0.018566,0.427147,0.003756,0.018279,0.427095,0.018975,0.427568,-2.131927,0.000,0.000,-0.000,0.001048,0,0.000
2.1429,0.385631,0.468793,0.450101,0.450550,0.010990,-0.296703,0.385703,0.467780,0.450532,0.001438,-0.020262,0.008625,0.007326,-0.041514,0.002442,0.004088,0.018376,0.427132,0.003755,0.018279,0.427095,0.018825,0.427546,-2.131943,0.000,0.000,-0.000,0.000976,0,0.000
2.1530,0.385250,0.468793,0.450101,0.120880,-0.054947,-0.274727,0.385648,0.467744,0.450497,0.007964,-0.020984,0.007930,0.007326,-0.021978,-0.021978,0.004088,0.018470,0.427105,0.003755,0.018279,0.427095,0.018917,0.427524,-2.131959,0.000,0.000,-0.000,0.001013,0,0.000
2.1632,0.385250,0.469174,0.450482,-0.054947,0.208790,-0.010990,0.385719,0.467834,0.450589,0.009381,-0.026806,0.002135,-0.036630,-0.031746,-0.021978,0.004089,0.018566,0.427145,0.003755,0.018279,0.427095,0.019011,0.427568,-2.131975,0.000,0.000,-0.000,0.001431,0,0.000
2.1733,0.385631,0.469174,0.450482,0.252747,0.032967,0.032967,0.385774,0.467869,0.450625,0.002849,-0.026103,0.002855,-0.007326,-0.070818,0.002442,0.004089,0.018472,0.427172,0.003755,0.018279,0.427095,0.018919,0.427590,-2.131987,0.000,0.000,-0.000,0.001340,0,0.000
2.1837,0.385250,0.469174,0.450482,-0.032967,0.186813,0.186813,0.385719,0.467833,0.450590,0.009375,-0.026826,0.002161,-0.012210,-0.051282,0.012210,0.004089,0.018566,0.427145,0.003754,0.018279,0.427095,0.019011,0.427568,-2.132004,0.000,0.000,-0.000,0.001305,0,0.000
2.1933,0.385250,0.469174,0.450482,-0.054947,-0.142857,0.406593,0.385719,0.467833,0.450591,0.009373,-0.026835,0.002173,-0.002442,-0.036630,-0.041514,0.004089,0.018566,0.427145,0.003754,0.018279,0.427095,0.019011,0.427568,-2.132017,0.000,0.000,-0.000,0.001341,0,0.000
2.2034,0.385250,0.469556,0.450482,-0.098900,0.538460,0.362637,0.385754,0.467887,0.450628,0.010081,-0.033376,0.002906,-0.007326,-0.046398,-0.017094,0.004173,0.018614,0.427164,0.003754,0.018279,0.427095,0.019076,0.427590,-2.132032,0.000,0.000,-0.000,0.001723,0,0.000
2.2136,0.385250,0.469174,0.450482,0.010990,-0.076923,-0.054947,0.385718,0.467831,0.450592,0.009367,-0.026857,0.002201,-0.007326,-0.061050,-0.036630,0.004089,0.018566,0.427145,0.003753,0.018279,0.427095,0.019011,0.427568,-2.132049,0.000,0.000,-0.000,0.001287,0,0.000
2.2237,0.385250,0.469174,0.450101,-0.010990,0.054947,-0.186813,0.385683,0.467795,0.450538,0.008655,-0.027588,0.008744,0.021978,-0.026862,-0.017094,0.004172,0.018518,0.427124,0.003753,0.018280,0.427095,0.018982,0.427546,-2.132064,0.000,0.000,-0.000,0.001343,0,0.000
2.2336,0.385631,0.469556,0.450482,0.538460,0.164837,0.054947,0.385809,0.467921,0.450665,0.003542,-0.032697,0.003655,-0.021978,-0.051282,0.012210,0.004173,0.018521,0.427191,0.003753,0.018280,0.427095,0.018985,0.427612,-2.132077,0.000,0.000,-0.000,0.001761,0,0.000
2.2439,0.385250,0.469174,0.450101,0.120880,-0.428570,-0.164837,0.385682,0.467794,0.450540,0.008648,-0.027613,0.008776,0.007326,-0.051282,-0.002442,0.004172,0.018518,0.427124,0.003753,0.018280,0.427095,0.018982,0.427546,-2.132099,0.000,0.000,-0.000,0.001253,0,0.000
2.2538,0.385631,0.469556,0.450482,0.472527,-0.054947,-0.010990,0.385808,0.467919,0.450667,0.003534,-0.032726,0.003692,-0.012210,-0.075702,-0.002442,0.004173,0.018521,0.427191,0.003752,0.018280,0.427095,0.018985,0.427612,-2.132118,0.000,0.000,-0.000,0.001762,0,0.000
2.2640,0.385631,0.469556,0.450482,0.164837,-0.010990,0.142857,0.385808,0.467919,0.450668,0.003531,-0.032738,0.003708,-0.007326,-0.051282,-0.007326,0.004173,0.018521,0.427191,0.003752,0.018280,0.427095,0.018985,0.427612,-2.132136,0.000,0.000,-0.000,0.001636,0,0.000
2.2742,0.385250,0.469556,0.450482,-0.252747,0.098900,0.186813,0.385753,0.467883,0.450633,0.010059,-0.033457,0.003009,-0.012210,-0.051282,-0.012210,0.004173,0.018614,0.427164,0.003752,0.018280,0.427095,0.019076,0.427590,-2.132147,0.000,0.000,-0.000,0.001637,0,0.000
2.2845,0.385250,0.469556,0.450482,-0.208790,-0.098900,0.032967,0.385753,0.467882,0.450633,0.010056,-0.033466,0.003021,-0.021978,-0.070818,-0.012210,0.004173,0.018614,0.427164,0.003751,0.018280,0.427095,0.019076,0.427590,-2.132161,0.000,0.000,-0.000,0.001673,0,0.000
2.2942,0.385631,0.469937,0.450482,0.142857,0.384617,-0.010990,0.385843,0.467972,0.450706,0.004233,-0.039300,0.004467,-0.012210,-0.036630,-0.017094,0.004256,0.018569,0.427210,0.003751,0.018280,0.427095,0.019050,0.427634,-2.132180,0.000,0.000,-0.000,0.002055,0,0.000
2.3043,0.385250,0.469556,0.450101,0.032967,0.010990,-0.120880,0.385717,0.467845,0.450580,0.009339,-0.034215,0.009588,0.036630,-0.065934,-0.002442,0.004256,0.018566,0.427143,0.003751,0.018280,0.427095,0.019048,0.427568,-2.132202,0.000,0.000,-0.000,0.001584,0,0.000
2.3149,0.385250,0.469556,0.450482,-0.472527,0.054947,0.450550,0.385752,0.467880,0.450636,0.010044,-0.033507,0.003073,-0.017094,-0.056166,-0.007326,0.004173,0.018614,0.427164,0.003750,0.018280,0.427095,0.019076,0.427590,-2.132219,0.000,0.000,-0.000,0.001711,0,0.000
2.3244,0.385250,0.469556,0.450482,0.032967,0.076923,0.076923,0.385752,0.467880,0.450636,0.010042,-0.033515,0.003084,0.002442,-0.056166,-0.021978,0.004173,0.018614,0.427164,0.003750,0.018280,0.427095,0.019076,0.427590,-2.132231,0.000,0.000,-0.000,0.001675,0,0.000
2.3350,0.385250,0.469556,0.450101,-0.054947,-0.428570,-0.186813,0.385716,0.467843,0.450582,0.009329,-0.034251,0.009634,-0.002442,-0.080586,-0.012210,0.004256,0.018566,0.427143,0.003750,0.018280,0.427095,0.019048,0.427568,-2.132254,0.000,0.000,-0.000,0.001676,0,0.000
2.3449,0.385250,0.469556,0.450101,-0.208790,-0.076923,-0.142857,0.385716,0.467843,0.450583,0.009326,-0.034263,0.009648,-0.002442,-0.017094,-0.002442,0.004256,0.018566,0.427143,0.003749,0.018280,0.427095,0.019048,0.427568,-2.132270,0.000,0.000,-0.000,0.001713,0,0.000
2.3549,0.385631,0.469937,0.450482,0.054947,-0.032967,0.054947,0.385842,0.467968,0.450710,0.004212,-0.039375,0.004563,-0.017094,-0.046398,-0.017094,0.004256,0.018569,0.427210,0.003749,0.018280,0.427095,0.019050,0.427634,-2.132287,0.000,0.000,-0.000,0.002095,0,0.000
2.3648,0.385250,0.469937,0.450482,-0.098900,0.274727,0.010990,0.385787,0.467932,0.450676,0.010739,-0.040099,0.003871,0.021978,-0.075702,-0.012210,0.004256,0.018662,0.427183,0.003749,0.018280,0.427095,0.019142,0.427612,-2.132306,0.000,0.000,0.000,0.001969,0,0.000
2.3751,0.385250,0.469937,0.450482,0.032967,0.208790,-0.208790,0.385787,0.467931,0.450677,0.010733,-0.040119,0.003897,-0.017094,-0.046398,-0.036630,0.004256,0.018662,0.427183,0.003748,0.018281,0.427095,0.019142,0.427612,-2.132335,0.000,0.000,0.000,0.002005,0,0.000
2.3850,0.385250,0.469937,0.450101,-0.120880,0.098900,-0.296703,0.385751,0.467895,0.450623,0.010021,-0.040849,0.010439,-0.007326,-0.065934,-0.021978,0.004340,0.018614,0.427162,0.003748,0.018281,0.427095,0.019114,0.427590,-2.132349,0.000,0.000,0.000,0.002006,0,0.000
2.3953,0.385631,0.469937,0.450482,0.164837,0.098900,0.252747,0.385841,0.467966,0.450714,0.004196,-0.039433,0.004637,0.007326,-0.056166,0.007326,0.004256,0.018569,0.427210,0.003748,0.018281,0.427095,0.019050,0.427634,-2.132370,0.000,0.000,0.000,0.002042,0,0.000
2.4050,0.385250,0.469937,0.450101,0.076923,0.120880,-0.538460,0.385751,0.467893,0.450625,0.010013,-0.040879,0.010478,0.031746,-0.036630,-0.017094,0.004340,0.018614,0.427162,0.003747,0.018281,0.427095,0.019114,0.427590,-2.132393,0.000,0.000,0.000,0.001972,0,0.000
2.4153,0.385250,0.469937,0.450482,0.010990,0.076923,0.164837,0.385786,0.467929,0.450680,0.010719,-0.040169,0.003961,0.007326,-0.046398,-0.007326,0.004256,0.018662,0.427183,0.003747,0.018281,0.427095,0.019142,0.427612,-2.132407,0.000,0.000,0.000,0.002044,0,0.000
2.4254,0.385250,0.469937,0.450482,-0.076923,-0.120880,0.208790,0.385786,0.467928,0.450681,0.010716,-0.040181,0.003976,0.007326,-0.046398,0.021978,0.004256,0.018662,0.427183,0.003747,0.018281,0.427095,0.019142,0.427612,-2.132424,0.000,0.000,0.000,0.002008,0,0.000
2.4358,0.385631,0.469937,0.450482,0.076923,0.098900,0.032967,0.385841,0.467963,0.450717,0.004182,-0.039484,0.004703,-0.007326,-0.041514,-0.031746,0.004256,0.018569,0.427210,0.003746,0.018281,0.427095,0.019050,0.427634,-2.132444,0.000,0.000,0.000,0.002009,0,0.000
2.4456,0.385631,0.469937,0.450482,0.274727,0.208790,-0.164837,0.385840,0.467962,0.450718,0.004178,-0.039499,0.004722,0.012210,-0.056166,-0.017094,0.004256,0.018569,0.427210,0.003746,0.018281,0.427095,0.019050,0.427634,-2.132465,0.000,0.000,0.000,0.001974,0,0.000
2.4554,0.385250,0.469937,0.450482,-0.230770,0.142857,-0.120880,0.385785,0.467926,0.450684,0.010704,-0.040223,0.004029,-0.002442,-0.051282,-0.012210,0.004256,0.018662,0.427183,0.003745,0.018281,0.427095,0.019142,0.427612,-2.132483,0.000,0.000,0.000,0.001975,0,0.000
2.4658,0.385250,0.469937,0.450482,0.274727,0.186813,0.120880,0.385785,0.467926,0.450684,0.010702,-0.040232,0.004041,0.007326,-0.056166,-0.002442,0.004256,0.018662,0.427183,0.003745,0.018281,0.427095,0.019142,0.427612,-2.132497,0.000,0.000,0.000,0.002011,0,0.000
2.4755,0.385250,0.469937,0.450482,0.208790,0.186813,0.142857,0.385785,0.467925,0.450685,0.010699,-0.040242,0.004053,0.002442,-0.036630,-0.007326,0.004256,0.018662,0.427183,0.003745,0.018281,0.427095,0.019142,0.427612,-2.132511,0.000,0.000,0.000,0.002012,0,0.000
2.4858,0.385250,0.469937,0.450482,0.010990,0.406593,0.120880,0.385785,0.467924,0.450686,0.010696,-0.040254,0.004069,-0.002442,-0.036630,-0.056166,0.004256,0.018662,0.427183,0.003745,0.018281,0.427095,0.019142,0.427612,-2.132529,0.000,0.000,0.000,0.002012,0,0.000
2.4957,0.385250,0.469937,0.450482,0.186813,0.208790,0.186813,0.385785,0.467924,0.450686,0.010693,-0.040264,0.004081,-0.007326,-0.075702,-0.031746,0.004256,0.018662,0.427183,0.003744,0.018281,0.427095,0.019142,0.427612,-2.132542,0.000,0.000,0.000,0.002013,0,0.000
2.5057,0.385250,0.469937,0.450482,0.010990,0.076923,0.384617,0.385785,0.467924,0.450687,0.010692,-0.040268,0.004087,0.007326,-0.017094,0.007326,0.004256,0.018662,0.427183,0.003744,0.018281,0.427095,0.019142,0.427612,-2.132548,0.000,0.000,0.000,0.002013,0,0.000
2.5159,0.385250,0.469937,0.450482,-0.274727,-0.164837,0.010990,0.385784,0.467923,0.450687,0.010689,-0.040277,0.004098,0.002442,-0.070818,-0.026862,0.004256,0.018662,0.427183,0.003744,0.018281,0.427095,0.019142,0.427612,-2.132561,0.000,0.000,0.000,0.002013,0,0.000
2.5259,0.385631,0.469937,0.450101,0.428570,-0.032967,-0.164837,0.385804,0.467923,0.450668,0.003449,-0.040293,0.011346,0.021978,-0.070818,0.002442,0.004340,0.018521,0.427189,0.003744,0.018281,0.427095,0.019023,0.427612,-2.132571,0.000,0.000,0.000,0.002014,0,0.000
2.5365,0.385250,0.469937,0.450482,-0.076923,-0.076923,0.098900,0.385784,0.467923,0.450688,0.010686,-0.040288,0.004112,0.017094,-0.046398,0.021978,0.004256,0.018662,0.427183,0.003744,0.018281,0.427095,0.019142,0.427612,-2.132577,0.000,0.000,0.000,0.002015,0,0.000
2.5462,0.385250,0.469937,0.450482,0.252747,0.230770,-0.164837,0.385784,0.467922,0.450689,0.010683,-0.040299,0.004126,0.012210,-0.070818,-0.036630,0.004256,0.018662,0.427183,0.003743,0.018281,0.427095,0.019142,0.427612,-2.132593,0.000,0.000,0.000,0.002014,0,0.000
2.5561,0.384869,0.469556,0.450482,-0.252747,-0.164837,-0.252747,0.385693,0.467831,0.450618,0.016498,-0.034494,0.002717,0.031746,-0.046398,-0.031746,0.004173,0.018708,0.427137,0.003743,0.018282,0.427095,0.019167,0.427567,-2.132615,0.000,0.000,0.000,0.001633,0,0.000
2.5664,0.385250,0.469937,0.450101,-0.054947,0.032967,-0.318680,0.385748,0.467885,0.450635,0.009968,-0.041042,0.010685,0.026862,-0.046398,-0.012210,0.004340,0.018614,0.427162,0.003743,0.018282,0.427095,0.019114,0.427590,-2.132625,0.000,0.000,0.000,0.002106,0,0.000
2.5765,0.385250,0.469937,0.450101,0.010990,-0.032967,-0.516483,0.385748,0.467885,0.450635,0.009966,-0.041049,0.010694,-0.002442,-0.031746,0.007326,0.004340,0.018614,0.427162,0.003743,0.018282,0.427095,0.019114,0.427590,-2.132635,0.000,0.000,0.000,0.002052,0,0.000
2.5864,0.385250,0.469937,0.450482,0.208790,-0.010990,0.120880,0.385784,0.467920,0.450691,0.010672,-0.040341,0.004180,-0.012210,-0.021978,-0.012210,0.004256,0.018662,0.427183,0.003742,0.018282,0.427095,0.019142,0.427612,-2.132653,0.000,0.000,0.000,0.002052,0,0.000
2.5972,0.385250,0.469937,0.450482,0.274727,-0.054947,-0.208790,0.385784,0.467920,0.450691,0.010671,-0.040344,0.004184,-0.002442,-0.075702,-0.031746,0.004256,0.018662,0.427183,0.003742,0.018282,0.427095,0.019142,0.427612,-2.132658,0.000,0.000,0.000,0.002017,0,0.000
2.6070,0.385250,0.469937,0.450482,-0.384617,0.296703,-0.120880,0.385783,0.467919,0.450692,0.010667,-0.040358,0.004202,-0.012210,-0.056166,-0.017094,0.004256,0.018662,0.427183,0.003742,0.018282,0.427095,0.019142,0.427612,-2.132678,0.000,0.000,0.000,0.002017,0,0.000
2.6169,0.385250,0.469556,0.450101,-0.054947,0.010990,-0.164837,0.385712,0.467828,0.450602,0.009246,-0.034553,0.010019,0.026862,-0.046398,0.012210,0.004256,0.018566,0.427143,0.003742,0.018282,0.427095,0.019048,0.427568,-2.132686,0.000,0.000,0.000,0.001636,0,0.000
2.6267,0.385250,0.469556,0.450482,-0.010990,-0.098900,0.054947,0.385748,0.467864,0.450657,0.009953,-0.033837,0.003494,-0.012210,-0.041514,-0.007326,0.004173,0.018614,0.427164,0.003742,0.018282,0.427095,0.019076,0.427590,-2.132692,0.000,0.000,0.000,0.001728,0,0.000
2.6367,0.385250,0.469937,0.450482,0.142857,-0.010990,0.010990,0.385783,0.467919,0.450693,0.010664,-0.040369,0.004215,0.012210,-0.065934,-0.017094,0.004256,0.018662,0.427183,0.003742,0.018282,0.427095,0.019142,0.427612,-2.132693,0.000,0.000,0.000,0.002073,0,0.000
2.6469,0.385250,0.469556,0.450101,-0.032967,-0.164837,-0.164837,0.385712,0.467827,0.450603,0.009242,-0.034566,0.010035,-0.007326,-0.036630,0.012210,0.004256,0.018566,0.427143,0.003741,0.018282,0.427095,0.019048,0.427568,-2.132704,0.000,0.000,0.000,0.001637,0,0.000
2.6569,0.385250,0.469556,0.450101,0.208790,-0.186813,-0.186813,0.385712,0.467827,0.450603,0.009241,-0.034571,0.010041,0.007326,-0.036630,-0.002442,0.004256,0.018566,0.427143,0.003741,0.018282,0.427095,0.019048,0.427568,-2.132711,0.000,0.000,0.000,0.001728,0,0.000
2.6671,0.385250,0.469937,0.450482,0.164837,0.340660,0.076923,0.385783,0.467918,0.450695,0.010657,-0.040392,0.004245,-0.002442,-0.036630,-0.012210,0.004256,0.018662,0.427183,0.003741,0.018282,0.427095,0.019142,0.427612,-2.132726,0.000,0.000,0.000,0.002110,0,0.000
2.6772,0.384869,0.469556,0.450482,-0.076923,0.098900,0.010990,0.385692,0.467827,0.450624,0.016473,-0.034583,0.002830,0.041514,-0.007326,-0.017094,0.004173,0.018708,0.427137,0.003741,0.018282,0.427095,0.019167,0.427567,-2.132742,0.000,0.000,0.000,0.001638,0,0.000
2.6871,0.384869,0.469556,0.450101,-0.142857,0.032967,-0.450550,0.385657,0.467790,0.450570,0.015761,-0.035316,0.009376,-0.007326,-0.046398,-0.002442,0.004256,0.018660,0.427117,0.003740,0.018282,0.427095,0.019139,0.427545,-2.132760,0.000,0.000,0.000,0.001729,0,0.000
2.6975,0.384869,0.469556,0.450482,-0.362637,0.120880,-0.186813,0.385692,0.467825,0.450625,0.016466,-0.034609,0.002863,0.026862,-0.036630,-0.031746,0.004173,0.018708,0.427137,0.003740,0.018282,0.427095,0.019167,0.427567,-2.132778,0.000,0.000,0.000,0.001766,0,0.000
2.7073,0.385250,0.469556,0.450482,0.076923,0.054947,0.230770,0.385747,0.467860,0.450661,0.009934,-0.033906,0.003582,-0.002442,-0.021978,-0.021978,0.004173,0.018614,0.427164,0.003740,0.018282,0.427095,0.019076,0.427590,-2.132790,0.000,0.000,0.000,0.001730,0,0.000
2.7173,0.385250,0.469556,0.450101,0.340660,0.186813,-0.538460,0.385711,0.467824,0.450607,0.009223,-0.034635,0.010124,0.026862,-0.056166,-0.007326,0.004256,0.018566,0.427143,0.003740,0.018282,0.427095,0.019048,0.427568,-2.132804,0.000,0.000,0.000,0.001695,0,0.000
2.7278,0.385250,0.469556,0.450101,0.252747,0.076923,-0.208790,0.385711,0.467824,0.450608,0.009220,-0.034644,0.010135,0.036630,-0.041514,-0.007326,0.004256,0.018566,0.427143,0.003739,0.018282,0.427095,0.019048,0.427568,-2.132816,0.000,0.000,0.000,0.001732,0,0.000
2.7376,0.384869,0.469556,0.450482,-0.120880,-0.032967,-0.098900,0.385691,0.467824,0.450627,0.016458,-0.034637,0.002900,0.051282,-0.046398,0.002442,0.004173,0.018708,0.427137,0.003739,0.018282,0.427095,0.019167,0.427567,-2.132820,0.000,0.000,0.000,0.001732,0,0.000
2.7478,0.385250,0.469556,0.450101,0.494507,0.362637,-0.362637,0.385711,0.467823,0.450608,0.009217,-0.034657,0.010151,0.041514,-0.021978,-0.007326,0.004256,0.018566,0.427143,0.003739,0.018282,0.427095,0.019048,0.427568,-2.132834,0.000,0.000,0.000,0.001732,0,0.000
2.7571,0.385250,0.469174,0.450482,0.164837,-0.120880,0.164837,0.385711,0.467804,0.450628,0.009214,-0.027411,0.002907,0.031746,-0.026862,-0.007326,0.004089,0.018566,0.427145,0.003739,0.018282,0.427095,0.019011,0.427568,-2.132841,0.000,0.000,0.000,0.001351,0,0.000
2.7683,0.384869,0.469556,0.450482,-0.252747,0.208790,0.318680,0.385691,0.467823,0.450629,0.016452,-0.034661,0.002930,-0.007326,-0.036630,-0.007326,0.004173,0.018708,0.427137,0.003739,0.018282,0.427095,0.019167,0.427567,-2.132854,0.000,0.000,0.000,0.001752,0,0.000
2.7781,0.385250,0.469174,0.450482,0.318680,0.010990,0.318680,0.385710,0.467803,0.450629,0.009210,-0.027425,0.002926,0.026862,-0.056166,0.017094,0.004089,0.018566,0.427145,0.003739,0.018282,0.427095,0.019011,0.427568,-2.132862,0.000,0.000,0.000,0.001352,0,0.000
2.7884,0.384869,0.469174,0.450482,-0.076923,0.142857,0.208790,0.385655,0.467767,0.450593,0.015738,-0.028140,0.002222,-0.017094,-0.036630,-0.031746,0.004089,0.018659,0.427118,0.003738,0.018283,0.427095,0.019102,0.427545,-2.132868,0.000,0.000,0.000,0.001371,0,0.000
2.7982,0.384869,0.469556,0.450482,-0.318680,0.274727,-0.010990,0.385691,0.467822,0.450630,0.016447,-0.034677,0.002950,0.017094,-0.046398,-0.007326,0.004173,0.018708,0.427137,0.003738,0.018283,0.427095,0.019167,0.427567,-2.132876,0.000,0.000,0.000,0.001788,0,0.000
2.8083,0.385250,0.469174,0.450101,0.054947,0.010990,-0.120880,0.385675,0.467766,0.450575,0.008496,-0.028164,0.009479,0.002442,-0.036630,-0.002442,0.004172,0.018518,0.427124,0.003738,0.018283,0.427095,0.018982,0.427546,-2.132889,0.000,0.000,0.000,0.001352,0,0.000
2.8184,0.384869,0.469174,0.450482,-0.494507,-0.076923,0.626373,0.385655,0.467766,0.450595,0.015733,-0.028161,0.002248,0.002442,-0.046398,-0.021978,0.004089,0.018659,0.427118,0.003738,0.018283,0.427095,0.019102,0.427545,-2.132897,0.000,0.000,0.000,0.001408,0,0.000
2.8280,0.384869,0.469174,0.450482,0.032967,-0.032967,0.208790,0.385655,0.467766,0.450595,0.015731,-0.028167,0.002257,0.017094,-0.007326,-0.017094,0.004089,0.018659,0.427118,0.003738,0.018283,0.427095,0.019102,0.427545,-2.132907,0.000,0.000,0.000,0.001408,0,0.000
2.8381,0.385250,0.469174,0.450101,0.186813,-0.054947,-0.252747,0.385674,0.467765,0.450576,0.008490,-0.028184,0.009505,0.012210,-0.036630,-0.021978,0.004172,0.018518,0.427124,0.003738,0.018283,0.427095,0.018982,0.427546,-2.132917,0.000,0.000,0.000,0.001408,0,0.000
2.8477,0.384869,0.469174,0.450101,-0.340660,0.010990,-0.164837,0.385619,0.467729,0.450541,0.015019,-0.028896,0.008798,0.026862,-0.021978,-0.021978,0.004172,0.018611,0.427098,0.003738,0.018283,0.427095,0.019073,0.427523,-2.132920,0.000,0.000,0.000,0.001409,0,0.000
2.8578,0.384869,0.468793,0.450101,0.164837,-0.406593,-0.274727,0.385584,0.467674,0.450505,0.014305,-0.022377,0.008093,0.056166,-0.041514,0.012210,0.004088,0.018563,0.427079,0.003737,0.018283,0.427095,0.019008,0.427501,-2.132936,0.000,0.000,0.000,0.001063,0,0.000
2.8681,0.384869,0.469174,0.450482,0.120880,0.010990,0.098900,0.385655,0.467764,0.450597,0.015723,-0.028196,0.002293,0.031746,-0.007326,-0.012210,0.004089,0.018659,0.427118,0.003737,0.018283,0.427095,0.019102,0.427545,-2.132947,0.000,0.000,0.000,0.001500,0,0.000
2.8779,0.384869,0.468793,0.450482,-0.208790,-0.186813,0.120880,0.385619,0.467709,0.450562,0.015009,-0.021674,0.001585,-0.007326,-0.017094,-0.036630,0.004005,0.018611,0.427099,0.003737,0.018283,0.427095,0.019037,0.427524,-2.132961,0.000,0.000,0.000,0.001028,0,0.000
2.8880,0.384869,0.469174,0.450482,0.164837,-0.054947,0.032967,0.385654,0.467764,0.450598,0.015718,-0.028213,0.002315,0.036630,-0.026862,-0.007326,0.004089,0.018659,0.427118,0.003737,0.018283,0.427095,0.019102,0.427545,-2.132972,0.000,0.000,0.000,0.001465,0,0.000
2.9008,0.384869,0.469174,0.450101,0.098900,0.076923,-0.604397,0.385619,0.467727,0.450544,0.015006,-0.028943,0.008858,-0.017094,-0.017094,-0.007326,0.004172,0.018611,0.427098,0.003736,0.018283,0.427095,0.019073,0.427523,-2.132987,0.000,0.000,0.000,0.001411,0,0.000
2.9104,0.384869,0.469174,0.450101,-0.296703,-0.010990,-0.230770,0.385619,0.467727,0.450544,0.015005,-0.028947,0.008863,-0.012210,-0.041514,-0.031746,0.004172,0.018611,0.427098,0.003736,0.018283,0.427095,0.019073,0.427523,-2.132993,0.000,0.000,0.000,0.001447,0,0.000
2.9214,0.384869,0.469174,0.450482,0.010990,0.054947,0.296703,0.385654,0.467763,0.450599,0.015712,-0.028235,0.002343,0.036630,-0.007326,-0.012210,0.004089,0.018659,0.427118,0.003736,0.018283,0.427095,0.019102,0.427545,-2.133004,0.000,0.000,0.000,0.001447,0,0.000
2.9304,0.384869,0.468793,0.450482,-0.120880,-0.120880,0.230770,0.385618,0.467707,0.450564,0.015000,-0.021710,0.001631,0.021978,-0.021978,0.017094,0.004005,0.018611,0.427099,0.003736,0.018283,0.427095,0.019037,0.427524,-2.133012,0.000,0.000,0.000,0.001030,0,0.000
2.9412,0.384869,0.468793,0.450482,-0.164837,-0.186813,0.098900,0.385618,0.467707,0.450564,0.014999,-0.021712,0.001633,0.021978,-0.041514,-0.017094,0.004005,0.018611,0.427099,0.003736,0.018283,0.427095,0.019037,0.427524,-2.133015,0.000,0.000,0.000,0.001085,0,0.000
2.9513,0.384869,0.468793,0.450101,0.098900,-0.362637,0.032967,0.385583,0.467671,0.450509,0.014289,-0.022436,0.008169,0.021978,-0.031746,-0.002442,0.004088,0.018563,0.427079,0.003736,0.018283,0.427095,0.019008,0.427501,-2.133021,0.000,0.000,0.000,0.001086,0,0.000
2.9620,0.384869,0.468793,0.450482,-0.142857,-0.010990,0.472527,0.385618,0.467707,0.450564,0.014998,-0.021716,0.001638,-0.002442,-0.017094,-0.007326,0.004005,0.018611,0.427099,0.003736,0.018283,0.427095,0.019037,0.427524,-2.133020,0.000,0.000,0.000,0.001122,0,0.000
2.9709,0.384869,0.468793,0.450482,-0.274727,0.032967,0.164837,0.385618,0.467707,0.450564,0.014997,-0.021720,0.001644,0.012210,-0.012210,0.041514,0.004005,0.018611,0.427099,0.003736,0.018283,0.427095,0.019037,0.427524,-2.133027,0.000,0.000,0.000,0.001086,0,0.000
2.9817,0.384869,0.468793,0.450482,0.054947,0.032967,0.054947,0.385618,0.467707,0.450565,0.014996,-0.021723,0.001647,0.012210,-0.036630,-0.021978,0.004005,0.018611,0.427099,0.003735,0.018283,0.427095,0.019037,0.427524,-2.133031,0.000,0.000,0.000,0.001086,0,0.000
2.9917,0.385250,0.468793,0.450482,-0.010990,0.076923,-0.076923,0.385673,0.467742,0.450600,0.008465,-0.021018,0.002364,-0.002442,-0.021978,-0.012210,0.004005,0.018518,0.427126,0.003735,0.018283,0.427095,0.018946,0.427546,-2.133039,0.000,0.000,0.000,0.001086,0,0.000
3.0018,0.384869,0.468411,0.450482,-0.098900,-0.450550,0.054947,0.385583,0.467651,0.450529,0.014282,-0.015205,0.000944,-0.002442,-0.017094,-0.026862,0.003921,0.018563,0.427080,0.003735,0.018283,0.427095,0.018972,0.427502,-2.133049,0.000,0.000,-0.000,0.000805,0,0.000
3.0118,0.384869,0.468793,0.450482,-0.142857,-0.098900,0.120880,0.385618,0.467706,0.450566,0.014992,-0.021739,0.001668,0.046398,-0.031746,-0.007326,0.004005,0.018611,0.427099,0.003735,0.018283,0.427095,0.019037,0.427524,-2.133054,0.000,0.000,-0.000,0.001142,0,0.000
3.0216,0.385250,0.468793,0.450482,0.384617,0.010990,-0.032967,0.385673,0.467741,0.450601,0.008461,-0.021031,0.002380,0.021978,-0.036630,-0.026862,0.004005,0.018518,0.427126,0.003735,0.018283,0.427095,0.018946,0.427546,-2.133058,0.000,0.000,-0.000,0.001087,0,0.000
3.0313,0.384869,0.468793,0.450482,-0.032967,-0.164837,0.076923,0.385618,0.467705,0.450566,0.014989,-0.021747,0.001678,0.012210,-0.036630,0.007326,0.004005,0.018611,0.427099,0.003735,0.018283,0.427095,0.019037,0.427524,-2.133066,0.000,0.000,-0.000,0.001052,0,0.000
3.0419,0.384869,0.468793,0.450482,-0.076923,0.208790,0.296703,0.385618,0.467705,0.450567,0.014987,-0.021755,0.001688,0.012210,-0.021978,-0.007326,0.004005,0.018611,0.427099,0.003735,0.018283,0.427095,0.019037,0.427524,-2.133076,0.000,0.000,-0.000,0.001087,0,0.000
3.0529,0.384869,0.468793,0.450101,0.054947,-0.098900,-0.142857,0.385582,0.467668,0.450513,0.014274,-0.022490,0.008237,0.056166,-0.017094,-0.021978,0.004088,0.018563,0.427079,0.003734,0.018283,0.427095,0.019008,0.427501,-2.133098,0.000,0.000,-0.000,0.001088,0,0.000
3.0629,0.385250,0.468793,0.450101,0.186813,0.472527,-0.274727,0.385637,0.467703,0.450549,0.007742,-0.021787,0.008955,0.007326,-0.017094,-0.007326,0.004088,0.018470,0.427105,0.003734,0.018283,0.427095,0.018917,0.427524,-2.133109,0.000,0.000,-0.000,0.001124,0,0.000
3.0719,0.384869,0.468793,0.450482,-0.186813,0.010990,0.098900,0.385617,0.467703,0.450569,0.014978,-0.021788,0.001730,0.012210,-0.041514,-0.002442,0.004005,0.018611,0.427099,0.003734,0.018283,0.427095,0.019037,0.427524,-2.133124,0.000,0.000,-0.000,0.001089,0,0.000
3.0829,0.384869,0.468793,0.450101,-0.274727,-0.032967,-0.208790,0.385582,0.467667,0.450514,0.014269,-0.022510,0.008262,-0.017094,-0.031746,-0.007326,0.004088,0.018563,0.427079,0.003734,0.018283,0.427095,0.019008,0.427501,-2.133126,0.000,0.000,-0.000,0.001089,0,0.000
3.0922,0.385250,0.468411,0.450482,0.098900,-0.076923,0.120880,0.385637,0.467684,0.450569,0.007735,-0.014555,0.001730,0.012210,-0.021978,-0.007326,0.003921,0.018469,0.427107,0.003734,0.018284,0.427095,0.018881,0.427524,-2.133136,0.000,0.000,-0.000,0.000744,0,0.000
3.1034,0.385250,0.468793,0.450101,0.098900,0.010990,-0.340660,0.385637,0.467702,0.450550,0.007735,-0.021815,0.008992,0.026862,-0.026862,-0.026862,0.004088,0.018470,0.427105,0.003733,0.018284,0.427095,0.018917,0.427524,-2.133149,0.000,0.000,-0.000,0.001109,0,0.000
3.1105,0.385250,0.468793,0.450482,0.120880,0.230770,0.274727,0.385672,0.467738,0.450606,0.008442,-0.021102,0.002471,0.002442,-0.012210,0.021978,0.004005,0.018518,0.427126,0.003733,0.018284,0.427095,0.018946,0.427546,-2.133160,0.000,0.000,-0.000,0.001091,0,0.000
3.1206,0.385250,0.468793,0.450101,0.208790,0.098900,-0.274727,0.385637,0.467702,0.450551,0.007732,-0.021826,0.009005,0.021978,-0.017094,0.002442,0.004088,0.018470,0.427105,0.003733,0.018284,0.427095,0.018917,0.427524,-2.133164,0.000,0.000,-0.000,0.001055,0,0.000
3.1306,0.384869,0.468411,0.450482,-0.164837,-0.076923,-0.032967,0.385581,0.467647,0.450535,0.014258,-0.015293,0.001056,-0.002442,-0.031746,-0.012210,0.003921,0.018563,0.427080,0.003733,0.018284,0.427095,0.018972,0.427502,-2.133175,0.000,0.000,-0.000,0.000768,0,0.000
3.1406,0.385250,0.468793,0.450482,-0.208790,0.252747,0.010990,0.385672,0.467737,0.450607,0.008436,-0.021123,0.002497,-0.021978,-0.031746,0.007326,0.004005,0.018518,0.427126,0.003733,0.018284,0.427095,0.018946,0.427546,-2.133189,0.000,0.000,-0.000,0.001146,0,0.000
3.1508,0.385250,0.468793,0.450101,-0.296703,0.230770,-0.164837,0.385636,0.467700,0.450552,0.007726,-0.021847,0.009032,-0.017094,-0.031746,-0.021978,0.004088,0.018470,0.427105,0.003732,0.018284,0.427095,0.018917,0.427524,-2.133195,0.000,0.000,-0.000,0.001056,0,0.000
3.1608,0.385250,0.468411,0.450101,-0.274727,0.230770,-0.098900,0.385601,0.467645,0.450517,0.007013,-0.015325,0.008323,-0.031746,-0.017094,-0.007326,0.004005,0.018421,0.427086,0.003732,0.018284,0.427095,0.018852,0.427502,-2.133207,0.000,0.000,-0.000,0.000711,0,0.000
3.1711,0.385250,0.468793,0.450482,-0.032967,0.274727,-0.032967,0.385671,0.467736,0.450608,0.008430,-0.021145,0.002525,-0.002442,-0.021978,-0.002442,0.004005,0.018518,0.427126,0.003732,0.018284,0.427095,0.018946,0.427546,-2.133220,0.000,0.000,-0.000,0.001148,0,0.000
3.1809,0.385250,0.468793,0.450482,-0.010990,0.120880,-0.098900,0.385671,0.467735,0.450609,0.008428,-0.021150,0.002532,0.012210,-0.046398,-0.017094,0.004005,0.018518,0.427126,0.003732,0.018284,0.427095,0.018946,0.427546,-2.133229,0.000,0.000,-0.000,0.001057,0,0.000
3.1910,0.385250,0.468411,0.450101,0.252747,-0.032967,-0.098900,0.385600,0.467644,0.450518,0.007007,-0.015345,0.008349,0.007326,-0.002442,-0.002442,0.004005,0.018421,0.427086,0.003732,0.018284,0.427095,0.018852,0.427502,-2.133236,0.000,0.000,-0.000,0.000676,0,0.000
3.2013,0.385250,0.468411,0.450101,-0.164837,-0.032967,-0.164837,0.385600,0.467644,0.450519,0.007005,-0.015354,0.008360,-0.007326,-0.017094,-0.007326,0.004005,0.018421,0.427086,0.003731,0.018284,0.427095,0.018852,0.427502,-2.133249,0.000,0.000,-0.000,0.000767,0,0.000
3.2109,0.385250,0.468411,0.450482,-0.208790,0.076923,-0.120880,0.385636,0.467679,0.450574,0.007711,-0.014642,0.001841,-0.017094,-0.021978,-0.021978,0.003921,0.018469,0.427107,0.003731,0.018284,0.427095,0.018881,0.427524,-2.133260,0.000,0.000,-0.000,0.000768,0,0.000
3.2212,0.385250,0.468411,0.450482,-0.296703,-0.098900,-0.032967,0.385635,0.467679,0.450575,0.007708,-0.014653,0.001855,-0.017094,-0.007326,-0.026862,0.003921,0.018469,0.427107,0.003731,0.018284,0.427095,0.018881,0.427524,-2.133276,0.000,0.000,-0.000,0.000732,0,0.000
3.2309,0.385250,0.468411,0.450482,-0.098900,0.142857,-0.032967,0.385635,0.467678,0.450576,0.007705,-0.014664,0.001869,0.007326,-0.007326,-0.007326,0.003921,0.018469,0.427107,0.003731,0.018284,0.427095,0.018881,0.427524,-2.133292,0.000,0.000,-0.000,0.000733,0,0.000
3.2408,0.385250,0.468411,0.450101,0.186813,0.098900,-0.230770,0.385600,0.467642,0.450521,0.006993,-0.015395,0.008413,0.026862,-0.007326,-0.017094,0.004005,0.018421,0.427086,0.003730,0.018284,0.427095,0.018852,0.427502,-2.133308,0.000,0.000,-0.000,0.000733,0,0.000
3.2509,0.385250,0.468411,0.450482,-0.142857,0.098900,0.076923,0.385635,0.467677,0.450577,0.007699,-0.014686,0.001897,-0.012210,0.002442,-0.017094,0.003921,0.018469,0.427107,0.003730,0.018284,0.427095,0.018881,0.427524,-2.133324,0.000,0.000,-0.000,0.000770,0,0.000
3.2614,0.385250,0.468411,0.450101,0.098900,-0.010990,-0.032967,0.385599,0.467640,0.450523,0.006986,-0.015421,0.008446,-0.017094,-0.002442,0.002442,0.004005,0.018421,0.427086,0.003730,0.018284,0.427095,0.018852,0.427502,-2.133345,0.000,0.000,-0.000,0.000734,0,0.000
3.2710,0.385631,0.468411,0.450101,0.230770,0.032967,-0.142857,0.385654,0.467675,0.450559,0.000454,-0.014720,0.009168,-0.007326,-0.002442,-0.012210,0.004005,0.018328,0.427113,0.003729,0.018284,0.427095,0.018760,0.427525,-2.133360,0.000,0.000,-0.000,0.000771,0,0.000
3.2811,0.385631,0.468411,0.450482,-0.076923,0.054947,-0.076923,0.385689,0.467711,0.450615,0.001161,-0.014007,0.002647,-0.036630,-0.017094,-0.012210,0.003921,0.018376,0.427133,0.003729,0.018284,0.427095,0.018790,0.427547,-2.133370,0.000,0.000,-0.000,0.000736,0,0.000
3.2918,0.385631,0.468411,0.450101,0.384617,-0.296703,-0.164837,0.385654,0.467674,0.450560,0.000449,-0.014738,0.009190,-0.012210,-0.026862,-0.007326,0.004005,0.018328,0.427113,0.003729,0.018284,0.427095,0.018760,0.427525,-2.133385,0.000,0.000,-0.000,0.000700,0,0.000
3.3012,0.385250,0.468411,0.450482,-0.054947,0.098900,-0.120880,0.385634,0.467674,0.450581,0.007684,-0.014741,0.001968,-0.012210,-0.017094,-0.017094,0.003921,0.018469,0.427107,0.003729,0.018285,0.427095,0.018881,0.427524,-2.133403,0.000,0.000,-0.000,0.000737,0,0.000
3.3113,0.385631,0.468411,0.450101,-0.054947,-0.054947,-0.340660,0.385654,0.467674,0.450561,0.000444,-0.014756,0.009213,-0.021978,-0.026862,0.002442,0.004005,0.018328,0.427113,0.003729,0.018285,0.427095,0.018760,0.427525,-2.133410,0.000,0.000,-0.000,0.000737,0,0.000
3.3217,0.385631,0.468411,0.450482,0.098900,-0.164837,0.318680,0.385689,0.467709,0.450617,0.001151,-0.014043,0.002692,-0.031746,-0.007326,-0.017094,0.003921,0.018376,0.427133,0.003728,0.018285,0.427095,0.018790,0.427547,-2.133421,0.000,0.000,-0.000,0.000738,0,0.000
3.3315,0.385631,0.468411,0.450101,-0.120880,-0.142857,-0.252747,0.385653,0.467673,0.450562,0.000441,-0.014769,0.009230,-0.041514,-0.021978,-0.026862,0.004005,0.018328,0.427113,0.003728,0.018285,0.427095,0.018760,0.427525,-2.133430,0.000,0.000,-0.000,0.000702,0,0.000
3.3422,0.385631,0.468411,0.450101,0.076923,0.054947,-0.076923,0.385653,0.467672,0.450563,0.000438,-0.014780,0.009243,0.012210,-0.007326,0.021978,0.004005,0.018328,0.427113,0.003728,0.018285,0.427095,0.018760,0.427525,-2.133445,0.000,0.000,-0.000,0.000738,0,0.000
3.3520,0.385631,0.468793,0.450482,-0.230770,0.010990,-0.032967,0.385724,0.467763,0.450654,0.001856,-0.020597,0.003442,-0.012210,0.007326,-0.002442,0.004005,0.018424,0.427153,0.003728,0.018285,0.427095,0.018854,0.427568,-2.133453,0.000,0.000,-0.000,0.001120,0,0.000
3.3617,0.385631,0.468793,0.450482,0.208790,0.032967,0.208790,0.385724,0.467762,0.450655,0.001852,-0.020609,0.003457,-0.002442,0.051282,-0.017094,0.004005,0.018424,0.427153,0.003727,0.018285,0.427095,0.018854,0.427568,-2.133471,0.000,0.000,-0.000,0.001030,0,0.000
3.3726,0.385631,0.468793,0.450482,0.032967,-0.296703,0.318680,0.385724,0.467762,0.450656,0.001849,-0.020621,0.003473,-0.017094,-0.144078,-0.017094,0.004005,0.018424,0.427153,0.003727,0.018285,0.427095,0.018854,0.427568,-2.133489,0.000,0.000,-0.000,0.001030,0,0.000
3.3827,0.385631,0.469174,0.450482,0.098900,0.076923,0.186813,0.385759,0.467816,0.450693,0.002557,-0.027162,0.004206,-0.026862,0.056166,0.007326,0.004089,0.018472,0.427172,0.003727,0.018285,0.427095,0.018919,0.427590,-2.133503,0.000,0.000,-0.000,0.001413,0,0.000
3.3926,0.385631,0.468793,0.450482,0.098900,-0.340660,0.076923,0.385724,0.467761,0.450657,0.001843,-0.020643,0.003501,-0.012210,-0.095238,0.002442,0.004005,0.018424,0.427153,0.003727,0.018285,0.427095,0.018854,0.427568,-2.133520,0.000,0.000,-0.000,0.000977,0,0.000
3.4030,0.385631,0.469174,0.450482,-0.076923,-0.142857,-0.054947,0.385759,0.467815,0.450694,0.002552,-0.027179,0.004228,-0.017094,0.105006,-0.017094,0.004089,0.018472,0.427172,0.003726,0.018285,0.427095,0.018919,0.427590,-2.133528,0.000,0.000,-0.000,0.001414,0,0.000
3.4126,0.385631,0.469556,0.450482,-0.054947,0.274727,-0.098900,0.385794,0.467870,0.450730,0.003260,-0.033721,0.004961,-0.026862,-0.144078,-0.012210,0.004173,0.018521,0.427191,0.003726,0.018285,0.427095,0.018985,0.427612,-2.133543,0.000,0.000,-0.000,0.001740,0,0.000
3.4227,0.386013,0.469174,0.450482,0.208790,-0.120880,-0.098900,0.385814,0.467850,0.450731,-0.003983,-0.026491,0.004965,-0.036630,0.075702,-0.012210,0.004089,0.018379,0.427198,0.003726,0.018285,0.427095,0.018828,0.427613,-2.133559,0.000,0.000,-0.000,0.001305,0,0.000
3.4329,0.386013,0.469556,0.450482,0.362637,-0.098900,0.318680,0.385849,0.467904,0.450768,-0.003277,-0.033038,0.005706,0.002442,-0.163614,0.012210,0.004173,0.018427,0.427217,0.003725,0.018285,0.427095,0.018894,0.427635,-2.133583,0.000,0.000,-0.000,0.001706,0,0.000
3.4429,0.386013,0.469556,0.450482,-0.142857,0.208790,0.516483,0.385849,0.467903,0.450769,-0.003281,-0.033054,0.005726,-0.012210,-0.109890,0.031746,0.004173,0.018427,0.427217,0.003725,0.018285,0.427095,0.018894,0.427635,-2.133605,0.000,0.000,-0.000,0.001652,0,0.000
3.4535,0.386013,0.469937,0.450482,0.120880,0.252747,-0.384617,0.385884,0.467957,0.450806,-0.002576,-0.039603,0.006470,-0.026862,-0.065934,-0.036630,0.004257,0.018475,0.427236,0.003725,0.018285,0.427095,0.018959,0.427657,-2.133631,0.000,0.000,-0.000,0.002034,0,0.000
3.4633,0.386013,0.469556,0.450482,0.054947,-0.032967,0.186813,0.385848,0.467901,0.450771,-0.003292,-0.033093,0.005776,-0.007326,-0.065934,-0.007326,0.004173,0.018427,0.427217,0.003724,0.018285,0.427095,0.018894,0.427635,-2.133661,0.000,0.000,-0.000,0.001599,0,0.000
3.4736,0.386013,0.469556,0.450482,0.164837,-0.208790,0.098900,0.385848,0.467900,0.450772,-0.003297,-0.033110,0.005798,-0.021978,-0.080586,-0.002442,0.004173,0.018427,0.427217,0.003724,0.018286,0.427095,0.018894,0.427635,-2.133686,0.000,0.000,-0.000,0.001655,0,0.000
3.4841,0.385631,0.469937,0.450482,-0.472527,0.450550,-0.076923,0.385828,0.467919,0.450774,0.003940,-0.040366,0.005828,-0.026862,-0.085470,-0.002442,0.004256,0.018569,0.427210,0.003723,0.018286,0.427095,0.019050,0.427634,-2.133707,0.000,0.000,-0.000,0.002037,0,0.000
3.4940,0.386013,0.469937,0.450101,0.054947,0.054947,-0.252747,0.385848,0.467918,0.450755,-0.003303,-0.040390,0.013085,-0.031746,-0.085470,-0.002442,0.004340,0.018427,0.427215,0.003723,0.018286,0.427095,0.018932,0.427635,-2.133727,0.000,0.000,-0.000,0.002018,0,0.000
3.5041,0.386013,0.469937,0.450482,-0.076923,-0.164837,0.164837,0.385883,0.467953,0.450811,-0.002597,-0.039682,0.006571,-0.031746,-0.046398,-0.017094,0.004257,0.018475,0.427236,0.003722,0.018286,0.427095,0.018959,0.427657,-2.133745,0.000,0.000,-0.000,0.002019,0,0.000
3.5140,0.386013,0.469937,0.450482,-0.054947,0.186813,0.120880,0.385883,0.467953,0.450811,-0.002599,-0.039688,0.006579,-0.046398,-0.051282,0.021978,0.004257,0.018475,0.427236,0.003722,0.018286,0.427095,0.018959,0.427657,-2.133754,0.000,0.000,-0.000,0.001984,0,0.000
3.5240,0.386394,0.469937,0.450482,0.054947,-0.186813,-0.120880,0.385938,0.467988,0.450847,-0.009129,-0.038980,0.007291,-0.026862,-0.061050,-0.007326,0.004257,0.018382,0.427263,0.003722,0.018286,0.427095,0.018868,0.427679,-2.133757,0.000,0.000,-0.000,0.001984,0,0.000
3.5343,0.386013,0.469937,0.450482,-0.384617,0.274727,-0.120880,0.385883,0.467953,0.450811,-0.002599,-0.039689,0.006580,-0.021978,-0.061050,-0.012210,0.004257,0.018475,0.427236,0.003722,0.018286,0.427095,0.018959,0.427657,-2.133755,0.000,0.000,-0.000,0.001949,0,0.000
3.5442,0.386394,0.469937,0.450482,0.076923,0.054947,0.142857,0.385938,0.467988,0.450847,-0.009129,-0.038978,0.007288,-0.007326,-0.061050,0.012210,0.004257,0.018382,0.427263,0.003722,0.018286,0.427095,0.018868,0.427679,-2.133754,0.000,0.000,-0.000,0.001984,0,0.000
3.5569,0.386013,0.469937,0.450482,-0.186813,0.032967,0.318680,0.385883,0.467953,0.450811,-0.002600,-0.039692,0.006583,0.007326,-0.051282,-0.002442,0.004257,0.018475,0.427236,0.003722,0.018286,0.427095,0.018959,0.427657,-2.133759,0.000,0.000,-0.000,0.001949,0,0.000
3.5659,0.386013,0.469937,0.450482,-0.186813,-0.164837,0.318680,0.385883,0.467952,0.450812,-0.002601,-0.039695,0.006587,-0.046398,-0.056166,0.012210,0.004257,0.018475,0.427236,0.003722,0.018286,0.427095,0.018959,0.427657,-2.133763,0.000,0.000,-0.000,0.001985,0,0.000
3.5763,0.386394,0.469937,0.450482,0.010990,-0.032967,0.032967,0.385938,0.467988,0.450847,-0.009131,-0.038987,0.007299,0.007326,-0.046398,0.012210,0.004257,0.018382,0.427263,0.003722,0.018286,0.427095,0.018868,0.427679,-2.133767,0.000,0.000,-0.000,0.001985,0,0.000
3.5863,0.386013,0.469937,0.450482,-0.340660,-0.186813,-0.098900,0.385883,0.467952,0.450812,-0.002604,-0.039708,0.006604,-0.031746,-0.061050,-0.021978,0.004257,0.018475,0.427236,0.003722,0.018286,0.427095,0.018959,0.427657,-2.133782,0.000,0.000,-0.000,0.001949,0,0.000
3.5975,0.386394,0.469937,0.450482,-0.274727,0.010990,0.164837,0.385937,0.467987,0.450849,-0.009138,-0.039012,0.007332,-0.036630,-0.056166,-0.002442,0.004257,0.018382,0.427263,0.003721,0.018286,0.427095,0.018868,0.427679,-2.133803,0.000,0.000,-0.000,0.001985,0,0.000
3.6061,0.386394,0.469937,0.450482,0.010990,-0.054947,-0.054947,0.385937,0.467986,0.450850,-0.009143,-0.039030,0.007355,-0.002442,-0.056166,0.012210,0.004257,0.018382,0.427263,0.003721,0.018286,0.427095,0.018868,0.427679,-2.133829,0.000,0.000,-0.000,0.001951,0,0.000
3.6149,0.386394,0.469937,0.450101,0.076923,-0.362637,-0.098900,0.385902,0.467949,0.450796,-0.009857,-0.039771,0.013910,-0.012210,-0.070818,0.012210,0.004340,0.018334,0.427242,0.003720,0.018286,0.427095,0.018841,0.427657,-2.133858,0.000,0.000,-0.000,0.001951,0,0.000
3.6248,0.386394,0.469937,0.450482,0.274727,-0.120880,0.164837,0.385937,0.467984,0.450852,-0.009152,-0.039064,0.007398,-0.002442,-0.065934,0.017094,0.004257,0.018382,0.427263,0.003720,0.018286,0.427095,0.018868,0.427679,-2.133878,0.000,0.000,-0.000,0.001989,0,0.000
3.6346,0.386394,0.470319,0.450482,0.032967,0.450550,0.208790,0.385972,0.468038,0.450889,-0.008446,-0.045611,0.008139,-0.036630,-0.051282,-0.012210,0.004340,0.018430,0.427282,0.003720,0.018286,0.427095,0.018934,0.427701,-2.133901,0.000,0.000,-0.000,0.002335,0,0.000
3.6444,0.386394,0.470319,0.450482,-0.098900,0.098900,-0.076923,0.385972,0.468037,0.450890,-0.008450,-0.045627,0.008159,-0.056166,-0.085470,-0.002442,0.004340,0.018430,0.427282,0.003719,0.018286,0.427095,0.018934,0.427701,-2.133924,0.000,0.000,-0.000,0.002281,0,0.000
3.6546,0.386394,0.470319,0.450482,0.142857,0.208790,-0.032967,0.385972,0.468037,0.450891,-0.008454,-0.045639,0.008175,-0.002442,-0.046398,-0.017094,0.004340,0.018430,0.427282,0.003719,0.018287,0.427095,0.018934,0.427701,-2.133941,0.000,0.000,-0.000,0.002281,0,0.000
3.6648,0.386394,0.469937,0.450482,0.010990,-0.120880,-0.054947,0.385936,0.467982,0.450855,-0.009166,-0.039114,0.007461,-0.021978,-0.056166,0.002442,0.004257,0.018382,0.427263,0.003719,0.018287,0.427095,0.018868,0.427679,-2.133949,0.000,0.000,-0.000,0.001900,0,0.000
3.6752,0.386776,0.470319,0.450482,0.472527,0.582417,0.032967,0.386027,0.468072,0.450927,-0.014987,-0.044940,0.008899,-0.021978,-0.041514,0.002442,0.004340,0.018337,0.427308,0.003719,0.018287,0.427095,0.018843,0.427724,-2.133958,0.000,0.000,-0.000,0.002337,0,0.000
3.6847,0.386394,0.469937,0.450101,-0.054947,-0.076923,-0.186813,0.385901,0.467945,0.450801,-0.009876,-0.039840,0.013999,-0.012210,-0.080586,-0.007326,0.004340,0.018334,0.427242,0.003719,0.018287,0.427095,0.018841,0.427657,-2.133958,0.000,0.000,-0.000,0.001866,0,0.000
3.6950,0.386394,0.469937,0.450101,0.054947,-0.428570,-0.362637,0.385901,0.467945,0.450801,-0.009877,-0.039843,0.014002,-0.051282,-0.041514,-0.021978,0.004340,0.018334,0.427242,0.003718,0.018287,0.427095,0.018841,0.427657,-2.133961,0.000,0.000,-0.000,0.001992,0,0.000
3.7051,0.386394,0.469937,0.450482,-0.142857,0.010990,0.142857,0.385936,0.467981,0.450856,-0.009168,-0.039121,0.007471,0.012210,-0.041514,0.031746,0.004257,0.018382,0.427263,0.003718,0.018287,0.427095,0.018868,0.427679,-2.133960,0.000,0.000,-0.000,0.001992,0,0.000
3.7150,0.386394,0.469937,0.450101,-0.142857,0.076923,-0.428570,0.385901,0.467945,0.450801,-0.009877,-0.039841,0.014000,-0.036630,-0.017094,0.007326,0.004340,0.018334,0.427242,0.003719,0.018287,0.427095,0.018841,0.427657,-2.133958,0.000,0.000,-0.000,0.001956,0,0.000
3.7251,0.386394,0.469937,0.450482,-0.318680,-0.098900,-0.032967,0.385936,0.467981,0.450856,-0.009167,-0.039117,0.007466,-0.007326,-0.065934,-0.002442,0.004257,0.018382,0.427263,0.003719,0.018287,0.427095,0.018868,0.427679,-2.133954,0.000,0.000,-0.000,0.001992,0,0.000
3.7357,0.386776,0.470319,0.450482,-0.054947,0.340660,0.098900,0.386026,0.468071,0.450927,-0.014988,-0.044944,0.008904,-0.026862,-0.065934,-0.017094,0.004340,0.018337,0.427308,0.003718,0.018287,0.427095,0.018843,0.427724,-2.133964,0.000,0.000,-0.000,0.002337,0,0.000
3.7456,0.387157,0.470319,0.450482,0.164837,0.120880,0.318680,0.386081,0.468107,0.450963,-0.021518,-0.044235,0.009615,-0.061050,-0.065934,0.012210,0.004340,0.018243,0.427335,0.003718,0.018287,0.427095,0.018752,0.427746,-2.133967,0.000,0.000,-0.000,0.002247,0,0.000
3.7583,0.387157,0.470319,0.450482,0.032967,0.186813,-0.032967,0.386081,0.468106,0.450964,-0.021521,-0.044247,0.009631,-0.070818,-0.075702,-0.041514,0.004340,0.018243,0.427335,0.003718,0.018287,0.427095,0.018752,0.427746,-2.133984,0.000,0.000,-0.000,0.002212,0,0.000
3.7689,0.387157,0.470319,0.450482,-0.010990,0.120880,-0.010990,0.386081,0.468106,0.450964,-0.021524,-0.044257,0.009643,-0.070818,-0.061050,-0.026862,0.004340,0.018243,0.427335,0.003718,0.018287,0.427095,0.018752,0.427746,-2.133997,0.000,0.000,-0.000,0.002212,0,0.000
3.7806,0.386776,0.470319,0.450482,-0.252747,0.076923,0.516483,0.386026,0.468070,0.450929,-0.014995,-0.044974,0.008942,-0.056166,-0.046398,0.031746,0.004340,0.018337,0.427308,0.003718,0.018287,0.427095,0.018843,0.427724,-2.134006,0.000,0.000,-0.000,0.002213,0,0.000
3.7896,0.387157,0.469937,0.450482,0.098900,-0.164837,0.318680,0.386045,0.468050,0.450930,-0.022240,-0.037746,0.008948,-0.026862,-0.080586,0.021978,0.004257,0.018195,0.427316,0.003717,0.018287,0.427095,0.018686,0.427724,-2.134026,0.000,0.000,-0.000,0.001867,0,0.000
3.7998,0.387157,0.470319,0.450482,0.054947,0.274727,0.054947,0.386081,0.468104,0.450966,-0.021533,-0.044290,0.009685,-0.051282,-0.056166,0.012210,0.004340,0.018243,0.427335,0.003717,0.018287,0.427095,0.018752,0.427746,-2.134044,0.000,0.000,-0.000,0.002269,0,0.000
3.8091,0.387157,0.470319,0.450482,0.120880,0.142857,0.384617,0.386081,0.468104,0.450967,-0.021534,-0.044294,0.009691,-0.036630,-0.051282,-0.002442,0.004340,0.018243,0.427335,0.003717,0.018287,0.427095,0.018752,0.427746,-2.134051,0.000,0.000,-0.000,0.002214,0,0.000
3.8160,0.387157,0.469937,0.450482,0.054947,-0.142857,-0.230770,0.386045,0.468048,0.450932,-0.022249,-0.037778,0.008989,-0.056166,-0.036630,-0.017094,0.004257,0.018195,0.427316,0.003716,0.018287,0.427095,0.018686,0.427724,-2.134072,0.000,0.000,-0.000,0.001833,0,0.000
3.8272,0.387539,0.469937,0.450482,0.230770,-0.142857,-0.208790,0.386100,0.468083,0.450968,-0.028780,-0.037074,0.009707,-0.075702,-0.090354,-0.021978,0.004257,0.018101,0.427342,0.003716,0.018287,0.427095,0.018595,0.427747,-2.134082,0.000,0.000,-0.000,0.001889,0,0.000
3.8399,0.387157,0.470319,0.450482,-0.252747,0.076923,-0.032967,0.386080,0.468103,0.450968,-0.021541,-0.044320,0.009723,-0.075702,-0.041514,-0.007326,0.004340,0.018243,0.427335,0.003716,0.018287,0.427095,0.018752,0.427746,-2.134088,0.000,0.000,-0.000,0.002235,0,0.000
3.8462,0.387157,0.469937,0.450482,-0.362637,-0.010990,0.010990,0.386045,0.468048,0.450932,-0.022251,-0.037788,0.009002,-0.046398,-0.041514,0.012210,0.004257,0.018195,0.427316,0.003716,0.018287,0.427095,0.018686,0.427724,-2.134087,0.000,0.000,-0.000,0.001835,0,0.000
3.8563,0.387157,0.469937,0.450482,-0.296703,0.010990,0.032967,0.386045,0.468048,0.450932,-0.022252,-0.037789,0.009003,-0.061050,-0.017094,0.007326,0.004257,0.018195,0.427316,0.003716,0.018287,0.427095,0.018686,0.427724,-2.134088,0.000,0.000,-0.000,0.001889,0,0.000
3.8690,0.387539,0.469937,0.450482,0.098900,-0.054947,-0.252747,0.386100,0.468083,0.450968,-0.028781,-0.037079,0.009712,-0.056166,-0.065934,-0.026862,0.004257,0.018101,0.427342,0.003716,0.018287,0.427095,0.018595,0.427747,-2.134088,0.000,0.000,-0.000,0.001889,0,0.000
3.8797,0.387539,0.470319,0.450482,0.076923,0.230770,-0.164837,0.386135,0.468138,0.451004,-0.028070,-0.043609,0.010432,-0.061050,-0.036630,-0.017094,0.004340,0.018150,0.427361,0.003716,0.018287,0.427095,0.018661,0.427768,-2.134088,0.000,0.000,-0.000,0.002235,0,0.000
3.8866,0.387539,0.470319,0.450482,-0.010990,-0.098900,-0.054947,0.386135,0.468138,0.451004,-0.028071,-0.043613,0.010437,-0.017094,-0.070818,-0.031746,0.004340,0.018150,0.427361,0.003716,0.018287,0.427095,0.018661,0.427768,-2.134093,0.000,0.000,-0.000,0.002180,0,0.000
3.8968,0.387539,0.469937,0.450482,-0.076923,-0.208790,0.186813,0.386100,0.468083,0.450968,-0.028783,-0.037084,0.009719,-0.036630,-0.046398,0.002442,0.004257,0.018101,0.427342,0.003716,0.018287,0.427095,0.018595,0.427747,-2.134096,0.000,0.000,-0.000,0.001799,0,0.000
3.9069,0.387920,0.469937,0.450482,0.230770,-0.010990,0.186813,0.386155,0.468118,0.451004,-0.035314,-0.036377,0.010433,-0.061050,-0.031746,0.012210,0.004257,0.018008,0.427369,0.003716,0.018287,0.427095,0.018504,0.427769,-2.134101,0.000,0.000,-0.000,0.001854,0,0.000
3.9170,0.387539,0.470319,0.450482,-0.340660,0.296703,0.098900,0.386135,0.468138,0.451005,-0.028073,-0.043619,0.010445,-0.056166,-0.046398,-0.012210,0.004340,0.018150,0.427361,0.003716,0.018287,0.427095,0.018661,0.427768,-2.134102,0.000,0.000,-0.000,0.002200,0,0.000
3.9287,0.387539,0.469937,0.450482,-0.208790,-0.120880,-0.164837,0.386100,0.468083,0.450969,-0.028785,-0.037092,0.009729,-0.065934,-0.061050,-0.031746,0.004257,0.018101,0.427342,0.003716,0.018287,0.427095,0.018595,0.427747,-2.134107,0.000,0.000,-0.000,0.001799,0,0.000
3.9383,0.387539,0.469937,0.450482,-0.098900,-0.010990,0.274727,0.386099,0.468082,0.450969,-0.028787,-0.037098,0.009737,-0.051282,-0.046398,0.012210,0.004257,0.018101,0.427342,0.003716,0.018287,0.427095,0.018595,0.427747,-2.134116,0.000,0.000,-0.000,0.001855,0,0.000
3.9501,0.387920,0.469937,0.450482,0.296703,0.120880,0.164837,0.386154,0.468118,0.451005,-0.035318,-0.036392,0.010452,-0.021978,-0.051282,0.002442,0.004257,0.018008,0.427369,0.003716,0.018287,0.427095,0.018504,0.427769,-2.134123,0.000,0.000,-0.000,0.001855,0,0.000
3.9576,0.387920,0.469937,0.450482,0.098900,0.142857,0.186813,0.386154,0.468118,0.451005,-0.035317,-0.036389,0.010448,-0.065934,-0.007326,-0.021978,0.004257,0.018008,0.427369,0.003716,0.018287,0.427095,0.018504,0.427769,-2.134118,0.000,0.000,-0.000,0.001820,0,0.000
3.9682,0.387920,0.469937,0.450482,0.384617,0.120880,-0.076923,0.386154,0.468118,0.451005,-0.035317,-0.036390,0.010450,-0.051282,-0.036630,-0.031746,0.004257,0.018008,0.427369,0.003716,0.018287,0.427095,0.018504,0.427769,-2.134120,0.000,0.000,-0.000,0.001819,0,0.000
3.9781,0.387920,0.469937,0.450482,0.186813,-0.186813,0.120880,0.386154,0.468118,0.451005,-0.035318,-0.036393,0.010453,-0.075702,-0.041514,-0.017094,0.004257,0.018008,0.427369,0.003715,0.018287,0.427095,0.018504,0.427769,-2.134124,0.000,0.000,-0.000,0.001820,0,0.000
3.9879,0.387920,0.469937,0.450482,-0.076923,0.296703,-0.340660,0.386154,0.468118,0.451005,-0.035318,-0.036392,0.010452,-0.065934,-0.051282,0.017094,0.004257,0.018008,0.427369,0.003716,0.018287,0.427095,0.018504,0.427769,-2.134122,0.000,0.000,-0.000,0.001820,0,0.000
3.9982,0.387539,0.469937,0.450482,-0.230770,0.054947,0.098900,0.386099,0.468082,0.450969,-0.028787,-0.037100,0.009739,-0.031746,-0.046398,-0.002442,0.004257,0.018101,0.427342,0.003716,0.018287,0.427095,0.018595,0.427747,-2.134118,0.000,0.000,-0.000,0.001820,0,0.000
4.0080,0.387920,0.469556,0.450482,0.010990,-0.142857,0.054947,0.386119,0.468063,0.450968,-0.036027,-0.029855,0.009724,-0.105006,-0.036630,0.017094,0.004173,0.017959,0.427350,0.003716,0.018287,0.427095,0.018438,0.427747,-2.134114,0.000,0.000,-0.000,0.001821,0,0.000
4.0181,0.387920,0.469937,0.450482,-0.472527,-0.120880,0.076923,0.386155,0.468118,0.451004,-0.035313,-0.036376,0.010432,-0.080586,-0.046398,0.017094,0.004257,0.018008,0.427369,0.003716,0.018287,0.427095,0.018504,0.427769,-2.134100,0.000,0.000,-0.000,0.001874,0,0.000
4.0285,0.387920,0.469556,0.450482,-0.010990,0.186813,-0.076923,0.386119,0.468064,0.450968,-0.036024,-0.029843,0.009709,-0.041514,-0.021978,-0.021978,0.004173,0.017959,0.427350,0.003716,0.018287,0.427095,0.018438,0.427747,-2.134097,0.000,0.000,-0.000,0.001766,0,0.000
4.0383,0.387920,0.469556,0.450482,0.098900,0.120880,-0.252747,0.386119,0.468064,0.450967,-0.036022,-0.029838,0.009702,-0.046398,-0.041514,-0.002442,0.004173,0.017959,0.427350,0.003716,0.018287,0.427095,0.018438,0.427747,-2.134089,0.000,0.000,-0.000,0.001801,0,0.000
4.0485,0.387920,0.469556,0.450482,0.098900,-0.032967,-0.230770,0.386119,0.468064,0.450967,-0.036020,-0.029831,0.009694,-0.041514,-0.070818,-0.036630,0.004173,0.017959,0.427350,0.003716,0.018287,0.427095,0.018438,0.427747,-2.134079,0.000,0.000,-0.000,0.001801,0,0.000
4.0584,0.387920,0.469937,0.450482,-0.054947,0.362637,0.142857,0.386155,0.468119,0.451003,-0.035308,-0.036356,0.010406,-0.031746,-0.051282,-0.002442,0.004257,0.018008,0.427369,0.003716,0.018287,0.427095,0.018504,0.427769,-2.134071,0.000,0.000,-0.000,0.001873,0,0.000
4.0679,0.388302,0.469556,0.450482,0.142857,0.186813,-0.142857,0.386174,0.468100,0.451002,-0.042548,-0.029112,0.010393,-0.046398,-0.036630,-0.002442,0.004173,0.017866,0.427376,0.003717,0.018287,0.427095,0.018347,0.427770,-2.134069,0.000,0.000,-0.000,0.002147,0,0.000
4.0781,0.388302,0.469556,0.450482,0.384617,0.010990,0.054947,0.386174,0.468100,0.451002,-0.042547,-0.029111,0.010391,-0.070818,-0.012210,-0.007326,0.004173,0.017866,0.427376,0.003717,0.018287,0.427095,0.018347,0.427770,-2.134067,0.000,0.000,-0.000,0.002127,0,0.000
4.0880,0.388302,0.469556,0.450482,0.274727,-0.076923,-0.010990,0.386174,0.468100,0.451001,-0.042546,-0.029106,0.010385,-0.041514,-0.031746,-0.017094,0.004173,0.017866,0.427376,0.003717,0.018287,0.427095,0.018347,0.427770,-2.134059,0.000,0.000,-0.000,0.002127,0,0.000
4.0981,0.388302,0.469556,0.450482,0.340660,0.230770,0.340660,0.386174,0.468101,0.451001,-0.042545,-0.029103,0.010381,-0.051282,-0.021978,0.017094,0.004173,0.017866,0.427376,0.003717,0.018287,0.427095,0.018347,0.427770,-2.134055,0.000,0.000,0.000,0.002127,0,0.000
4.1081,0.387920,0.469556,0.450482,-0.208790,-0.010990,0.340660,0.386120,0.468065,0.450966,-0.036015,-0.029811,0.009668,-0.075702,-0.036630,0.012210,0.004173,0.017959,0.427350,0.003717,0.018287,0.427095,0.018438,0.427747,-2.134051,0.000,0.000,0.000,0.001746,0,0.000
4.1215,0.388302,0.469556,0.450482,0.120880,0.274727,-0.494507,0.386175,0.468101,0.451001,-0.042543,-0.029093,0.010369,-0.056166,-0.051282,-0.017094,0.004173,0.017866,0.427376,0.003717,0.018287,0.427095,0.018347,0.427770,-2.134042,0.000,0.000,0.000,0.002182,0,0.000
4.1289,0.388302,0.469174,0.450482,0.032967,-0.032967,0.362637,0.386139,0.468047,0.450964,-0.043251,-0.022552,0.009636,-0.041514,-0.041514,0.017094,0.004089,0.017818,0.427357,0.003717,0.018287,0.427095,0.018281,0.427748,-2.134027,0.000,0.000,0.000,0.002127,0,0.000
4.1390,0.387920,0.469174,0.450482,-0.032967,-0.494507,0.274727,0.386084,0.468011,0.450928,-0.036719,-0.023257,0.008918,-0.031746,-0.046398,0.021978,0.004089,0.017911,0.427330,0.003717,0.018287,0.427095,0.018372,0.427725,-2.134018,0.000,0.000,0.000,0.001781,0,0.000
4.1491,0.388302,0.469174,0.450864,0.120880,-0.054947,0.252747,0.386175,0.468083,0.451018,-0.042540,-0.021824,0.003095,-0.065934,-0.036630,-0.051282,0.004006,0.017866,0.427378,0.003717,0.018287,0.427095,0.018309,0.427770,-2.134015,0.000,0.000,0.000,0.002217,0,0.000
4.1592,0.387920,0.469174,0.450482,-0.186813,-0.384617,-0.120880,0.386084,0.468012,0.450928,-0.036718,-0.023254,0.008915,-0.046398,-0.031746,-0.031746,0.004089,0.017911,0.427330,0.003718,0.018287,0.427095,0.018372,0.427725,-2.134013,0.000,0.000,0.000,0.001746,0,0.000
4.1692,0.387920,0.469174,0.450482,-0.604397,0.142857,0.208790,0.386084,0.468011,0.450928,-0.036719,-0.023255,0.008917,-0.085470,-0.036630,-0.012210,0.004089,0.017911,0.427330,0.003717,0.018287,0.427095,0.018372,0.427725,-2.134016,0.000,0.000,0.000,0.001836,0,0.000
4.1793,0.388302,0.469174,0.450482,0.054947,0.142857,0.010990,0.386139,0.468047,0.450963,-0.043247,-0.022537,0.009616,-0.056166,-0.046398,0.026862,0.004089,0.017818,0.427357,0.003718,0.018287,0.427095,0.018281,0.427748,-2.134005,0.000,0.000,0.000,0.002217,0,0.000
4.1895,0.388302,0.469174,0.450482,0.142857,-0.230770,0.010990,0.386139,0.468048,0.450963,-0.043245,-0.022530,0.009607,-0.051282,-0.041514,0.021978,0.004089,0.017818,0.427357,0.003718,0.018287,0.427095,0.018281,0.427748,-2.133996,0.000,0.000,0.000,0.002162,0,0.000
4.1996,0.387920,0.469174,0.450482,-0.032967,0.142857,0.076923,0.386085,0.468013,0.450926,-0.036711,-0.023229,0.008882,-0.046398,-0.041514,0.021978,0.004089,0.017911,0.427330,0.003718,0.018287,0.427095,0.018372,0.427725,-2.133977,0.000,0.000,0.000,0.001781,0,0.000
4.2096,0.387920,0.469174,0.450482,-0.010990,0.076923,0.318680,0.386085,0.468013,0.450926,-0.036712,-0.023230,0.008884,-0.041514,-0.021978,0.002442,0.004089,0.017911,0.427330,0.003718,0.018287,0.427095,0.018372,0.427725,-2.133979,0.000,0.000,0.000,0.001836,0,0.000
4.2196,0.387920,0.469174,0.450482,-0.142857,0.318680,-0.010990,0.386085,0.468013,0.450926,-0.036711,-0.023227,0.008880,-0.065934,-0.031746,0.012210,0.004089,0.017911,0.427330,0.003718,0.018287,0.427095,0.018372,0.427725,-2.133975,0.000,0.000,0.000,0.001836,0,0.000
4.2296,0.387920,0.469174,0.450482,-0.208790,-0.076923,-0.076923,0.386085,0.468013,0.450926,-0.036709,-0.023221,0.008873,-0.075702,-0.026862,0.007326,0.004089,0.017911,0.427330,0.003718,0.018287,0.427095,0.018372,0.427725,-2.133966,0.000,0.000,0.000,0.001836,0,0.000
4.2398,0.388302,0.468793,0.450482,0.670330,-0.274727,0.208790,0.386104,0.467994,0.450925,-0.043949,-0.015974,0.008855,-0.012210,-0.021978,0.007326,0.004005,0.017769,0.427338,0.003718,0.018287,0.427095,0.018215,0.427726,-2.133960,0.000,0.000,0.000,0.002217,0,0.000
4.2500,0.387920,0.469174,0.450482,-0.054947,0.164837,0.142857,0.386085,0.468014,0.450925,-0.036705,-0.023205,0.008852,-0.065934,-0.017094,-0.026862,0.004089,0.017911,0.427330,0.003719,0.018287,0.427095,0.018372,0.427725,-2.133943,0.000,0.000,0.000,0.001816,0,0.000
4.2598,0.387920,0.469174,0.450482,-0.208790,-0.032967,0.120880,0.386085,0.468015,0.450924,-0.036701,-0.023190,0.008833,-0.070818,-0.026862,0.021978,0.004089,0.017911,0.427330,0.003719,0.018286,0.427095,0.018372,0.427725,-2.133922,0.000,0.000,0.000,0.001835,0,0.000
4.2700,0.387920,0.469174,0.450482,-0.340660,0.076923,-0.032967,0.386085,0.468015,0.450923,-0.036699,-0.023181,0.008822,-0.051282,-0.036630,-0.017094,0.004089,0.017911,0.427330,0.003719,0.018286,0.427095,0.018372,0.427725,-2.133910,0.000,0.000,0.000,0.001835,0,0.000
4.2800,0.387920,0.468793,0.450482,0.054947,-0.098900,0.010990,0.386050,0.467961,0.450887,-0.037408,-0.016646,0.008096,-0.041514,-0.036630,0.007326,0.004005,0.017863,0.427311,0.003720,0.018286,0.427095,0.018306,0.427703,-2.133903,0.000,0.000,0.000,0.001835,0,0.000
4.2902,0.387920,0.468793,0.450482,0.032967,-0.164837,0.120880,0.386050,0.467961,0.450886,-0.037406,-0.016637,0.008085,-0.075702,-0.002442,0.007326,0.004005,0.017863,0.427311,0.003720,0.018286,0.427095,0.018306,0.427703,-2.133890,0.000,0.000,0.000,0.001870,0,0.000
4.3001,0.387539,0.468793,0.450482,-0.318680,-0.164837,0.230770,0.385995,0.467926,0.450851,-0.030874,-0.017341,0.007368,-0.012210,-0.021978,0.007326,0.004005,0.017956,0.427285,0.003720,0.018286,0.427095,0.018398,0.427681,-2.133881,0.000,0.000,0.000,0.001489,0,0.000
4.3102,0.387920,0.468793,0.450482,0.142857,-0.340660,-0.032967,0.386050,0.467961,0.450886,-0.037404,-0.016630,0.008076,-0.036630,-0.017094,-0.017094,0.004005,0.017863,0.427311,0.003720,0.018286,0.427095,0.018306,0.427703,-2.133880,0.000,0.000,0.000,0.001925,0,0.000
4.3204,0.387920,0.468793,0.450482,-0.142857,0.010990,-0.252747,0.386050,0.467962,0.450885,-0.037401,-0.016621,0.008064,-0.036630,-0.036630,-0.007326,0.004005,0.017863,0.427311,0.003720,0.018286,0.427095,0.018306,0.427703,-2.133868,0.000,0.000,0.000,0.001870,0,0.000
4.3300,0.387920,0.468793,0.450482,-0.186813,0.164837,-0.318680,0.386050,0.467962,0.450885,-0.037400,-0.016616,0.008058,-0.065934,-0.017094,-0.026862,0.004005,0.017863,0.427311,0.003720,0.018286,0.427095,0.018306,0.427703,-2.133861,0.000,0.000,0.000,0.001870,0,0.000
4.3406,0.387539,0.468793,0.450482,-0.384617,-0.054947,0.230770,0.385995,0.467927,0.450849,-0.030868,-0.017317,0.007337,-0.041514,-0.041514,0.007326,0.004005,0.017956,0.427285,0.003721,0.018286,0.427095,0.018398,0.427681,-2.133847,0.000,0.000,0.000,0.001489,0,0.000
4.3505,0.387539,0.468793,0.450482,-0.098900,-0.054947,-0.120880,0.385995,0.467927,0.450849,-0.030866,-0.017312,0.007330,-0.021978,-0.046398,-0.017094,0.004005,0.017956,0.427285,0.003721,0.018286,0.427095,0.018398,0.427681,-2.133839,0.000,0.000,0.000,0.001543,0,0.000
4.3601,0.387539,0.468793,0.450864,-0.428570,-0.274727,0.538460,0.386031,0.467963,0.450903,-0.030156,-0.016587,0.000794,-0.026862,-0.026862,0.002442,0.003922,0.018004,0.427306,0.003721,0.018286,0.427095,0.018427,0.427703,-2.133832,0.000,0.000,0.000,0.001543,0,0.000
4.3707,0.387920,0.468793,0.450482,0.208790,0.032967,0.142857,0.386051,0.467963,0.450883,-0.037393,-0.016589,0.008024,-0.026862,-0.007326,-0.012210,0.004005,0.017863,0.427311,0.003721,0.018286,0.427095,0.018306,0.427703,-2.133822,0.000,0.000,0.000,0.001889,0,0.000
4.3810,0.387539,0.468793,0.450482,0.142857,0.274727,0.230770,0.385996,0.467928,0.450847,-0.030861,-0.017291,0.007304,-0.017094,-0.021978,0.007326,0.004005,0.017956,0.427285,0.003721,0.018286,0.427095,0.018398,0.427681,-2.133809,0.000,0.000,0.000,0.001488,0,0.000
4.3903,0.387539,0.468793,0.450482,0.142857,0.384617,-0.142857,0.385996,0.467929,0.450847,-0.030857,-0.017280,0.007289,-0.036630,-0.007326,-0.002442,0.004005,0.017956,0.427285,0.003722,0.018286,0.427095,0.018398,0.427681,-2.133793,0.000,0.000,0.000,0.001543,0,0.000
4.4009,0.387920,0.468793,0.450482,0.362637,0.428570,0.252747,0.386051,0.467965,0.450881,-0.037383,-0.016555,0.007980,-0.026862,-0.021978,-0.017094,0.004005,0.017863,0.427311,0.003722,0.018286,0.427095,0.018306,0.427703,-2.133773,0.000,0.000,0.000,0.001924,0,0.000
4.4108,0.387539,0.468793,0.450482,-0.230770,-0.054947,0.032967,0.385996,0.467930,0.450845,-0.030849,-0.017248,0.007249,-0.036630,-0.036630,-0.046398,0.004005,0.017956,0.427285,0.003722,0.018286,0.427095,0.018398,0.427681,-2.133748,0.000,0.000,0.000,0.001488,0,0.000
4.4208,0.387539,0.468793,0.450482,-0.120880,0.054947,0.164837,0.385997,0.467931,0.450844,-0.030846,-0.017236,0.007234,-0.031746,-0.026862,0.017094,0.004005,0.017956,0.427285,0.003723,0.018286,0.427095,0.018398,0.427681,-2.133731,0.000,0.000,0.000,0.001542,0,0.000
4.4310,0.387539,0.468411,0.450482,0.076923,-0.098900,0.076923,0.385961,0.467876,0.450807,-0.031554,-0.010697,0.006503,-0.056166,-0.017094,0.007326,0.003922,0.017908,0.427266,0.003723,0.018286,0.427095,0.018333,0.427659,-2.133719,0.000,0.000,0.000,0.001542,0,0.000
4.4411,0.387157,0.468411,0.450482,-0.208790,-0.054947,0.120880,0.385906,0.467842,0.450771,-0.025020,-0.011393,0.005775,-0.012210,-0.017094,0.002442,0.003922,0.018002,0.427239,0.003723,0.018286,0.427095,0.018424,0.427636,-2.133698,0.000,0.000,0.000,0.001196,0,0.000
4.4511,0.387157,0.468411,0.450482,-0.252747,-0.186813,-0.010990,0.385906,0.467842,0.450770,-0.025018,-0.011382,0.005761,-0.036630,-0.002442,0.007326,0.003922,0.018002,0.427239,0.003724,0.018286,0.427095,0.018424,0.427636,-2.133682,0.000,0.000,0.000,0.001251,0,0.000
4.4610,0.387157,0.468411,0.450482,0.054947,-0.120880,0.252747,0.385907,0.467843,0.450769,-0.025013,-0.011365,0.005739,-0.036630,-0.026862,-0.021978,0.003922,0.018002,0.427239,0.003724,0.018285,0.427095,0.018424,0.427636,-2.133657,0.000,0.000,0.000,0.001251,0,0.000
4.4708,0.387157,0.468793,0.450482,0.010990,0.164837,0.208790,0.385942,0.467899,0.450804,-0.024299,-0.017884,0.006444,-0.056166,-0.021978,-0.021978,0.004005,0.018050,0.427259,0.003724,0.018285,0.427095,0.018489,0.427658,-2.133640,0.000,0.000,0.000,0.001251,0,0.000
4.4812,0.387157,0.468411,0.450482,-0.098900,-0.230770,-0.142857,0.385907,0.467844,0.450768,-0.025006,-0.011342,0.005710,-0.046398,-0.017094,-0.021978,0.003922,0.018002,0.427239,0.003725,0.018285,0.427095,0.018424,0.427636,-2.133625,0.000,0.000,0.000,0.001215,0,0.000
4.4912,0.387539,0.468411,0.450482,0.164837,-0.142857,-0.230770,0.385962,0.467880,0.450802,-0.031533,-0.010618,0.006402,-0.041514,-0.036630,-0.012210,0.003922,0.017908,0.427266,0.003725,0.018285,0.427095,0.018333,0.427659,-2.133606,0.000,0.000,0.000,0.001632,0,0.000
4.5009,0.387157,0.468411,0.450482,-0.098900,-0.142857,0.208790,0.385907,0.467845,0.450766,-0.025000,-0.011318,0.005679,-0.041514,-0.026862,-0.007326,0.003922,0.018002,0.427239,0.003725,0.018285,0.427095,0.018424,0.427636,-2.133590,0.000,0.000,0.000,0.001195,0,0.000
4.5110,0.387157,0.468411,0.450864,-0.318680,-0.208790,0.296703,0.385943,0.467882,0.450821,-0.024289,-0.010591,-0.000860,-0.056166,-0.031746,-0.021978,0.003838,0.018050,0.427260,0.003725,0.018285,0.427095,0.018453,0.427658,-2.133580,0.000,0.000,0.000,0.001250,0,0.000
4.5217,0.387157,0.468793,0.450101,0.076923,0.318680,-0.450550,0.385908,0.467865,0.450746,-0.024994,-0.018556,0.012913,-0.036630,-0.031746,-0.007326,0.004088,0.018002,0.427238,0.003726,0.018285,0.427095,0.018460,0.427636,-2.133572,0.000,0.000,0.000,0.001214,0,0.000
4.5316,0.386776,0.468793,0.450482,-0.296703,0.252747,-0.252747,0.385888,0.467866,0.450765,-0.017753,-0.018536,0.005661,-0.031746,-0.031746,-0.002442,0.004005,0.018144,0.427232,0.003726,0.018285,0.427095,0.018580,0.427636,-2.133557,0.000,0.000,0.000,0.000928,0,0.000
4.5418,0.386776,0.468411,0.450482,-0.032967,0.098900,0.252747,0.385853,0.467811,0.450729,-0.018462,-0.011998,0.004931,-0.031746,-0.026862,0.017094,0.003922,0.018095,0.427213,0.003726,0.018285,0.427095,0.018515,0.427614,-2.133546,0.000,0.000,0.000,0.000888,0,0.000
4.5519,0.387157,0.468411,0.450864,0.142857,-0.208790,0.362637,0.385943,0.467884,0.450818,-0.024279,-0.010555,-0.000905,-0.026862,-0.036630,-0.021978,0.003838,0.018050,0.427260,0.003726,0.018285,0.427095,0.018453,0.427658,-2.133529,0.000,0.000,0.000,0.001305,0,0.000
4.5619,0.386776,0.468411,0.450482,-0.142857,0.032967,-0.032967,0.385853,0.467812,0.450727,-0.018456,-0.011977,0.004905,-0.021978,-0.036630,-0.026862,0.003922,0.018095,0.427213,0.003727,0.018285,0.427095,0.018515,0.427614,-2.133517,0.000,0.000,0.000,0.000832,0,0.000
4.5718,0.386776,0.468411,0.450482,0.098900,0.054947,0.252747,0.385853,0.467813,0.450726,-0.018451,-0.011960,0.004882,-0.026862,-0.017094,0.012210,0.003922,0.018095,0.427213,0.003727,0.018285,0.427095,0.018515,0.427614,-2.133491,0.000,0.000,0.000,0.000923,0,0.000
4.5824,0.386776,0.468411,0.450482,0.230770,-0.032967,-0.230770,0.385853,0.467814,0.450726,-0.018448,-0.011947,0.004866,-0.021978,-0.007326,0.002442,0.003922,0.018095,0.427213,0.003727,0.018285,0.427095,0.018515,0.427614,-2.133473,0.000,0.000,0.000,0.000923,0,0.000
4.5920,0.386776,0.468411,0.450482,0.076923,-0.076923,-0.054947,0.385854,0.467815,0.450725,-0.018444,-0.011932,0.004847,-0.021978,-0.026862,-0.065934,0.003922,0.018095,0.427213,0.003728,0.018285,0.427095,0.018515,0.427614,-2.133452,0.000,0.000,0.000,0.000922,0,0.000
4.6023,0.386776,0.468411,0.450482,0.032967,-0.010990,0.142857,0.385854,0.467815,0.450724,-0.018441,-0.011921,0.004833,-0.046398,-0.017094,-0.031746,0.003922,0.018095,0.427213,0.003728,0.018285,0.427095,0.018515,0.427614,-2.133436,0.000,0.000,0.000,0.000922,0,0.000
4.6122,0.386394,0.468411,0.450101,-0.010990,0.230770,-0.230770,0.385764,0.467744,0.450633,-0.012616,-0.013338,0.010636,-0.026862,-0.041514,0.017094,0.004005,0.018141,0.427166,0.003728,0.018285,0.427095,0.018578,0.427569,-2.133416,0.000,0.000,0.000,0.000623,0,0.000
4.6226,0.386394,0.468411,0.450482,-0.054947,-0.032967,0.230770,0.385799,0.467781,0.450686,-0.011902,-0.012600,0.004083,0.002442,-0.012210,-0.031746,0.003922,0.018189,0.427186,0.003729,0.018284,0.427095,0.018607,0.427592,-2.133390,0.000,0.000,0.000,0.000667,0,0.000
4.6325,0.386394,0.468411,0.450482,-0.010990,0.076923,0.076923,0.385799,0.467782,0.450685,-0.011898,-0.012584,0.004063,-0.017094,-0.007326,-0.007326,0.003922,0.018189,0.427186,0.003729,0.018284,0.427095,0.018607,0.427592,-2.133368,0.000,0.000,0.000,0.000630,0,0.000
4.6425,0.386394,0.468411,0.450482,0.098900,0.120880,-0.010990,0.385800,0.467782,0.450685,-0.011896,-0.012578,0.004055,-0.021978,-0.021978,0.021978,0.003922,0.018189,0.427186,0.003729,0.018284,0.427095,0.018607,0.427592,-2.133358,0.000,0.000,0.000,0.000629,0,0.000
4.6525,0.386013,0.468411,0.450101,-0.494507,0.032967,-0.274727,0.385709,0.467712,0.450594,-0.006071,-0.013994,0.009857,-0.007326,-0.031746,-0.007326,0.004005,0.018234,0.427139,0.003730,0.018284,0.427095,0.018669,0.427547,-2.133337,0.000,0.000,0.000,0.000629,0,0.000
4.6628,0.386013,0.468030,0.450482,-0.274727,-0.054947,-0.208790,0.385709,0.467693,0.450612,-0.006070,-0.006733,0.002594,-0.007326,-0.021978,-0.026862,0.003838,0.018234,0.427141,0.003730,0.018284,0.427095,0.018634,0.427547,-2.133322,0.000,0.000,0.000,0.000318,0,0.000
4.6721,0.386013,0.468411,0.450482,-0.098900,0.076923,0.142857,0.385745,0.467748,0.450648,-0.005358,-0.013258,0.003307,0.007326,-0.026862,-0.012210,0.003922,0.018282,0.427160,0.003730,0.018284,0.427095,0.018698,0.427569,-2.133314,0.000,0.000,0.000,0.000718,0,0.000
4.6821,0.386013,0.468030,0.450482,-0.252747,-0.186813,0.098900,0.385710,0.467694,0.450611,-0.006067,-0.006719,0.002576,-0.026862,-0.021978,0.021978,0.003838,0.018234,0.427141,0.003731,0.018284,0.427095,0.018634,0.427547,-2.133303,0.000,0.000,0.000,0.000281,0,0.000
4.6928,0.386394,0.468411,0.450482,0.362637,0.164837,0.142857,0.385800,0.467785,0.450682,-0.011883,-0.012531,0.003995,-0.021978,-0.012210,-0.031746,0.003922,0.018189,0.427186,0.003731,0.018284,0.427095,0.018607,0.427592,-2.133291,0.000,0.000,0.000,0.000717,0,0.000
4.7030,0.386013,0.468030,0.450101,0.098900,0.010990,-0.362637,0.385674,0.467659,0.450555,-0.006772,-0.007425,0.009088,-0.041514,-0.012210,0.002442,0.003921,0.018186,0.427120,0.003731,0.018284,0.427095,0.018604,0.427525,-2.133283,0.000,0.000,0.000,0.000581,0,0.000
4.7124,0.385631,0.468411,0.450482,-0.142857,0.120880,0.076923,0.385690,0.467714,0.450610,0.001180,-0.013937,0.002557,-0.021978,-0.041514,0.026862,0.003921,0.018376,0.427133,0.003731,0.018284,0.427095,0.018790,0.427547,-2.133269,0.000,0.000,0.000,0.000753,0,0.000
4.7233,0.385631,0.468411,0.450482,0.076923,0.076923,0.032967,0.385691,0.467715,0.450609,0.001185,-0.013921,0.002537,0.002442,-0.041514,0.021978,0.003921,0.018376,0.427133,0.003732,0.018284,0.427095,0.018790,0.427547,-2.133246,0.000,0.000,0.000,0.000697,0,0.000
4.7332,0.385631,0.468030,0.450482,0.208790,-0.164837,0.186813,0.385655,0.467661,0.450572,0.000476,-0.007380,0.001805,-0.007326,-0.021978,-0.002442,0.003838,0.018328,0.427114,0.003732,0.018284,0.427095,0.018725,0.427525,-2.133233,0.000,0.000,0.000,0.000315,0,0.000
4.7432,0.385631,0.468411,0.450482,0.010990,0.186813,-0.120880,0.385691,0.467716,0.450608,0.001190,-0.013901,0.002512,-0.002442,-0.021978,-0.061050,0.003921,0.018376,0.427133,0.003732,0.018284,0.427095,0.018790,0.427547,-2.133218,0.000,0.000,0.000,0.000750,0,0.000
4.7532,0.385631,0.468030,0.450482,0.142857,-0.054947,-0.208790,0.385656,0.467662,0.450571,0.000482,-0.007362,0.001781,0.007326,-0.012210,-0.036630,0.003838,0.018328,0.427114,0.003732,0.018284,0.427095,0.018725,0.427525,-2.133206,0.000,0.000,0.000,0.000314,0,0.000
4.7631,0.385631,0.468030,0.450482,-0.054947,-0.296703,0.252747,0.385656,0.467662,0.450570,0.000485,-0.007349,0.001764,-0.002442,-0.017094,-0.012210,0.003838,0.018328,0.427114,0.003733,0.018284,0.427095,0.018725,0.427525,-2.133187,0.000,0.000,0.000,0.000368,0,0.000
4.7733,0.385631,0.468030,0.450482,0.054947,-0.252747,0.362637,0.385656,0.467663,0.450569,0.000489,-0.007334,0.001745,-0.026862,-0.017094,0.002442,0.003838,0.018328,0.427114,0.003733,0.018284,0.427095,0.018725,0.427525,-2.133166,0.000,0.000,0.000,0.000367,0,0.000
4.7834,0.385631,0.468411,0.450482,0.362637,-0.010990,-0.186813,0.385692,0.467719,0.450605,0.001203,-0.013852,0.002449,-0.012210,-0.026862,0.002442,0.003921,0.018376,0.427133,0.003733,0.018284,0.427095,0.018790,0.427547,-2.133148,0.000,0.000,0.000,0.000748,0,0.000
4.7938,0.385250,0.468030,0.450482,-0.274727,-0.054947,0.208790,0.385601,0.467629,0.450533,0.007025,-0.008023,0.001009,-0.007326,-0.021978,-0.012210,0.003838,0.018421,0.427088,0.003734,0.018284,0.427095,0.018817,0.427502,-2.133135,0.000,0.000,0.000,0.000442,0,0.000
4.8041,0.385631,0.468411,0.450482,0.296703,0.032967,-0.098900,0.385692,0.467720,0.450604,0.001208,-0.013835,0.002427,-0.017094,-0.021978,0.002442,0.003921,0.018376,0.427133,0.003734,0.018283,0.427095,0.018790,0.427547,-2.133123,0.000,0.000,0.000,0.000783,0,0.000
4.8136,0.385250,0.468411,0.450482,0.010990,0.296703,-0.186813,0.385637,0.467684,0.450568,0.007738,-0.014545,0.001717,0.007326,-0.046398,-0.017094,0.003921,0.018469,0.427107,0.003734,0.018283,0.427095,0.018881,0.427524,-2.133121,0.000,0.000,0.000,0.000692,0,0.000
4.8236,0.384869,0.468411,0.450482,-0.582417,0.054947,-0.120880,0.385582,0.467649,0.450532,0.014270,-0.015249,0.001000,0.007326,-0.026862,0.002442,0.003921,0.018563,0.427080,0.003734,0.018283,0.427095,0.018972,0.427502,-2.133112,0.000,0.000,0.000,0.000768,0,0.000
4.8337,0.385250,0.468411,0.450482,0.120880,0.032967,-0.076923,0.385637,0.467684,0.450568,0.007740,-0.014538,0.001708,0.007326,-0.017094,0.007326,0.003921,0.018469,0.427107,0.003734,0.018283,0.427095,0.018881,0.427524,-2.133112,0.000,0.000,0.000,0.000762,0,0.000
4.8447,0.385250,0.468411,0.450482,0.274727,0.186813,0.010990,0.385637,0.467685,0.450567,0.007742,-0.014530,0.001699,-0.007326,-0.031746,-0.017094,0.003921,0.018469,0.427107,0.003734,0.018283,0.427095,0.018881,0.427524,-2.133101,0.000,0.000,0.000,0.000727,0,0.000
4.8538,0.384869,0.468411,0.450101,-0.274727,-0.120880,-0.362637,0.385547,0.467614,0.450476,0.013565,-0.015955,0.007511,-0.012210,-0.046398,-0.031746,0.004005,0.018515,0.427060,0.003734,0.018283,0.427095,0.018943,0.427480,-2.133092,0.000,0.000,0.000,0.000769,0,0.000
4.8640,0.385250,0.468411,0.450482,0.230770,-0.010990,0.142857,0.385637,0.467685,0.450567,0.007745,-0.014520,0.001685,0.017094,-0.031746,0.017094,0.003921,0.018469,0.427107,0.003734,0.018283,0.427095,0.018881,0.427524,-2.133086,0.000,0.000,0.000,0.000798,0,0.000
4.8741,0.384869,0.468411,0.450482,-0.274727,0.098900,0.142857,0.385582,0.467650,0.450531,0.014276,-0.015227,0.000972,-0.036630,-0.031746,-0.012210,0.003921,0.018563,0.427080,0.003735,0.018283,0.427095,0.018972,0.427502,-2.133081,0.000,0.000,0.000,0.000769,0,0.000
4.8841,0.384869,0.468411,0.450482,-0.296703,0.186813,0.098900,0.385582,0.467650,0.450530,0.014278,-0.015219,0.000962,0.007326,-0.031746,-0.002442,0.003921,0.018563,0.427080,0.003735,0.018283,0.427095,0.018972,0.427502,-2.133070,0.000,0.000,0.000,0.000761,0,0.000
4.8944,0.384487,0.468411,0.450482,-0.186813,0.274727,-0.208790,0.385527,0.467615,0.450494,0.020809,-0.015924,0.000245,0.036630,-0.041514,-0.026862,0.003921,0.018656,0.427054,0.003735,0.018283,0.427095,0.019064,0.427479,-2.133060,0.000,0.000,0.000,0.001095,0,0.000
4.9044,0.384487,0.468030,0.450482,-0.318680,-0.164837,0.076923,0.385492,0.467561,0.450458,0.020101,-0.009384,-0.000487,0.012210,-0.036630,-0.046398,0.003838,0.018608,0.427035,0.003735,0.018283,0.427095,0.019000,0.427457,-2.133048,0.000,0.000,0.000,0.001040,0,0.000
4.9144,0.384869,0.468030,0.450482,-0.120880,-0.142857,0.164837,0.385547,0.467596,0.450493,0.013572,-0.008671,0.000219,0.012210,-0.031746,-0.036630,0.003838,0.018515,0.427061,0.003735,0.018283,0.427095,0.018908,0.427480,-2.133044,0.000,0.000,0.000,0.000624,0,0.000
4.9246,0.384487,0.468411,0.450482,-0.164837,-0.010990,0.076923,0.385528,0.467616,0.450494,0.020812,-0.015912,0.000231,0.017094,-0.031746,0.007326,0.003921,0.018656,0.427054,0.003735,0.018283,0.427095,0.019064,0.427479,-2.133044,0.000,0.000,0.000,0.001060,0,0.000
4.9345,0.384487,0.468411,0.450482,-0.362637,-0.076923,0.252747,0.385528,0.467616,0.450494,0.020813,-0.015910,0.000227,0.012210,-0.017094,-0.017094,0.003921,0.018656,0.427054,0.003735,0.018283,0.427095,0.019064,0.427479,-2.133041,0.000,0.000,0.000,0.001041,0,0.000
4.9446,0.384869,0.468030,0.450482,-0.208790,-0.164837,0.076923,0.385547,0.467597,0.450493,0.013573,-0.008666,0.000213,-0.021978,-0.017094,-0.021978,0.003838,0.018515,0.427061,0.003735,0.018283,0.427095,0.018908,0.427480,-2.133038,0.000,0.000,0.000,0.000659,0,0.000
4.9549,0.384487,0.468411,0.450101,-0.318680,0.648350,-0.296703,0.385492,0.467580,0.450438,0.020106,-0.016623,0.006749,0.007326,-0.002442,-0.007326,0.004005,0.018608,0.427033,0.003735,0.018283,0.427095,0.019034,0.427457,-2.133032,0.000,0.000,0.000,0.001060,0,0.000
4.9643,0.384869,0.468411,0.450101,0.054947,-0.032967,-0.142857,0.385547,0.467616,0.450474,0.013577,-0.015911,0.007455,0.002442,-0.021978,-0.007326,0.004005,0.018515,0.427060,0.003736,0.018283,0.427095,0.018943,0.427480,-2.133029,0.000,0.000,0.000,0.000831,0,0.000
4.9744,0.384487,0.468411,0.450482,-0.076923,0.010990,0.362637,0.385528,0.467616,0.450493,0.020816,-0.015897,0.000211,0.041514,-0.031746,0.002442,0.003921,0.018656,0.427054,0.003736,0.018283,0.427095,0.019064,0.427479,-2.133022,0.000,0.000,0.000,0.001060,0,0.000
4.9844,0.384869,0.468411,0.450482,-0.010990,0.120880,0.186813,0.385583,0.467652,0.450528,0.014289,-0.015179,0.000911,0.007326,-0.036630,0.007326,0.003921,0.018563,0.427080,0.003736,0.018283,0.427095,0.018972,0.427502,-2.133012,0.000,0.000,0.000,0.000795,0,0.000
4.9953,0.384869,0.468411,0.450101,0.296703,0.010990,-0.186813,0.385547,0.467616,0.450473,0.013579,-0.015904,0.007446,-0.002442,-0.031746,-0.012210,0.004005,0.018515,0.427060,0.003736,0.018283,0.427095,0.018943,0.427480,-2.133019,0.000,0.000,0.000,0.000759,0,0.000
5.0050,0.384487,0.468411,0.450101,-0.208790,-0.054947,-0.428570,0.385492,0.467581,0.450438,0.020108,-0.016614,0.006737,-0.002442,-0.036630,-0.036630,0.004005,0.018608,0.427033,0.003736,0.018283,0.427095,0.019034,0.427457,-2.133018,0.000,0.000,0.000,0.001060,0,0.000
5.0156,0.384487,0.468411,0.450101,-0.450550,0.318680,-0.098900,0.385492,0.467581,0.450438,0.020108,-0.016615,0.006737,0.026862,-0.036630,0.017094,0.004005,0.018608,0.427033,0.003736,0.018283,0.427095,0.019034,0.427457,-2.133019,0.000,0.000,0.000,0.001005,0,0.000
5.0255,0.384487,0.468411,0.450482,0.054947,-0.054947,0.054947,0.385528,0.467617,0.450493,0.020817,-0.015894,0.000207,0.041514,-0.041514,-0.002442,0.003921,0.018656,0.427054,0.003736,0.018283,0.427095,0.019064,0.427479,-2.133018,0.000,0.000,0.000,0.001005,0,0.000
5.0358,0.384487,0.468411,0.450101,-0.164837,0.142857,-0.186813,0.385492,0.467580,0.450438,0.020107,-0.016619,0.006742,0.012210,-0.026862,0.017094,0.004005,0.018608,0.427033,0.003736,0.018283,0.427095,0.019034,0.427457,-2.133024,0.000,0.000,0.000,0.001041,0,0.000
5.0474,0.384487,0.468411,0.450482,-0.098900,0.076923,0.274727,0.385528,0.467616,0.450493,0.020815,-0.015903,0.000219,0.046398,-0.051282,-0.017094,0.003921,0.018656,0.427054,0.003735,0.018283,0.427095,0.019064,0.427479,-2.133031,0.000,0.000,0.000,0.001005,0,0.000
5.0548,0.384487,0.468411,0.450101,-0.230770,0.120880,-0.186813,0.385492,0.467580,0.450438,0.020106,-0.016623,0.006748,0.021978,-0.012210,-0.002442,0.004005,0.018608,0.427033,0.003735,0.018283,0.427095,0.019034,0.427457,-2.133031,0.000,0.000,0.000,0.001041,0,0.000
5.0651,0.384869,0.468411,0.450101,-0.010990,0.098900,-0.450550,0.385547,0.467615,0.450474,0.013574,-0.015919,0.007466,0.036630,-0.017094,-0.012210,0.004005,0.018515,0.427060,0.003735,0.018283,0.427095,0.018943,0.427480,-2.133041,0.000,0.000,0.000,0.000831,0,0.000
5.0751,0.384869,0.468411,0.450101,0.252747,-0.010990,-0.186813,0.385547,0.467615,0.450474,0.013574,-0.015922,0.007469,0.002442,-0.012210,0.012210,0.004005,0.018515,0.427060,0.003735,0.018283,0.427095,0.018943,0.427480,-2.133044,0.000,0.000,0.000,0.000796,0,0.000
5.0851,0.384869,0.468411,0.450482,0.054947,0.054947,0.384617,0.385583,0.467651,0.450530,0.014281,-0.015209,0.000948,-0.012210,-0.036630,0.007326,0.003921,0.018563,0.427080,0.003735,0.018283,0.427095,0.018972,0.427502,-2.133054,0.000,0.000,0.000,0.000796,0,0.000
5.0952,0.384869,0.468411,0.450482,-0.054947,-0.164837,0.142857,0.385582,0.467651,0.450530,0.014280,-0.015211,0.000952,-0.007326,-0.026862,-0.031746,0.003921,0.018563,0.427080,0.003735,0.018283,0.427095,0.018972,0.427502,-2.133058,0.000,0.000,0.000,0.000760,0,0.000
5.1085,0.384869,0.468411,0.450482,0.054947,-0.054947,0.164837,0.385582,0.467650,0.450530,0.014277,-0.015220,0.000963,0.012210,-0.041514,-0.021978,0.003921,0.018563,0.427080,0.003735,0.018283,0.427095,0.018972,0.427502,-2.133071,0.000,0.000,0.000,0.000761,0,0.000
5.1153,0.384869,0.468411,0.450101,-0.164837,-0.098900,-0.120880,0.385547,0.467614,0.450476,0.013567,-0.015945,0.007498,-0.002442,-0.070818,-0.007326,0.004005,0.018515,0.427060,0.003735,0.018283,0.427095,0.018943,0.427480,-2.133077,0.000,0.000,0.000,0.000761,0,0.000
5.1259,0.384869,0.468793,0.450482,0.120880,0.230770,0.472527,0.385618,0.467705,0.450567,0.014986,-0.021760,0.001694,0.002442,-0.075702,0.002442,0.004005,0.018611,0.427099,0.003735,0.018283,0.427095,0.019037,0.427524,-2.133084,0.000,0.000,0.000,0.001179,0,0.000
5.1359,0.384869,0.468411,0.450101,-0.032967,-0.274727,-0.120880,0.385547,0.467614,0.450476,0.013565,-0.015953,0.007509,0.021978,-0.061050,0.026862,0.004005,0.018515,0.427060,0.003734,0.018283,0.427095,0.018943,0.427480,-2.133089,0.000,0.000,0.000,0.000749,0,0.000
5.1460,0.384869,0.468411,0.450101,-0.054947,-0.120880,-0.494507,0.385547,0.467613,0.450476,0.013564,-0.015957,0.007514,-0.012210,-0.036630,-0.002442,0.004005,0.018515,0.427060,0.003734,0.018283,0.427095,0.018943,0.427480,-2.133095,0.000,0.000,0.000,0.000798,0,0.000
5.1561,0.384869,0.468411,0.450482,0.164837,-0.054947,0.032967,0.385582,0.467649,0.450532,0.014270,-0.015247,0.000997,-0.021978,-0.041514,-0.007326,0.003921,0.018563,0.427080,0.003734,0.018283,0.427095,0.018972,0.427502,-2.133109,0.000,0.000,0.000,0.000798,0,0.000
5.1667,0.384869,0.468793,0.450482,-0.494507,-0.010990,0.032967,0.385617,0.467704,0.450568,0.014980,-0.021782,0.001723,-0.007326,-0.061050,-0.007326,0.004005,0.018611,0.427099,0.003734,0.018283,0.427095,0.019037,0.427524,-2.133116,0.000,0.000,0.000,0.001144,0,0.000
5.1765,0.384869,0.468793,0.450482,-0.186813,-0.098900,0.142857,0.385617,0.467703,0.450569,0.014977,-0.021790,0.001733,-0.017094,-0.046398,0.002442,0.004005,0.018611,0.427099,0.003734,0.018283,0.427095,0.019037,0.427524,-2.133127,0.000,0.000,0.000,0.001089,0,0.000
5.1863,0.384869,0.468793,0.450482,-0.076923,-0.032967,0.362637,0.385617,0.467703,0.450570,0.014974,-0.021803,0.001750,0.002442,-0.065934,-0.002442,0.004005,0.018611,0.427099,0.003733,0.018284,0.427095,0.019037,0.427524,-2.133146,0.000,0.000,0.000,0.001090,0,0.000
5.1966,0.384869,0.468793,0.450101,-0.164837,0.252747,-0.032967,0.385582,0.467666,0.450515,0.014263,-0.022529,0.008287,0.012210,-0.007326,-0.002442,0.004088,0.018563,0.427079,0.003733,0.018284,0.427095,0.019008,0.427501,-2.133154,0.000,0.000,0.000,0.001090,0,0.000
5.2066,0.385250,0.468793,0.450101,0.186813,-0.010990,-0.186813,0.385636,0.467701,0.450551,0.007730,-0.021833,0.009014,-0.002442,-0.065934,-0.007326,0.004088,0.018470,0.427105,0.003733,0.018284,0.427095,0.018917,0.427524,-2.133174,0.000,0.000,0.000,0.001126,0,0.000
5.2168,0.384869,0.468793,0.450482,-0.626373,0.098900,0.032967,0.385617,0.467701,0.450572,0.014966,-0.021831,0.001785,-0.046398,-0.061050,-0.012210,0.004005,0.018611,0.427099,0.003733,0.018284,0.427095,0.019037,0.427524,-2.133186,0.000,0.000,0.000,0.001092,0,0.000
5.2271,0.384869,0.469174,0.450101,-0.252747,0.252747,-0.230770,0.385617,0.467720,0.450553,0.014966,-0.029089,0.009044,-0.002442,-0.061050,-0.012210,0.004172,0.018611,0.427098,0.003732,0.018284,0.427095,0.019073,0.427523,-2.133196,0.000,0.000,0.000,0.001473,0,0.000
5.2367,0.385250,0.469174,0.450101,-0.164837,0.208790,-0.120880,0.385672,0.467755,0.450589,0.008434,-0.028386,0.009763,-0.002442,-0.041514,-0.012210,0.004172,0.018518,0.427124,0.003732,0.018284,0.427095,0.018982,0.427546,-2.133207,0.000,0.000,0.000,0.001454,0,0.000
5.2475,0.385250,0.469174,0.450101,0.054947,0.120880,0.054947,0.385672,0.467754,0.450590,0.008432,-0.028397,0.009776,0.036630,-0.080586,0.002442,0.004172,0.018518,0.427124,0.003732,0.018284,0.427095,0.018982,0.427546,-2.133222,0.000,0.000,0.000,0.001419,0,0.000
5.2575,0.385250,0.468793,0.450482,0.054947,-0.318680,0.032967,0.385671,0.467735,0.450609,0.008427,-0.021156,0.002539,-0.012210,-0.070818,-0.017094,0.004005,0.018518,0.427126,0.003732,0.018284,0.427095,0.018946,0.427546,-2.133236,0.000,0.000,0.000,0.001038,0,0.000
5.2674,0.385250,0.469174,0.450101,-0.120880,0.186813,-0.164837,0.385671,0.467753,0.450591,0.008426,-0.028416,0.009801,-0.021978,-0.051282,-0.007326,0.004172,0.018518,0.427124,0.003731,0.018284,0.427095,0.018982,0.427546,-2.133249,0.000,0.000,0.000,0.001439,0,0.000
5.2772,0.385250,0.469174,0.450101,0.230770,0.230770,-0.010990,0.385671,0.467753,0.450591,0.008424,-0.028425,0.009813,-0.017094,-0.070818,-0.012210,0.004172,0.018518,0.427124,0.003731,0.018284,0.427095,0.018982,0.427546,-2.133263,0.000,0.000,0.000,0.001421,0,0.000
5.2870,0.385250,0.469174,0.450101,-0.142857,0.054947,0.010990,0.385671,0.467753,0.450592,0.008423,-0.028429,0.009818,-0.026862,-0.065934,0.002442,0.004172,0.018518,0.427124,0.003731,0.018284,0.427095,0.018982,0.427546,-2.133269,0.000,0.000,0.000,0.001421,0,0.000
5.2975,0.385250,0.469174,0.450101,0.032967,0.186813,0.010990,0.385671,0.467752,0.450592,0.008420,-0.028441,0.009832,-0.012210,-0.061050,0.017094,0.004172,0.018518,0.427124,0.003731,0.018284,0.427095,0.018982,0.427546,-2.133285,0.000,0.000,0.000,0.001421,0,0.000
5.3072,0.385250,0.469556,0.450101,-0.406593,0.274727,-0.076923,0.385706,0.467807,0.450629,0.009127,-0.034983,0.010567,-0.007326,-0.041514,0.012210,0.004256,0.018566,0.427143,0.003731,0.018284,0.427095,0.019048,0.427568,-2.133301,0.000,0.000,0.000,0.001804,0,0.000
5.3177,0.385250,0.469556,0.450101,0.076923,0.252747,-0.362637,0.385706,0.467806,0.450630,0.009123,-0.034997,0.010585,-0.026862,-0.061050,0.002442,0.004256,0.018566,0.427143,0.003730,0.018284,0.427095,0.019048,0.427568,-2.133322,0.000,0.000,0.000,0.001749,0,0.000
5.3273,0.385250,0.469174,0.450482,0.010990,-0.098900,-0.010990,0.385706,0.467786,0.450650,0.009118,-0.027760,0.003353,-0.017094,-0.056166,-0.007326,0.004089,0.018566,0.427145,0.003730,0.018284,0.427095,0.019011,0.427568,-2.133341,0.000,0.000,0.000,0.001368,0,0.000
5.3377,0.385250,0.469174,0.450101,-0.076923,-0.472527,-0.296703,0.385670,0.467750,0.450596,0.008406,-0.028489,0.009895,0.007326,-0.070818,-0.021978,0.004172,0.018518,0.427124,0.003730,0.018284,0.427095,0.018982,0.427546,-2.133355,0.000,0.000,0.000,0.001388,0,0.000
5.3480,0.385250,0.469556,0.450101,-0.142857,-0.032967,0.120880,0.385706,0.467804,0.450632,0.009113,-0.035033,0.010631,-0.012210,-0.065934,-0.012210,0.004256,0.018566,0.427143,0.003729,0.018284,0.427095,0.019048,0.427568,-2.133373,0.000,0.000,0.000,0.001806,0,0.000
5.3575,0.385250,0.469556,0.450482,-0.208790,-0.010990,0.516483,0.385741,0.467839,0.450688,0.009818,-0.034328,0.004121,-0.017094,-0.065934,0.012210,0.004173,0.018614,0.427164,0.003729,0.018284,0.427095,0.019076,0.427590,-2.133395,0.000,0.000,0.000,0.001752,0,0.000
5.3677,0.385250,0.469556,0.450101,-0.142857,-0.120880,-0.010990,0.385705,0.467803,0.450634,0.009107,-0.035057,0.010662,0.002442,-0.085470,-0.002442,0.004256,0.018566,0.427143,0.003729,0.018285,0.427095,0.019048,0.427568,-2.133407,0.000,0.000,0.000,0.001716,0,0.000
5.3777,0.385250,0.469556,0.450101,0.032967,-0.120880,0.120880,0.385705,0.467802,0.450635,0.009103,-0.035069,0.010677,0.012210,-0.075702,0.002442,0.004256,0.018566,0.427143,0.003728,0.018285,0.427095,0.019048,0.427568,-2.133425,0.000,0.000,0.000,0.001753,0,0.000
5.3878,0.385250,0.469556,0.450101,-0.010990,-0.164837,-0.054947,0.385705,0.467802,0.450635,0.009101,-0.035079,0.010690,0.007326,-0.065934,-0.012210,0.004256,0.018566,0.427143,0.003728,0.018285,0.427095,0.019048,0.427568,-2.133439,0.000,0.000,0.000,0.001753,0,0.000
5.3979,0.385250,0.469556,0.450101,0.142857,-0.186813,-0.142857,0.385705,0.467801,0.450636,0.009098,-0.035090,0.010704,0.036630,-0.056166,-0.002442,0.004256,0.018566,0.427143,0.003728,0.018285,0.427095,0.019048,0.427568,-2.133455,0.000,0.000,0.000,0.001754,0,0.000
5.4080,0.385250,0.469556,0.450482,0.230770,-0.098900,0.538460,0.385740,0.467837,0.450692,0.009804,-0.034380,0.004187,0.041514,-0.041514,-0.012210,0.004173,0.018614,0.427164,0.003727,0.018285,0.427095,0.019076,0.427590,-2.133469,0.000,0.000,0.000,0.001755,0,0.000
5.4182,0.385250,0.469556,0.450482,0.054947,-0.142857,0.428570,0.385740,0.467836,0.450692,0.009802,-0.034388,0.004197,-0.017094,-0.051282,0.021978,0.004173,0.018614,0.427164,0.003727,0.018285,0.427095,0.019076,0.427590,-2.133480,0.000,0.000,0.000,0.001719,0,0.000
5.4276,0.385250,0.469937,0.450101,0.252747,-0.010990,-0.120880,0.385740,0.467855,0.450674,0.009801,-0.041648,0.011459,0.017094,-0.046398,-0.012210,0.004340,0.018614,0.427162,0.003727,0.018285,0.427095,0.019114,0.427590,-2.133494,0.000,0.000,0.000,0.002101,0,0.000
5.4376,0.385631,0.469937,0.450101,0.274727,0.098900,-0.186813,0.385795,0.467890,0.450710,0.003269,-0.040947,0.012180,-0.012210,-0.080586,-0.012210,0.004340,0.018521,0.427189,0.003727,0.018285,0.427095,0.019023,0.427612,-2.133507,0.000,0.000,0.000,0.002082,0,0.000
5.4480,0.385250,0.469937,0.450101,0.076923,-0.010990,0.054947,0.385740,0.467854,0.450675,0.009797,-0.041665,0.011480,-0.002442,-0.085470,-0.012210,0.004340,0.018614,0.427162,0.003727,0.018285,0.427095,0.019114,0.427590,-2.133518,0.000,0.000,0.000,0.002047,0,0.000
5.4578,0.385250,0.469937,0.450101,-0.010990,0.230770,0.032967,0.385740,0.467853,0.450676,0.009793,-0.041677,0.011495,-0.012210,-0.070818,0.002442,0.004340,0.018614,0.427162,0.003726,0.018285,0.427095,0.019114,0.427590,-2.133535,0.000,0.000,0.000,0.002083,0,0.000
5.4685,0.385250,0.469937,0.450101,0.076923,0.032967,-0.076923,0.385740,0.467853,0.450676,0.009792,-0.041682,0.011501,-0.017094,-0.031746,-0.017094,0.004340,0.018614,0.427162,0.003726,0.018285,0.427095,0.019114,0.427590,-2.133542,0.000,0.000,0.000,0.002084,0,0.000
5.4786,0.385250,0.469937,0.450101,0.120880,-0.098900,-0.098900,0.385739,0.467853,0.450676,0.009789,-0.041691,0.011513,-0.017094,-0.085470,0.017094,0.004340,0.018614,0.427162,0.003726,0.018285,0.427095,0.019114,0.427590,-2.133555,0.000,0.000,0.000,0.002084,0,0.000
5.4888,0.385250,0.469937,0.450101,0.098900,0.010990,-0.098900,0.385739,0.467852,0.450677,0.009785,-0.041706,0.011533,0.017094,-0.041514,0.007326,0.004340,0.018614,0.427162,0.003726,0.018285,0.427095,0.019114,0.427590,-2.133577,0.000,0.000,0.000,0.002085,0,0.000
5.4981,0.385250,0.469937,0.450482,0.032967,0.010990,0.340660,0.385774,0.467887,0.450734,0.010489,-0.041005,0.005026,-0.041514,-0.061050,-0.002442,0.004256,0.018662,0.427183,0.003725,0.018285,0.427095,0.019142,0.427612,-2.133603,0.000,0.000,0.000,0.002085,0,0.000
5.5104,0.385250,0.469937,0.450101,-0.120880,-0.054947,-0.054947,0.385739,0.467850,0.450679,0.009778,-0.041734,0.011569,0.026862,-0.046398,0.012210,0.004340,0.018614,0.427162,0.003725,0.018285,0.427095,0.019114,0.427590,-2.133617,0.000,0.000,0.000,0.002050,0,0.000
5.5215,0.385250,0.469937,0.450101,-0.208790,-0.274727,0.076923,0.385739,0.467850,0.450680,0.009773,-0.041752,0.011591,0.002442,-0.061050,-0.002442,0.004340,0.018614,0.427162,0.003724,0.018285,0.427095,0.019114,0.427590,-2.133642,0.000,0.000,0.000,0.002087,0,0.000
5.5311,0.385250,0.470319,0.450101,-0.142857,0.142857,-0.120880,0.385774,0.467904,0.450717,0.010479,-0.048298,0.012331,0.012210,-0.070818,-0.026862,0.004423,0.018663,0.427181,0.003724,0.018285,0.427095,0.019180,0.427612,-2.133664,0.000,0.000,0.000,0.002469,0,0.000
5.5410,0.384869,0.469937,0.450101,-0.186813,0.208790,-0.274727,0.385683,0.467813,0.450647,0.016295,-0.042490,0.010917,0.017094,-0.031746,-0.002442,0.004340,0.018708,0.427136,0.003724,0.018286,0.427095,0.019205,0.427567,-2.133681,0.000,0.000,0.000,0.002033,0,0.000
5.5503,0.385250,0.469937,0.450101,-0.010990,-0.274727,-0.098900,0.385738,0.467848,0.450683,0.009763,-0.041788,0.011636,0.026862,-0.075702,-0.007326,0.004340,0.018614,0.427162,0.003723,0.018286,0.427095,0.019114,0.427590,-2.133693,0.000,0.000,0.000,0.002124,0,0.000
5.5623,0.385250,0.470319,0.450101,-0.208790,0.186813,0.032967,0.385774,0.467903,0.450719,0.010473,-0.048322,0.012361,-0.012210,-0.031746,0.002442,0.004423,0.018663,0.427181,0.003723,0.018286,0.427095,0.019180,0.427612,-2.133698,0.000,0.000,0.000,0.002471,0,0.000
5.5722,0.384869,0.470319,0.450482,-0.406593,0.428570,0.296703,0.385754,0.467903,0.450739,0.017709,-0.048320,0.005131,0.007326,-0.070818,-0.017094,0.004340,0.018804,0.427175,0.003723,0.018286,0.427095,0.019298,0.427611,-2.133708,0.000,0.000,0.000,0.002416,0,0.000
5.5818,0.385250,0.470319,0.450101,0.164837,0.076923,0.054947,0.385773,0.467902,0.450720,0.010469,-0.048335,0.012377,-0.002442,-0.061050,0.007326,0.004423,0.018663,0.427181,0.003723,0.018286,0.427095,0.019180,0.427612,-2.133716,0.000,0.000,0.000,0.002416,0,0.000
5.5913,0.384869,0.470319,0.450101,-0.252747,0.340660,-0.120880,0.385718,0.467866,0.450684,0.016998,-0.049049,0.011672,0.002442,-0.070818,-0.002442,0.004423,0.018756,0.427155,0.003723,0.018286,0.427095,0.019271,0.427589,-2.133721,0.000,0.000,0.000,0.002417,0,0.000
5.6007,0.384869,0.469937,0.450101,-0.318680,-0.274727,0.032967,0.385683,0.467811,0.450649,0.016286,-0.042521,0.010956,0.046398,-0.080586,0.002442,0.004340,0.018708,0.427136,0.003723,0.018286,0.427095,0.019205,0.427567,-2.133725,0.000,0.000,0.000,0.002071,0,0.000
5.6105,0.385250,0.470319,0.450101,0.318680,0.318680,0.076923,0.385773,0.467901,0.450720,0.010466,-0.048345,0.012390,0.021978,-0.075702,-0.012210,0.004423,0.018663,0.427181,0.003723,0.018286,0.427095,0.019180,0.427612,-2.133730,0.000,0.000,0.000,0.002508,0,0.000
5.6204,0.385250,0.469937,0.450101,0.208790,-0.120880,0.252747,0.385738,0.467846,0.450685,0.009753,-0.041822,0.011681,0.051282,-0.065934,0.021978,0.004340,0.018614,0.427162,0.003722,0.018286,0.427095,0.019114,0.427590,-2.133743,0.000,0.000,0.000,0.002036,0,0.000
5.6307,0.385250,0.470319,0.450482,0.340660,0.186813,0.164837,0.385809,0.467937,0.450776,0.011171,-0.047642,0.005882,-0.007326,-0.065934,-0.012210,0.004340,0.018711,0.427202,0.003722,0.018286,0.427095,0.019207,0.427634,-2.133755,0.000,0.000,0.000,0.002473,0,0.000
5.6406,0.384869,0.469937,0.450482,-0.384617,-0.252747,-0.076923,0.385718,0.467846,0.450705,0.016989,-0.041825,0.004458,0.002442,-0.065934,-0.026862,0.004256,0.018756,0.427156,0.003722,0.018286,0.427095,0.019233,0.427589,-2.133760,0.000,0.000,0.000,0.002001,0,0.000
5.6507,0.384869,0.469937,0.450482,-0.098900,-0.230770,0.340660,0.385718,0.467845,0.450706,0.016985,-0.041838,0.004474,0.012210,-0.046398,0.007326,0.004256,0.018756,0.427156,0.003722,0.018286,0.427095,0.019233,0.427589,-2.133778,0.000,0.000,0.000,0.002091,0,0.000
5.6606,0.384869,0.470319,0.450101,-0.098900,0.120880,-0.076923,0.385718,0.467864,0.450688,0.016985,-0.049098,0.011735,-0.002442,-0.056166,-0.012210,0.004423,0.018756,0.427155,0.003722,0.018286,0.427095,0.019271,0.427589,-2.133791,0.000,0.000,0.000,0.002473,0,0.000
5.6709,0.384869,0.470319,0.450101,-0.516483,0.120880,0.010990,0.385718,0.467863,0.450688,0.016981,-0.049109,0.011749,0.012210,-0.061050,-0.007326,0.004423,0.018756,0.427155,0.003721,0.018286,0.427095,0.019271,0.427589,-2.133807,0.000,0.000,0.000,0.002455,0,0.000
5.6809,0.384869,0.470319,0.450101,-0.076923,0.142857,-0.010990,0.385717,0.467863,0.450689,0.016979,-0.049116,0.011758,0.021978,-0.061050,-0.021978,0.004423,0.018756,0.427155,0.003721,0.018286,0.427095,0.019271,0.427589,-2.133817,0.000,0.000,0.000,0.002455,0,0.000
5.6908,0.384869,0.470319,0.450101,0.120880,0.098900,0.142857,0.385717,0.467862,0.450689,0.016977,-0.049124,0.011768,0.036630,-0.041514,0.012210,0.004423,0.018756,0.427155,0.003721,0.018286,0.427095,0.019271,0.427589,-2.133828,0.000,0.000,0.000,0.002456,0,0.000
5.7010,0.384869,0.470319,0.450101,-0.120880,0.076923,-0.164837,0.385717,0.467862,0.450690,0.016975,-0.049132,0.011778,0.012210,-0.056166,-0.002442,0.004423,0.018756,0.427155,0.003721,0.018286,0.427095,0.019271,0.427589,-2.133840,0.000,0.000,0.000,0.002456,0,0.000
5.7110,0.384869,0.469937,0.450482,0.032967,-0.208790,0.164837,0.385717,0.467843,0.450709,0.016973,-0.041883,0.004531,0.007326,-0.051282,-0.007326,0.004256,0.018756,0.427156,0.003721,0.018286,0.427095,0.019233,0.427589,-2.133843,0.000,0.000,0.000,0.002075,0,0.000
5.7212,0.384487,0.469937,0.450482,-0.274727,-0.120880,0.186813,0.385662,0.467807,0.450674,0.023502,-0.042596,0.003825,0.056166,-0.056166,0.017094,0.004256,0.018849,0.427130,0.003721,0.018286,0.427095,0.019324,0.427567,-2.133846,0.000,0.000,0.000,0.002094,0,0.000
5.7310,0.384869,0.470319,0.450482,0.340660,-0.076923,0.274727,0.385753,0.467898,0.450745,0.017681,-0.048421,0.005260,0.046398,-0.065934,-0.012210,0.004340,0.018804,0.427175,0.003720,0.018286,0.427095,0.019298,0.427611,-2.133853,0.000,0.000,0.000,0.002511,0,0.000
5.7415,0.384869,0.470319,0.450101,0.120880,0.032967,-0.010990,0.385717,0.467861,0.450691,0.016971,-0.049148,0.011799,0.036630,-0.026862,-0.002442,0.004423,0.018756,0.427155,0.003720,0.018286,0.427095,0.019271,0.427589,-2.133863,0.000,0.000,0.000,0.002421,0,0.000
5.7517,0.384869,0.469937,0.450101,0.164837,-0.384617,-0.032967,0.385681,0.467806,0.450655,0.016258,-0.042625,0.011089,0.007326,-0.080586,-0.007326,0.004340,0.018708,0.427136,0.003720,0.018286,0.427095,0.019205,0.427567,-2.133875,0.000,0.000,0.000,0.002076,0,0.000
5.7617,0.384869,0.469937,0.450101,-0.076923,0.076923,0.032967,0.385681,0.467806,0.450656,0.016256,-0.042633,0.011099,0.031746,-0.031746,0.002442,0.004340,0.018708,0.427136,0.003720,0.018286,0.427095,0.019205,0.427567,-2.133885,0.000,0.000,0.000,0.002131,0,0.000
5.7715,0.384869,0.470319,0.450101,-0.142857,0.164837,-0.032967,0.385717,0.467860,0.450692,0.016965,-0.049170,0.011827,0.017094,-0.036630,0.007326,0.004423,0.018756,0.427155,0.003720,0.018286,0.427095,0.019271,0.427589,-2.133894,0.000,0.000,0.000,0.002513,0,0.000
5.7816,0.384487,0.470319,0.450101,-0.340660,0.450550,-0.186813,0.385662,0.467824,0.450657,0.023493,-0.049886,0.011124,0.012210,-0.036630,-0.007326,0.004423,0.018850,0.427128,0.003720,0.018286,0.427095,0.019362,0.427567,-2.133901,0.000,0.000,0.000,0.002458,0,0.000
5.7918,0.384487,0.469937,0.450101,-0.098900,-0.054947,-0.032967,0.385626,0.467769,0.450621,0.022781,-0.043358,0.010408,0.031746,-0.065934,0.002442,0.004340,0.018801,0.427109,0.003719,0.018286,0.427095,0.019296,0.427545,-2.133906,0.000,0.000,0.000,0.002113,0,0.000
5.8020,0.384869,0.470319,0.450482,0.032967,0.208790,0.076923,0.385752,0.467895,0.450748,0.017669,-0.048467,0.005318,-0.002442,-0.056166,-0.002442,0.004340,0.018804,0.427175,0.003719,0.018286,0.427095,0.019298,0.427611,-2.133918,0.000,0.000,0.000,0.002549,0,0.000
5.8118,0.384487,0.470319,0.450482,-0.362637,0.208790,0.120880,0.385697,0.467860,0.450713,0.024199,-0.049178,0.004610,0.031746,-0.031746,-0.017094,0.004340,0.018898,0.427149,0.003719,0.018286,0.427095,0.019390,0.427589,-2.133918,0.000,0.000,0.000,0.002423,0,0.000
5.8218,0.384487,0.469937,0.450101,-0.098900,0.054947,-0.010990,0.385626,0.467769,0.450622,0.022778,-0.043370,0.010424,0.002442,-0.031746,-0.002442,0.004340,0.018801,0.427109,0.003719,0.018286,0.427095,0.019296,0.427545,-2.133924,0.000,0.000,0.000,0.002077,0,0.000
5.8318,0.384869,0.469937,0.450101,0.384617,-0.230770,-0.252747,0.385681,0.467804,0.450657,0.016248,-0.042661,0.011134,0.036630,-0.075702,-0.017094,0.004340,0.018708,0.427136,0.003719,0.018286,0.427095,0.019205,0.427567,-2.133925,0.000,0.000,0.000,0.002169,0,0.000
5.8419,0.384869,0.469937,0.450482,0.384617,0.076923,0.340660,0.385716,0.467840,0.450713,0.016955,-0.041946,0.004611,0.002442,-0.051282,0.002442,0.004256,0.018756,0.427156,0.003719,0.018286,0.427095,0.019233,0.427589,-2.133932,0.000,0.000,0.000,0.002133,0,0.000
5.8522,0.384487,0.469937,0.450101,0.076923,0.032967,-0.076923,0.385626,0.467768,0.450622,0.022776,-0.043377,0.010433,0.007326,-0.061050,0.012210,0.004340,0.018801,0.427109,0.003719,0.018286,0.427095,0.019296,0.427545,-2.133933,0.000,0.000,0.000,0.002097,0,0.000
5.8623,0.384106,0.469937,0.450482,-0.494507,-0.010990,0.208790,0.385606,0.467769,0.450642,0.030015,-0.043367,0.003192,0.007326,-0.017094,-0.007326,0.004256,0.018943,0.427103,0.003719,0.018286,0.427095,0.019415,0.427544,-2.133931,0.000,0.000,0.000,0.002169,0,0.000
5.8723,0.384106,0.469937,0.450482,-0.274727,-0.230770,-0.098900,0.385606,0.467769,0.450642,0.030014,-0.043369,0.003196,0.036630,-0.031746,-0.031746,0.004256,0.018943,0.427103,0.003719,0.018287,0.427095,0.019415,0.427544,-2.133935,0.000,0.000,0.000,0.002168,0,0.000
5.8824,0.384487,0.469937,0.450101,0.186813,0.340660,-0.054947,0.385626,0.467768,0.450623,0.022773,-0.043386,0.010444,0.017094,-0.075702,0.002442,0.004340,0.018801,0.427109,0.003719,0.018287,0.427095,0.019296,0.427545,-2.133946,0.000,0.000,0.000,0.002168,0,0.000
5.8924,0.384487,0.469937,0.450101,0.054947,0.142857,-0.142857,0.385626,0.467768,0.450623,0.022773,-0.043388,0.010446,0.021978,-0.075702,-0.002442,0.004340,0.018801,0.427109,0.003719,0.018287,0.427095,0.019296,0.427545,-2.133948,0.000,0.000,0.000,0.002169,0,0.000
5.9027,0.384487,0.469937,0.450101,-0.076923,0.076923,-0.032967,0.385626,0.467767,0.450624,0.022770,-0.043399,0.010461,-0.017094,-0.056166,0.012210,0.004340,0.018801,0.427109,0.003718,0.018287,0.427095,0.019296,0.427545,-2.133965,0.000,0.000,0.000,0.002169,0,0.000
5.9128,0.384487,0.469937,0.450482,0.296703,0.318680,0.450550,0.385661,0.467803,0.450679,0.023478,-0.042681,0.003933,0.051282,-0.031746,0.002442,0.004256,0.018849,0.427130,0.003718,0.018287,0.427095,0.019324,0.427567,-2.133967,0.000,0.000,0.000,0.002170,0,0.000
5.9228,0.384106,0.469937,0.450482,0.098900,0.252747,0.252747,0.385606,0.467767,0.450644,0.030006,-0.043398,0.003233,0.036630,-0.031746,-0.012210,0.004256,0.018943,0.427103,0.003718,0.018287,0.427095,0.019415,0.427544,-2.133976,0.000,0.000,0.000,0.002134,0,0.000
5.9327,0.384106,0.469937,0.450101,0.164837,-0.010990,0.010990,0.385570,0.467731,0.450589,0.029296,-0.044122,0.009767,0.007326,-0.065934,0.026862,0.004339,0.018895,0.427082,0.003718,0.018287,0.427095,0.019387,0.427522,-2.133982,0.000,0.000,0.000,0.002170,0,0.000
5.9430,0.384106,0.469937,0.450101,-0.120880,-0.032967,-0.450550,0.385570,0.467731,0.450590,0.029293,-0.044132,0.009780,0.012210,-0.051282,0.012210,0.004339,0.018895,0.427082,0.003718,0.018287,0.427095,0.019387,0.427522,-2.133997,0.000,0.000,0.000,0.002206,0,0.000
5.9530,0.384487,0.469937,0.450101,0.560440,0.098900,-0.032967,0.385625,0.467766,0.450626,0.022762,-0.043426,0.010494,0.046398,-0.036630,0.007326,0.004340,0.018801,0.427109,0.003718,0.018287,0.427095,0.019296,0.427545,-2.134003,0.000,0.000,0.000,0.002207,0,0.000
5.9632,0.384106,0.469556,0.450101,0.296703,0.010990,-0.252747,0.385535,0.467675,0.450554,0.028580,-0.037610,0.009072,0.046398,-0.012210,-0.002442,0.004256,0.018846,0.427063,0.003718,0.018287,0.427095,0.019321,0.427500,-2.134010,0.000,0.000,0.000,0.001790,0,0.000
5.9734,0.384106,0.469556,0.450482,-0.120880,0.120880,0.208790,0.385570,0.467711,0.450610,0.029288,-0.036893,0.002545,-0.100122,-0.026862,0.007326,0.004173,0.018894,0.427084,0.003718,0.018287,0.427095,0.019350,0.427522,-2.134014,0.000,0.000,0.000,0.001881,0,0.000
5.9834,0.384106,0.469937,0.450482,0.076923,0.362637,-0.076923,0.385605,0.467766,0.450646,0.029998,-0.043429,0.003272,0.012210,-0.021978,-0.007326,0.004256,0.018943,0.427103,0.003717,0.018287,0.427095,0.019415,0.427544,-2.134021,0.000,0.000,0.000,0.002226,0,0.000
5.9935,0.383724,0.469556,0.450482,-0.208790,-0.186813,0.032967,0.385515,0.467675,0.450575,0.035814,-0.037616,0.001853,-0.002442,-0.065934,-0.017094,0.004173,0.018988,0.427058,0.003717,0.018287,0.427095,0.019441,0.427500,-2.134032,0.000,0.000,0.000,0.001881,0,0.000
6.0036,0.383724,0.469556,0.450101,-0.406593,-0.230770,-0.340660,0.385479,0.467639,0.450520,0.035105,-0.038338,0.008384,-0.017094,-0.046398,-0.007326,0.004256,0.018940,0.427037,0.003717,0.018287,0.427095,0.019412,0.427478,-2.134034,0.000,0.000,0.000,0.001881,0,0.000
6.0137,0.383724,0.469556,0.450101,-0.230770,-0.142857,-0.186813,0.385479,0.467638,0.450521,0.035102,-0.038348,0.008396,0.026862,-0.041514,0.002442,0.004256,0.018940,0.427037,0.003717,0.018287,0.427095,0.019412,0.427478,-2.134047,0.000,0.000,0.000,0.001917,0,0.000
6.0237,0.384106,0.469556,0.450482,0.032967,-0.010990,0.142857,0.385570,0.467710,0.450611,0.029281,-0.036918,0.002577,0.017094,-0.036630,-0.017094,0.004173,0.018894,0.427084,0.003717,0.018287,0.427095,0.019350,0.427522,-2.134049,0.000,0.000,0.000,0.001917,0,0.000
6.0337,0.384106,0.469556,0.450101,0.098900,-0.054947,-0.186813,0.385534,0.467674,0.450557,0.028571,-0.037644,0.009115,0.051282,-0.026862,-0.007326,0.004256,0.018846,0.427063,0.003717,0.018287,0.427095,0.019321,0.427500,-2.134058,0.000,0.000,0.000,0.001846,0,0.000
6.0438,0.383724,0.469556,0.450482,-0.120880,-0.120880,0.274727,0.385514,0.467674,0.450576,0.035808,-0.037641,0.001883,-0.002442,-0.036630,-0.017094,0.004173,0.018988,0.427058,0.003717,0.018287,0.427095,0.019441,0.427500,-2.134066,0.000,0.000,0.000,0.001882,0,0.000
6.0543,0.384106,0.469556,0.450482,-0.032967,-0.318680,-0.098900,0.385569,0.467709,0.450612,0.029275,-0.036940,0.002604,-0.007326,-0.056166,-0.007326,0.004173,0.018894,0.427084,0.003716,0.018287,0.427095,0.019350,0.427522,-2.134080,0.000,0.000,0.000,0.001882,0,0.000
6.0641,0.383724,0.469556,0.450482,-0.032967,0.186813,-0.098900,0.385514,0.467673,0.450578,0.035803,-0.037659,0.001906,0.021978,-0.026862,-0.026862,0.004173,0.018988,0.427058,0.003716,0.018287,0.427095,0.019441,0.427500,-2.134092,0.000,0.000,0.000,0.001847,0,0.000
6.0745,0.383724,0.469556,0.450482,-0.010990,0.230770,0.076923,0.385514,0.467672,0.450578,0.035801,-0.037666,0.001916,0.036630,-0.031746,0.012210,0.004173,0.018988,0.427058,0.003716,0.018287,0.427095,0.019441,0.427500,-2.134103,0.000,0.000,0.000,0.001883,0,0.000
6.0845,0.383724,0.469556,0.450101,-0.076923,-0.142857,-0.120880,0.385479,0.467636,0.450524,0.035090,-0.038394,0.008455,0.070818,-0.051282,0.002442,0.004256,0.018940,0.427037,0.003716,0.018287,0.427095,0.019412,0.427478,-2.134114,0.000,0.000,0.000,0.001883,0,0.000
6.0947,0.384106,0.469556,0.450101,0.164837,-0.318680,-0.164837,0.385533,0.467671,0.450559,0.028559,-0.037688,0.009170,0.031746,-0.061050,-0.021978,0.004256,0.018846,0.427063,0.003716,0.018287,0.427095,0.019321,0.427500,-2.134121,0.000,0.000,0.000,0.001920,0,0.000
6.1045,0.383724,0.469556,0.450482,-0.120880,0.186813,0.098900,0.385514,0.467671,0.450579,0.035795,-0.037686,0.001941,-0.002442,-0.046398,-0.007326,0.004173,0.018988,0.427058,0.003715,0.018287,0.427095,0.019441,0.427500,-2.134131,0.000,0.000,0.000,0.001884,0,0.000
6.1147,0.383724,0.469556,0.450101,-0.142857,0.296703,-0.142857,0.385478,0.467635,0.450525,0.035084,-0.038415,0.008482,0.026862,-0.036630,0.017094,0.004256,0.018940,0.427037,0.003715,0.018287,0.427095,0.019412,0.427478,-2.134143,0.000,0.000,0.000,0.001884,0,0.000
6.1247,0.383724,0.469174,0.450101,0.010990,-0.054947,-0.406593,0.385443,0.467580,0.450489,0.034372,-0.031890,0.007770,0.031746,-0.031746,-0.021978,0.004172,0.018892,0.427018,0.003715,0.018287,0.427095,0.019347,0.427456,-2.134153,0.000,0.000,0.000,0.001754,0,0.000
6.1347,0.383724,0.469556,0.450482,-0.428570,0.054947,-0.164837,0.385514,0.467671,0.450580,0.035790,-0.037704,0.001964,0.041514,-0.036630,-0.021978,0.004173,0.018988,0.427058,0.003715,0.018287,0.427095,0.019441,0.427500,-2.134156,0.000,0.000,0.000,0.001976,0,0.000
6.1447,0.383724,0.469174,0.450482,-0.010990,-0.208790,0.208790,0.385478,0.467615,0.450545,0.035078,-0.031179,0.001252,0.036630,-0.046398,-0.007326,0.004089,0.018940,0.427039,0.003715,0.018287,0.427095,0.019376,0.427478,-2.134166,0.000,0.000,0.000,0.001790,0,0.000
6.1550,0.383724,0.469556,0.450101,-0.098900,0.164837,-0.098900,0.385478,0.467634,0.450526,0.035080,-0.038430,0.008501,0.056166,-0.017094,-0.012210,0.004256,0.018940,0.427037,0.003715,0.018287,0.427095,0.019412,0.427478,-2.134165,0.000,0.000,0.000,0.001940,0,0.000
6.1650,0.383724,0.469174,0.450101,-0.032967,-0.296703,0.120880,0.385442,0.467579,0.450490,0.034367,-0.031908,0.007793,0.056166,-0.041514,0.017094,0.004172,0.018892,0.427018,0.003714,0.018287,0.427095,0.019347,0.427456,-2.134178,0.000,0.000,0.000,0.001754,0,0.000
6.1753,0.383724,0.469556,0.450101,-0.076923,0.318680,0.032967,0.385478,0.467634,0.450526,0.035077,-0.038440,0.008514,0.041514,-0.031746,0.012210,0.004256,0.018940,0.427037,0.003714,0.018287,0.427095,0.019412,0.427478,-2.134179,0.000,0.000,0.000,0.001977,0,0.000
6.1851,0.384106,0.469174,0.450101,0.076923,-0.274727,-0.010990,0.385497,0.467614,0.450526,0.027835,-0.031204,0.008510,0.017094,-0.036630,-0.012210,0.004172,0.018798,0.427045,0.003714,0.018287,0.427095,0.019256,0.427478,-2.134188,0.000,0.000,0.000,0.001541,0,0.000
6.1953,0.384106,0.469174,0.450482,0.076923,0.010990,0.274727,0.385533,0.467649,0.450582,0.028540,-0.030497,0.001997,0.021978,-0.026862,-0.017094,0.004089,0.018846,0.427065,0.003714,0.018288,0.427095,0.019285,0.427500,-2.134207,0.000,0.000,0.000,0.001560,0,0.000
6.2051,0.383724,0.469174,0.450482,-0.296703,0.230770,-0.010990,0.385477,0.467613,0.450547,0.035067,-0.031219,0.001303,0.026862,-0.041514,-0.021978,0.004089,0.018940,0.427039,0.003714,0.018288,0.427095,0.019376,0.427478,-2.134223,0.000,0.000,0.000,0.001808,0,0.000
6.2156,0.383724,0.469174,0.450101,0.054947,0.098900,-0.010990,0.385442,0.467577,0.450493,0.034357,-0.031943,0.007837,0.036630,-0.041514,-0.021978,0.004172,0.018892,0.427018,0.003714,0.018288,0.427095,0.019347,0.427456,-2.134228,0.000,0.000,0.000,0.001753,0,0.000
6.2255,0.383724,0.469174,0.450101,-0.076923,-0.010990,0.120880,0.385442,0.467576,0.450494,0.034353,-0.031958,0.007856,0.051282,-0.026862,0.002442,0.004172,0.018892,0.427018,0.003713,0.018288,0.427095,0.019347,0.427456,-2.134250,0.000,0.000,0.000,0.001718,0,0.000
6.2355,0.383724,0.469174,0.450482,-0.120880,-0.098900,0.164837,0.385477,0.467612,0.450549,0.035059,-0.031248,0.001340,0.017094,-0.041514,-0.007326,0.004089,0.018940,0.427039,0.003713,0.018288,0.427095,0.019376,0.427478,-2.134264,0.000,0.000,0.000,0.001718,0,0.000
6.2455,0.384106,0.469174,0.450482,-0.076923,-0.010990,0.054947,0.385532,0.467647,0.450585,0.028526,-0.030548,0.002062,0.007326,-0.026862,-0.031746,0.004089,0.018846,0.427065,0.003713,0.018288,0.427095,0.019285,0.427500,-2.134280,0.000,0.000,0.000,0.001562,0,0.000
6.2557,0.383724,0.469174,0.450101,-0.186813,0.054947,-0.208790,0.385441,0.467575,0.450496,0.034343,-0.031993,0.007901,0.026862,-0.021978,-0.002442,0.004172,0.018892,0.427018,0.003712,0.018288,0.427095,0.019347,0.427456,-2.134300,0.000,0.000,0.000,0.001808,0,0.000
6.2658,0.384106,0.469174,0.449719,0.142857,0.054947,-0.582417,0.385461,0.467573,0.450477,0.027101,-0.032018,0.015159,0.007326,-0.046398,0.031746,0.004255,0.018750,0.427024,0.003712,0.018288,0.427095,0.019227,0.427456,-2.134322,0.000,0.000,0.000,0.001600,0,0.000
6.2759,0.384106,0.468793,0.450482,0.494507,-0.032967,0.626373,0.385496,0.467590,0.450552,0.027803,-0.024062,0.001399,0.036630,-0.036630,-0.007326,0.004005,0.018798,0.427046,0.003711,0.018288,0.427095,0.019220,0.427479,-2.134343,0.000,0.000,0.000,0.001355,0,0.000
6.2857,0.383724,0.468793,0.450482,-0.164837,0.032967,0.164837,0.385441,0.467554,0.450518,0.034330,-0.024785,0.000705,0.026862,-0.036630,-0.007326,0.004005,0.018891,0.427020,0.003711,0.018288,0.427095,0.019311,0.427456,-2.134360,0.000,0.000,0.000,0.001772,0,0.000
6.2961,0.383724,0.468793,0.450101,-0.142857,0.098900,-0.032967,0.385405,0.467517,0.450463,0.033619,-0.025513,0.007245,0.051282,-0.017094,-0.021978,0.004088,0.018843,0.426999,0.003711,0.018288,0.427095,0.019282,0.427434,-2.134372,0.000,0.000,0.000,0.001716,0,0.000
6.3059,0.384106,0.468793,0.450101,0.010990,-0.098900,-0.186813,0.385460,0.467553,0.450499,0.027088,-0.024805,0.007958,0.031746,-0.031746,-0.012210,0.004088,0.018750,0.427026,0.003711,0.018288,0.427095,0.019190,0.427457,-2.134376,0.000,0.000,0.000,0.001299,0,0.000
6.3163,0.383724,0.468793,0.450101,-0.340660,-0.252747,0.054947,0.385405,0.467516,0.450464,0.033615,-0.025527,0.007264,0.012210,-0.021978,0.002442,0.004088,0.018843,0.426999,0.003711,0.018288,0.427095,0.019282,0.427434,-2.134393,0.000,0.000,0.000,0.001736,0,0.000
6.3262,0.384106,0.469174,0.450101,-0.098900,0.384617,-0.054947,0.385495,0.467607,0.450536,0.027795,-0.031350,0.008696,0.021978,-0.017094,-0.007326,0.004172,0.018798,0.427045,0.003711,0.018288,0.427095,0.019256,0.427478,-2.134397,0.000,0.000,0.000,0.001658,0,0.000
6.3364,0.384106,0.468793,0.450101,-0.098900,0.010990,0.142857,0.385460,0.467552,0.450500,0.027083,-0.024826,0.007984,0.031746,-0.026862,0.007326,0.004088,0.018750,0.427026,0.003710,0.018288,0.427095,0.019190,0.427457,-2.134406,0.000,0.000,0.000,0.001390,0,0.000
6.3467,0.384106,0.468793,0.450101,-0.274727,-0.230770,-0.362637,0.385460,0.467551,0.450501,0.027080,-0.024835,0.007996,0.007326,-0.031746,-0.002442,0.004088,0.018750,0.427026,0.003710,0.018288,0.427095,0.019190,0.427457,-2.134419,0.000,0.000,0.000,0.001354,0,0.000
6.3569,0.384106,0.468793,0.450482,-0.120880,0.164837,0.406593,0.385495,0.467587,0.450556,0.027787,-0.024124,0.001477,0.031746,-0.017094,0.002442,0.004005,0.018798,0.427046,0.003710,0.018288,0.427095,0.019220,0.427479,-2.134432,0.000,0.000,0.000,0.001354,0,0.000
6.3668,0.384106,0.468793,0.450482,-0.142857,0.340660,0.362637,0.385495,0.467586,0.450557,0.027784,-0.024133,0.001490,0.026862,-0.031746,-0.007326,0.004005,0.018798,0.427046,0.003710,0.018288,0.427095,0.019220,0.427479,-2.134445,0.000,0.000,0.000,0.001389,0,0.000
6.3765,0.384106,0.468411,0.450101,0.186813,-0.208790,-0.230770,0.385424,0.467495,0.450466,0.026363,-0.018328,0.007306,0.056166,-0.031746,-0.017094,0.004004,0.018702,0.427007,0.003709,0.018288,0.427095,0.019126,0.427435,-2.134453,0.000,0.000,0.000,0.001389,0,0.000
6.3869,0.384106,0.468793,0.450101,-0.054947,0.318680,0.076923,0.385459,0.467549,0.450503,0.027069,-0.024874,0.008046,0.007326,-0.036630,-0.021978,0.004088,0.018750,0.427026,0.003709,0.018289,0.427095,0.019190,0.427457,-2.134475,0.000,0.000,0.000,0.001318,0,0.000
6.3968,0.384106,0.468793,0.450101,-0.076923,0.054947,0.054947,0.385459,0.467549,0.450504,0.027067,-0.024882,0.008056,0.002442,-0.026862,-0.012210,0.004088,0.018750,0.427026,0.003709,0.018289,0.427095,0.019190,0.427457,-2.134487,0.000,0.000,0.000,0.001353,0,0.000
6.4069,0.384106,0.468793,0.450101,-0.494507,0.274727,0.208790,0.385459,0.467548,0.450504,0.027064,-0.024893,0.008070,-0.021978,-0.036630,0.017094,0.004088,0.018750,0.427026,0.003709,0.018289,0.427095,0.019190,0.427457,-2.134502,0.000,0.000,0.000,0.001353,0,0.000
6.4170,0.384106,0.468793,0.450101,-0.208790,0.098900,0.076923,0.385459,0.467548,0.450505,0.027061,-0.024906,0.008086,0.012210,-0.041514,-0.017094,0.004088,0.018750,0.427026,0.003708,0.018289,0.427095,0.019190,0.427457,-2.134521,0.000,0.000,0.000,0.001353,0,0.000
6.4271,0.384487,0.468793,0.450101,0.054947,0.098900,-0.208790,0.385513,0.467582,0.450542,0.020527,-0.024212,0.008816,0.002442,-0.041514,-0.002442,0.004088,0.018657,0.427052,0.003708,0.018289,0.427095,0.019099,0.427479,-2.134544,0.000,0.000,0.000,0.001245,0,0.000
6.4370,0.384106,0.468793,0.450101,-0.362637,0.032967,0.054947,0.385458,0.467546,0.450507,0.027051,-0.024941,0.008131,0.012210,-0.046398,-0.002442,0.004088,0.018750,0.427026,0.003707,0.018289,0.427095,0.019190,0.427457,-2.134570,0.000,0.000,0.000,0.001408,0,0.000
6.4480,0.384487,0.468793,0.450101,0.450550,0.252747,-0.098900,0.385513,0.467581,0.450544,0.020518,-0.024242,0.008855,0.012210,-0.026862,-0.017094,0.004088,0.018657,0.427052,0.003707,0.018289,0.427095,0.019099,0.427479,-2.134588,0.000,0.000,0.000,0.001247,0,0.000
6.4585,0.384487,0.468411,0.450482,0.252747,-0.076923,0.450550,0.385513,0.467561,0.450563,0.020513,-0.017005,0.001623,0.007326,-0.017094,0.012210,0.003921,0.018656,0.427054,0.003707,0.018289,0.427095,0.019064,0.427479,-2.134608,0.000,0.000,0.000,0.001026,0,0.000
6.4683,0.384487,0.468793,0.450101,-0.384617,0.076923,0.186813,0.385513,0.467580,0.450545,0.020512,-0.024264,0.008884,-0.041514,-0.007326,0.002442,0.004088,0.018657,0.427052,0.003706,0.018289,0.427095,0.019099,0.427479,-2.134620,0.000,0.000,0.000,0.001232,0,0.000
6.4777,0.384869,0.468793,0.450101,0.340660,-0.098900,0.032967,0.385568,0.467615,0.450581,0.013980,-0.023563,0.009604,0.041514,-0.026862,-0.017094,0.004088,0.018563,0.427079,0.003706,0.018289,0.427095,0.019008,0.427501,-2.134633,0.000,0.000,0.000,0.001213,0,0.000
6.4875,0.384487,0.468793,0.450101,-0.274727,0.010990,-0.120880,0.385512,0.467579,0.450546,0.020507,-0.024284,0.008908,-0.012210,-0.046398,-0.012210,0.004088,0.018657,0.427052,0.003706,0.018289,0.427095,0.019099,0.427479,-2.134647,0.000,0.000,0.000,0.001178,0,0.000
6.4979,0.384487,0.468411,0.450101,-0.120880,-0.186813,0.076923,0.385477,0.467523,0.450511,0.019794,-0.017761,0.008198,-0.007326,-0.026862,0.026862,0.004005,0.018608,0.427033,0.003706,0.018289,0.427095,0.019034,0.427457,-2.134659,0.000,0.000,0.000,0.001025,0,0.000
6.5078,0.384869,0.468793,0.450101,0.076923,0.076923,0.010990,0.385567,0.467613,0.450583,0.013973,-0.023590,0.009638,0.017094,-0.021978,0.002442,0.004088,0.018563,0.427079,0.003705,0.018289,0.427095,0.019008,0.427501,-2.134671,0.000,0.000,0.000,0.001270,0,0.000
6.5179,0.384869,0.468793,0.450482,0.362637,0.120880,0.252747,0.385602,0.467649,0.450638,0.014680,-0.022877,0.003118,0.012210,-0.036630,-0.026862,0.004005,0.018611,0.427099,0.003705,0.018289,0.427095,0.019037,0.427524,-2.134681,0.000,0.000,0.000,0.001179,0,0.000
6.5280,0.384869,0.468411,0.450482,-0.142857,-0.010990,0.516483,0.385567,0.467593,0.450603,0.013966,-0.016357,0.002412,0.002442,-0.007326,-0.012210,0.003921,0.018563,0.427080,0.003705,0.018289,0.427095,0.018972,0.427502,-2.134697,0.000,0.000,0.000,0.000762,0,0.000
6.5383,0.384869,0.468411,0.450101,0.318680,-0.164837,-0.186813,0.385531,0.467557,0.450548,0.013255,-0.017085,0.008951,0.012210,-0.036630,-0.017094,0.004005,0.018515,0.427060,0.003705,0.018289,0.427095,0.018943,0.427480,-2.134708,0.000,0.000,0.000,0.000818,0,0.000
6.5484,0.384869,0.468793,0.450482,0.384617,0.340660,0.142857,0.385602,0.467647,0.450640,0.014670,-0.022912,0.003162,0.012210,-0.026862,-0.002442,0.004005,0.018611,0.427099,0.003704,0.018289,0.427095,0.019037,0.427524,-2.134731,0.000,0.000,0.000,0.001236,0,0.000
6.5586,0.384869,0.468793,0.450101,-0.010990,0.142857,-0.098900,0.385566,0.467611,0.450586,0.013958,-0.023644,0.009707,0.012210,-0.031746,0.002442,0.004088,0.018563,0.427079,0.003704,0.018290,0.427095,0.019008,0.427501,-2.134748,0.000,0.000,0.000,0.001146,0,0.000
6.5684,0.384869,0.468411,0.450482,0.098900,-0.186813,0.450550,0.385566,0.467591,0.450606,0.013952,-0.016407,0.002475,0.017094,-0.041514,-0.002442,0.003921,0.018563,0.427080,0.003704,0.018290,0.427095,0.018972,0.427502,-2.134768,0.000,0.000,0.000,0.000801,0,0.000
6.5786,0.384869,0.468411,0.450101,0.142857,0.054947,-0.428570,0.385530,0.467554,0.450552,0.013238,-0.017149,0.009033,0.017094,-0.021978,-0.012210,0.004005,0.018515,0.427060,0.003703,0.018290,0.427095,0.018943,0.427480,-2.134800,0.000,0.000,0.000,0.000820,0,0.000
6.5885,0.384869,0.468793,0.450101,-0.120880,0.120880,0.032967,0.385566,0.467608,0.450590,0.013943,-0.023700,0.009779,-0.017094,-0.007326,-0.002442,0.004088,0.018563,0.427079,0.003703,0.018290,0.427095,0.019008,0.427501,-2.134830,0.000,0.000,0.000,0.001239,0,0.000
6.5985,0.384869,0.468793,0.450101,-0.274727,-0.010990,0.054947,0.385565,0.467607,0.450591,0.013937,-0.023720,0.009805,-0.056166,-0.021978,-0.007326,0.004088,0.018563,0.427079,0.003702,0.018290,0.427095,0.019008,0.427501,-2.134858,0.000,0.000,0.000,0.001185,0,0.000
6.6086,0.385250,0.468411,0.450482,0.098900,-0.186813,0.362637,0.385620,0.467623,0.450646,0.007402,-0.015773,0.003282,-0.021978,-0.046398,-0.031746,0.003921,0.018469,0.427107,0.003702,0.018290,0.427095,0.018881,0.427524,-2.134879,0.000,0.000,0.000,0.000805,0,0.000
6.6187,0.384869,0.468411,0.450101,-0.538460,-0.120880,-0.010990,0.385529,0.467550,0.450557,0.013219,-0.017219,0.009123,-0.007326,-0.041514,-0.002442,0.004005,0.018515,0.427060,0.003701,0.018290,0.427095,0.018943,0.427480,-2.134901,0.000,0.000,0.000,0.000789,0,0.000
6.6288,0.385250,0.468793,0.450101,-0.120880,0.516483,-0.098900,0.385620,0.467640,0.450629,0.007396,-0.023054,0.010569,-0.012210,-0.002442,0.012210,0.004088,0.018470,0.427105,0.003701,0.018290,0.427095,0.018917,0.427524,-2.134921,0.000,0.000,0.000,0.001242,0,0.000
6.6389,0.385250,0.468793,0.450482,0.054947,0.230770,0.230770,0.385655,0.467675,0.450685,0.008101,-0.022347,0.004057,-0.021978,-0.021978,-0.017094,0.004005,0.018518,0.427126,0.003701,0.018290,0.427095,0.018946,0.427546,-2.134940,0.000,0.000,0.000,0.001153,0,0.000
6.6491,0.385250,0.468793,0.450101,-0.054947,0.362637,-0.274727,0.385619,0.467639,0.450631,0.007388,-0.023081,0.010605,-0.021978,-0.026862,0.007326,0.004088,0.018470,0.427105,0.003700,0.018290,0.427095,0.018917,0.427524,-2.134960,0.000,0.000,0.000,0.001117,0,0.000
6.6592,0.384869,0.468793,0.450101,-0.296703,0.054947,-0.054947,0.385564,0.467603,0.450596,0.013915,-0.023804,0.009911,-0.017094,-0.031746,-0.017094,0.004088,0.018563,0.427079,0.003700,0.018290,0.427095,0.019008,0.427501,-2.134977,0.000,0.000,0.000,0.001154,0,0.000
6.6693,0.385250,0.468411,0.450101,-0.076923,-0.230770,-0.142857,0.385584,0.467583,0.450596,0.006672,-0.016571,0.009911,0.002442,-0.021978,-0.012210,0.004005,0.018421,0.427086,0.003700,0.018290,0.427095,0.018852,0.427502,-2.134990,0.000,0.000,0.000,0.000809,0,0.000
6.6795,0.385250,0.468793,0.450482,-0.032967,-0.032967,0.362637,0.385654,0.467673,0.450688,0.008087,-0.022397,0.004121,-0.012210,-0.026862,0.021978,0.004005,0.018518,0.427126,0.003699,0.018290,0.427095,0.018946,0.427546,-2.135012,0.000,0.000,0.000,0.001210,0,0.000
6.6893,0.385250,0.468793,0.450482,0.186813,-0.076923,0.032967,0.385654,0.467672,0.450689,0.008083,-0.022414,0.004143,-0.002442,-0.051282,-0.012210,0.004005,0.018518,0.427126,0.003699,0.018291,0.427095,0.018946,0.427546,-2.135036,0.000,0.000,0.000,0.001120,0,0.000
6.6994,0.385250,0.468793,0.450101,0.054947,-0.076923,-0.142857,0.385618,0.467635,0.450635,0.007370,-0.023150,0.010692,0.002442,-0.026862,-0.017094,0.004088,0.018470,0.427105,0.003698,0.018291,0.427095,0.018917,0.427524,-2.135059,0.000,0.000,0.000,0.001121,0,0.000
6.7092,0.385250,0.468793,0.450101,-0.054947,0.362637,-0.054947,0.385618,0.467635,0.450636,0.007365,-0.023166,0.010712,-0.012210,-0.031746,-0.017094,0.004088,0.018470,0.427105,0.003698,0.018291,0.427095,0.018917,0.427524,-2.135081,0.000,0.000,0.000,0.001157,0,0.000
6.7196,0.385631,0.468793,0.450482,0.120880,0.032967,0.186813,0.385708,0.467705,0.450728,0.001540,-0.021751,0.004912,-0.007326,-0.031746,0.007326,0.004005,0.018424,0.427153,0.003698,0.018291,0.427095,0.018854,0.427568,-2.135104,0.000,0.000,0.000,0.001158,0,0.000
6.7296,0.385631,0.468793,0.450101,0.098900,0.186813,-0.318680,0.385673,0.467668,0.450674,0.000827,-0.022488,0.011464,-0.012210,-0.031746,-0.002442,0.004088,0.018376,0.427132,0.003697,0.018291,0.427095,0.018825,0.427546,-2.135129,0.000,0.000,0.000,0.001088,0,0.000
6.7399,0.385631,0.468793,0.450482,-0.142857,0.164837,0.032967,0.385708,0.467704,0.450730,0.001531,-0.021784,0.004954,0.007326,-0.021978,-0.026862,0.004005,0.018424,0.427153,0.003697,0.018291,0.427095,0.018854,0.427568,-2.135151,0.000,0.000,0.000,0.001124,0,0.000
6.7495,0.385631,0.468411,0.450101,-0.120880,-0.296703,-0.384617,0.385637,0.467612,0.450640,0.000107,-0.015988,0.010783,0.007326,-0.017094,0.017094,0.004005,0.018328,0.427113,0.003696,0.018291,0.427095,0.018760,0.427525,-2.135173,0.000,0.000,0.000,0.000708,0,0.000
6.7596,0.385631,0.468793,0.450101,0.186813,0.076923,-0.120880,0.385672,0.467666,0.450677,0.000812,-0.022542,0.011531,0.031746,-0.026862,-0.012210,0.004088,0.018376,0.427132,0.003696,0.018291,0.427095,0.018825,0.427546,-2.135205,0.000,0.000,0.000,0.001181,0,0.000
6.7705,0.386013,0.468793,0.450101,0.230770,0.164837,-0.010990,0.385727,0.467701,0.450714,-0.005721,-0.021843,0.012256,-0.041514,-0.017094,0.021978,0.004088,0.018283,0.427158,0.003695,0.018291,0.427095,0.018734,0.427569,-2.135223,0.000,0.000,0.000,0.001127,0,0.000
6.7798,0.386013,0.468793,0.450101,0.142857,-0.076923,-0.252747,0.385727,0.467700,0.450714,-0.005723,-0.021851,0.012266,-0.031746,-0.041514,-0.007326,0.004088,0.018283,0.427158,0.003695,0.018291,0.427095,0.018734,0.427569,-2.135234,0.000,0.000,0.000,0.001092,0,0.000
6.7898,0.386013,0.468793,0.450101,-0.032967,0.186813,-0.230770,0.385727,0.467699,0.450715,-0.005727,-0.021867,0.012286,-0.046398,-0.026862,0.017094,0.004088,0.018283,0.427158,0.003695,0.018291,0.427095,0.018734,0.427569,-2.135257,0.000,0.000,0.000,0.001093,0,0.000
6.8000,0.386013,0.468793,0.450482,0.076923,0.032967,0.164837,0.385762,0.467735,0.450771,-0.005021,-0.021156,0.005768,-0.041514,-0.012210,0.017094,0.004005,0.018331,0.427179,0.003695,0.018291,0.427095,0.018763,0.427591,-2.135270,0.000,0.000,0.000,0.001093,0,0.000
6.8108,0.385631,0.468793,0.450482,-0.186813,-0.076923,-0.032967,0.385707,0.467699,0.450736,0.001506,-0.021876,0.005072,-0.041514,-0.051282,-0.002442,0.004005,0.018424,0.427153,0.003694,0.018291,0.427095,0.018854,0.427568,-2.135283,0.000,0.000,0.000,0.001058,0,0.000
6.8214,0.386013,0.468793,0.450482,0.274727,0.384617,0.428570,0.385762,0.467734,0.450772,-0.005025,-0.021172,0.005789,0.007326,-0.002442,-0.007326,0.004005,0.018331,0.427179,0.003694,0.018292,0.427095,0.018763,0.427591,-2.135293,0.000,0.000,0.000,0.001094,0,0.000
6.8308,0.386013,0.469174,0.450482,0.252747,-0.032967,-0.010990,0.385797,0.467789,0.450808,-0.004317,-0.027711,0.006519,-0.031746,-0.183150,-0.007326,0.004089,0.018379,0.427198,0.003694,0.018292,0.427095,0.018828,0.427613,-2.135304,0.000,0.000,0.000,0.001440,0,0.000
6.8411,0.386013,0.469174,0.450101,-0.208790,0.208790,-0.516483,0.385762,0.467752,0.450754,-0.005028,-0.028439,0.013059,-0.056166,-0.017094,0.002442,0.004172,0.018331,0.427177,0.003694,0.018292,0.427095,0.018800,0.427591,-2.135316,0.000,0.000,0.000,0.001386,0,0.000
6.8509,0.386394,0.469174,0.450101,0.142857,0.076923,-0.032967,0.385816,0.467787,0.450790,-0.011561,-0.027742,0.013786,-0.041514,0.002442,0.031746,0.004172,0.018237,0.427204,0.003693,0.018292,0.427095,0.018709,0.427613,-2.135336,0.000,0.000,0.000,0.001422,0,0.000
6.8611,0.386394,0.469174,0.450482,0.120880,0.032967,0.186813,0.385852,0.467823,0.450846,-0.010855,-0.027031,0.007267,-0.021978,-0.031746,-0.017094,0.004089,0.018285,0.427225,0.003693,0.018292,0.427095,0.018737,0.427635,-2.135348,0.000,0.000,0.000,0.001387,0,0.000
6.8710,0.386394,0.469174,0.450482,0.076923,0.032967,0.208790,0.385851,0.467822,0.450847,-0.010859,-0.027049,0.007290,-0.051282,0.002442,0.031746,0.004089,0.018285,0.427225,0.003693,0.018292,0.427095,0.018737,0.427635,-2.135374,0.000,0.000,0.000,0.001352,0,0.000
6.8816,0.386394,0.469174,0.450101,0.318680,0.120880,-0.186813,0.385816,0.467785,0.450792,-0.011571,-0.027777,0.013831,-0.031746,-0.012210,-0.017094,0.004172,0.018237,0.427204,0.003692,0.018292,0.427095,0.018709,0.427613,-2.135386,0.000,0.000,0.000,0.001352,0,0.000
6.8914,0.386394,0.469174,0.450482,-0.032967,-0.010990,0.076923,0.385851,0.467821,0.450848,-0.010866,-0.027074,0.007322,-0.012210,-0.012210,0.002442,0.004089,0.018285,0.427225,0.003692,0.018292,0.427095,0.018737,0.427635,-2.135410,0.000,0.000,0.000,0.001389,0,0.000
6.9020,0.386394,0.469174,0.450101,-0.164837,0.296703,-0.032967,0.385815,0.467784,0.450794,-0.011580,-0.027811,0.013873,-0.026862,-0.026862,0.017094,0.004172,0.018237,0.427204,0.003692,0.018292,0.427095,0.018709,0.427613,-2.135434,0.000,0.000,0.000,0.001354,0,0.000
6.9114,0.386394,0.469174,0.450101,-0.186813,0.252747,-0.120880,0.385815,0.467783,0.450795,-0.011584,-0.027825,0.013891,-0.031746,-0.021978,-0.007326,0.004172,0.018237,0.427204,0.003691,0.018292,0.427095,0.018709,0.427613,-2.135454,0.000,0.000,0.000,0.001391,0,0.000
6.9227,0.386394,0.469174,0.450482,-0.142857,-0.010990,0.010990,0.385850,0.467818,0.450851,-0.010878,-0.027119,0.007379,-0.026862,0.046398,-0.002442,0.004089,0.018285,0.427225,0.003691,0.018292,0.427095,0.018737,0.427635,-2.135473,0.000,0.000,0.000,0.001391,0,0.000
6.9317,0.386394,0.469174,0.450101,-0.032967,-0.164837,-0.274727,0.385815,0.467782,0.450797,-0.011589,-0.027845,0.013917,-0.056166,0.002442,-0.012210,0.004172,0.018237,0.427204,0.003691,0.018292,0.427095,0.018709,0.427613,-2.135483,0.000,0.000,0.000,0.001356,0,0.000
6.9415,0.386394,0.469556,0.450482,0.054947,0.208790,0.010990,0.385886,0.467873,0.450888,-0.010172,-0.033664,0.008117,-0.046398,-0.095238,-0.007326,0.004173,0.018334,0.427244,0.003690,0.018292,0.427095,0.018802,0.427657,-2.135494,0.000,0.000,0.000,0.001774,0,0.000
6.9515,0.386776,0.469937,0.450482,0.252747,0.560440,-0.054947,0.385976,0.467963,0.450960,-0.015993,-0.039492,0.009557,-0.046398,-0.061050,-0.007326,0.004257,0.018288,0.427289,0.003690,0.018292,0.427095,0.018777,0.427702,-2.135506,0.000,0.000,0.000,0.002065,0,0.000
6.9611,0.386394,0.469937,0.450482,-0.098900,0.142857,0.252747,0.385921,0.467927,0.450925,-0.009463,-0.040203,0.008848,-0.026862,0.007326,-0.007326,0.004257,0.018382,0.427263,0.003690,0.018292,0.427095,0.018868,0.427679,-2.135505,0.000,0.000,0.000,0.001975,0,0.000
6.9712,0.386776,0.469937,0.450101,0.340660,-0.010990,-0.318680,0.385941,0.467926,0.450906,-0.016704,-0.040221,0.016098,-0.041514,-0.153846,-0.007326,0.004340,0.018240,0.427268,0.003690,0.018292,0.427095,0.018750,0.427680,-2.135518,0.000,0.000,0.000,0.002010,0,0.000
6.9813,0.386776,0.469556,0.450101,-0.142857,-0.032967,0.010990,0.385905,0.467871,0.450870,-0.017414,-0.033688,0.015376,-0.051282,-0.119658,0.002442,0.004256,0.018192,0.427249,0.003690,0.018292,0.427095,0.018683,0.427658,-2.135516,0.000,0.000,0.000,0.001630,0,0.000
6.9919,0.386776,0.469556,0.450482,-0.230770,-0.054947,0.296703,0.385941,0.467907,0.450925,-0.016706,-0.032973,0.008851,-0.070818,-0.124542,0.012210,0.004173,0.018240,0.427270,0.003690,0.018292,0.427095,0.018711,0.427680,-2.135522,0.000,0.000,0.000,0.001684,0,0.000
7.0020,0.386776,0.469937,0.450482,-0.472527,-0.230770,0.142857,0.385976,0.467961,0.450962,-0.015999,-0.039516,0.009588,-0.075702,0.017094,0.017094,0.004257,0.018288,0.427289,0.003690,0.018292,0.427095,0.018777,0.427702,-2.135540,0.000,0.000,0.000,0.002030,0,0.000
7.0122,0.387157,0.469937,0.450482,0.230770,0.230770,0.406593,0.386031,0.467996,0.450998,-0.022532,-0.038818,0.010313,-0.036630,-0.065934,0.012210,0.004257,0.018195,0.427316,0.003689,0.018293,0.427095,0.018686,0.427724,-2.135558,0.000,0.000,0.000,0.001976,0,0.000
7.0220,0.387157,0.469556,0.450482,0.010990,-0.076923,-0.010990,0.385995,0.467941,0.450963,-0.023247,-0.032304,0.009614,-0.031746,-0.065934,0.002442,0.004173,0.018147,0.427297,0.003689,0.018293,0.427095,0.018620,0.427702,-2.135583,0.000,0.000,0.000,0.001559,0,0.000
7.0319,0.387157,0.469937,0.450101,0.054947,-0.010990,-0.186813,0.385995,0.467959,0.450945,-0.023249,-0.039569,0.016882,-0.061050,-0.090354,-0.017094,0.004340,0.018147,0.427295,0.003688,0.018293,0.427095,0.018659,0.427702,-2.135603,0.000,0.000,0.000,0.001997,0,0.000
7.0420,0.387157,0.469937,0.450101,0.054947,0.076923,-0.428570,0.385995,0.467958,0.450946,-0.023253,-0.039583,0.016899,-0.036630,-0.021978,-0.017094,0.004340,0.018147,0.427295,0.003688,0.018293,0.427095,0.018659,0.427702,-2.135622,0.000,0.000,0.000,0.001978,0,0.000
7.0522,0.387157,0.469937,0.450482,0.120880,-0.120880,0.252747,0.386030,0.467994,0.451001,-0.022545,-0.038866,0.010373,-0.046398,-0.012210,-0.007326,0.004257,0.018195,0.427316,0.003688,0.018293,0.427095,0.018686,0.427724,-2.135626,0.000,0.000,0.000,0.001979,0,0.000
7.0626,0.387157,0.469937,0.450482,-0.186813,-0.054947,0.186813,0.386030,0.467993,0.451002,-0.022548,-0.038876,0.010387,-0.041514,-0.100122,0.021978,0.004257,0.018195,0.427316,0.003688,0.018293,0.427095,0.018686,0.427724,-2.135642,0.000,0.000,0.000,0.001943,0,0.000
7.0722,0.387157,0.469556,0.450482,-0.186813,-0.274727,0.274727,0.385994,0.467938,0.450966,-0.023260,-0.032350,0.009673,-0.051282,-0.065934,-0.012210,0.004173,0.018147,0.427297,0.003688,0.018293,0.427095,0.018620,0.427702,-2.135649,0.000,0.000,0.000,0.001562,0,0.000
7.0825,0.387157,0.469937,0.450482,-0.076923,0.318680,0.164837,0.386030,0.467993,0.451002,-0.022548,-0.038878,0.010388,-0.026862,-0.056166,-0.007326,0.004257,0.018195,0.427316,0.003688,0.018293,0.427095,0.018686,0.427724,-2.135643,0.000,0.000,0.000,0.001999,0,0.000
7.0924,0.387539,0.469937,0.450101,0.516483,-0.076923,-0.142857,0.386049,0.467993,0.450982,-0.029787,-0.038887,0.017628,-0.002442,-0.056166,0.007326,0.004340,0.018053,0.427321,0.003688,0.018293,0.427095,0.018568,0.427725,-2.135644,0.000,0.000,0.000,0.001944,0,0.000
7.1026,0.387157,0.469556,0.450482,-0.252747,0.054947,-0.252747,0.385994,0.467939,0.450965,-0.023257,-0.032338,0.009657,-0.041514,-0.046398,-0.026862,0.004173,0.018147,0.427297,0.003688,0.018293,0.427095,0.018620,0.427702,-2.135631,0.000,0.000,0.000,0.001563,0,0.000
7.1126,0.387539,0.469937,0.450482,0.318680,-0.010990,-0.010990,0.386085,0.468029,0.451036,-0.029075,-0.038155,0.011082,-0.031746,-0.070818,0.002442,0.004257,0.018101,0.427342,0.003688,0.018293,0.427095,0.018595,0.427747,-2.135627,0.000,0.000,0.000,0.001998,0,0.000
7.1227,0.387920,0.469556,0.450482,0.252747,0.010990,-0.120880,0.386105,0.468011,0.451035,-0.036312,-0.030904,0.011059,-0.080586,-0.051282,-0.007326,0.004173,0.017959,0.427350,0.003688,0.018293,0.427095,0.018438,0.427747,-2.135613,0.000,0.000,0.000,0.001835,0,0.000
7.1324,0.387539,0.469556,0.450101,-0.054947,-0.054947,-0.252747,0.386014,0.467939,0.450944,-0.030490,-0.032327,0.016871,-0.031746,-0.065934,-0.002442,0.004256,0.018005,0.427302,0.003688,0.018293,0.427095,0.018501,0.427703,-2.135602,0.000,0.000,0.000,0.001545,0,0.000
7.1426,0.387539,0.469937,0.450482,0.120880,0.164837,0.032967,0.386085,0.468030,0.451036,-0.029072,-0.038146,0.011071,-0.056166,-0.007326,0.017094,0.004257,0.018101,0.427342,0.003688,0.018293,0.427095,0.018595,0.427747,-2.135614,0.000,0.000,0.000,0.001998,0,0.000
7.1527,0.387920,0.469556,0.450482,0.494507,-0.010990,0.076923,0.386105,0.468010,0.451035,-0.036314,-0.030908,0.011064,-0.061050,-0.051282,0.021978,0.004173,0.017959,0.427350,0.003688,0.018293,0.427095,0.018438,0.427747,-2.135619,0.000,0.000,0.000,0.001835,0,0.000
7.1627,0.387539,0.469556,0.450482,0.010990,0.098900,0.164837,0.386050,0.467975,0.451000,-0.029785,-0.031623,0.010360,-0.046398,-0.056166,-0.026862,0.004173,0.018053,0.427323,0.003688,0.018293,0.427095,0.018529,0.427725,-2.135624,0.000,0.000,0.000,0.001545,0,0.000
7.1726,0.387539,0.469556,0.450482,0.164837,-0.186813,0.076923,0.386049,0.467974,0.451001,-0.029788,-0.031635,0.010376,-0.065934,-0.046398,0.012210,0.004173,0.018053,0.427323,0.003688,0.018293,0.427095,0.018529,0.427725,-2.135642,0.000,0.000,0.000,0.001581,0,0.000
7.1829,0.387539,0.469556,0.450101,-0.120880,-0.054947,-0.252747,0.386014,0.467937,0.450948,-0.030503,-0.032378,0.016935,-0.065934,-0.061050,0.017094,0.004256,0.018005,0.427302,0.003687,0.018293,0.427095,0.018501,0.427703,-2.135675,0.000,0.000,0.000,0.001582,0,0.000
7.1929,0.387539,0.469556,0.450482,0.054947,0.142857,-0.076923,0.386049,0.467972,0.451003,-0.029798,-0.031672,0.010423,-0.041514,-0.012210,-0.021978,0.004173,0.018053,0.427323,0.003687,0.018293,0.427095,0.018529,0.427725,-2.135695,0.000,0.000,0.000,0.001619,0,0.000
7.2030,0.387539,0.469556,0.450482,-0.098900,-0.010990,0.186813,0.386049,0.467971,0.451004,-0.029803,-0.031689,0.010445,-0.046398,-0.036630,-0.012210,0.004173,0.018053,0.427323,0.003686,0.018293,0.427095,0.018529,0.427725,-2.135719,0.000,0.000,0.000,0.001584,0,0.000
7.2130,0.387539,0.469556,0.450482,0.142857,0.142857,-0.098900,0.386049,0.467971,0.451005,-0.029804,-0.031693,0.010450,-0.065934,-0.021978,-0.002442,0.004173,0.018053,0.427323,0.003686,0.018293,0.427095,0.018529,0.427725,-2.135725,0.000,0.000,0.000,0.001584,0,0.000
7.2232,0.387539,0.469174,0.450482,-0.142857,-0.340660,-0.340660,0.386013,0.467916,0.450969,-0.030515,-0.025164,0.009732,-0.061050,-0.056166,-0.007326,0.004089,0.018005,0.427304,0.003686,0.018293,0.427095,0.018463,0.427703,-2.135728,0.000,0.000,0.000,0.001490,0,0.000
7.2329,0.387539,0.469556,0.450101,-0.142857,0.164837,-0.340660,0.386013,0.467935,0.450950,-0.030513,-0.032415,0.016982,-0.085470,-0.041514,0.002442,0.004256,0.018005,0.427302,0.003686,0.018293,0.427095,0.018501,0.427703,-2.135727,0.000,0.000,0.000,0.001640,0,0.000
7.2434,0.387539,0.469556,0.450482,0.098900,0.098900,-0.076923,0.386049,0.467972,0.451004,-0.029801,-0.031682,0.010436,-0.036630,-0.046398,0.002442,0.004173,0.018053,0.427323,0.003686,0.018293,0.427095,0.018529,0.427725,-2.135709,0.000,0.000,0.000,0.001621,0,0.000
7.2537,0.387539,0.469556,0.450101,-0.032967,0.208790,-0.604397,0.386013,0.467936,0.450949,-0.030508,-0.032395,0.016957,-0.036630,-0.012210,-0.007326,0.004256,0.018005,0.427302,0.003687,0.018293,0.427095,0.018501,0.427703,-2.135700,0.000,0.000,0.000,0.001584,0,0.000
7.2636,0.387920,0.469556,0.450482,0.340660,0.318680,0.032967,0.386104,0.468008,0.451039,-0.036327,-0.030957,0.011127,-0.046398,-0.036630,0.007326,0.004173,0.017959,0.427350,0.003687,0.018293,0.427095,0.018438,0.427747,-2.135689,0.000,0.000,0.000,0.001907,0,0.000
7.2735,0.387539,0.469174,0.450482,0.208790,-0.186813,-0.186813,0.386014,0.467918,0.450967,-0.030506,-0.025128,0.009687,-0.041514,-0.031746,-0.017094,0.004089,0.018005,0.427304,0.003687,0.018293,0.427095,0.018463,0.427703,-2.135676,0.000,0.000,0.000,0.001435,0,0.000
7.2837,0.387539,0.469174,0.450101,-0.032967,-0.186813,-0.450550,0.385978,0.467882,0.450911,-0.031211,-0.025837,0.016202,-0.061050,-0.036630,-0.002442,0.004172,0.017957,0.427283,0.003687,0.018293,0.427095,0.018435,0.427681,-2.135660,0.000,0.000,0.000,0.001525,0,0.000
7.2940,0.387920,0.469174,0.450482,0.494507,-0.164837,0.120880,0.386069,0.467954,0.451001,-0.037032,-0.024405,0.010380,-0.031746,-0.036630,-0.012210,0.004089,0.017911,0.427330,0.003687,0.018293,0.427095,0.018372,0.427725,-2.135659,0.000,0.000,0.000,0.001942,0,0.000
7.3039,0.387539,0.469174,0.450482,0.032967,0.054947,0.054947,0.386014,0.467918,0.450966,-0.030503,-0.025117,0.009673,-0.085470,-0.031746,0.017094,0.004089,0.018005,0.427304,0.003687,0.018293,0.427095,0.018463,0.427703,-2.135661,0.000,0.000,0.000,0.001470,0,0.000
7.3140,0.387539,0.469174,0.450482,0.032967,-0.142857,0.582417,0.386014,0.467918,0.450966,-0.030504,-0.025121,0.009678,-0.031746,-0.036630,0.051282,0.004089,0.018005,0.427304,0.003687,0.018293,0.427095,0.018463,0.427703,-2.135667,0.000,0.000,0.000,0.001525,0,0.000
7.3249,0.387539,0.469174,0.450482,0.076923,0.032967,0.142857,0.386013,0.467918,0.450967,-0.030506,-0.025130,0.009689,-0.031746,-0.036630,0.012210,0.004089,0.018005,0.427304,0.003687,0.018293,0.427095,0.018463,0.427703,-2.135679,0.000,0.000,0.000,0.001525,0,0.000
7.3350,0.387539,0.469174,0.450482,-0.406593,-0.032967,0.054947,0.386013,0.467917,0.450968,-0.030510,-0.025144,0.009707,-0.075702,-0.051282,-0.012210,0.004089,0.018005,0.427304,0.003687,0.018293,0.427095,0.018463,0.427703,-2.135699,0.000,0.000,0.000,0.001525,0,0.000
7.3451,0.387539,0.469174,0.450482,0.120880,0.186813,-0.098900,0.386013,0.467916,0.450968,-0.030513,-0.025156,0.009722,-0.051282,-0.031746,-0.007326,0.004089,0.018005,0.427304,0.003686,0.018293,0.427095,0.018463,0.427703,-2.135717,0.000,0.000,0.000,0.001526,0,0.000
7.3555,0.387920,0.469174,0.450482,0.428570,-0.120880,-0.274727,0.386068,0.467951,0.451005,-0.037048,-0.024463,0.010454,-0.041514,-0.031746,-0.036630,0.004089,0.017911,0.427330,0.003686,0.018293,0.427095,0.018372,0.427725,-2.135742,0.000,0.000,0.000,0.001907,0,0.000
7.3654,0.387539,0.469174,0.450482,0.098900,0.054947,-0.252747,0.386013,0.467915,0.450970,-0.030520,-0.025182,0.009755,-0.056166,-0.036630,0.002442,0.004089,0.018005,0.427304,0.003686,0.018293,0.427095,0.018463,0.427703,-2.135754,0.000,0.000,0.000,0.001471,0,0.000
7.3755,0.387539,0.469174,0.450482,0.362637,0.010990,-0.076923,0.386013,0.467915,0.450970,-0.030520,-0.025183,0.009756,-0.046398,-0.051282,-0.012210,0.004089,0.018005,0.427304,0.003686,0.018293,0.427095,0.018463,0.427703,-2.135754,0.000,0.000,0.000,0.001526,0,0.000
7.3852,0.387539,0.469174,0.450482,0.186813,0.054947,0.054947,0.386013,0.467915,0.450970,-0.030521,-0.025183,0.009757,-0.056166,-0.017094,-0.002442,0.004089,0.018005,0.427304,0.003686,0.018293,0.427095,0.018463,0.427703,-2.135755,0.000,0.000,0.000,0.001526,0,0.000
7.3955,0.387539,0.469174,0.450482,0.010990,-0.010990,-0.010990,0.386013,0.467916,0.450970,-0.030518,-0.025175,0.009746,-0.021978,-0.046398,-0.026862,0.004089,0.018005,0.427304,0.003686,0.018293,0.427095,0.018463,0.427703,-2.135743,0.000,0.000,0.000,0.001526,0,0.000
7.4057,0.387539,0.469174,0.450482,0.098900,-0.054947,0.186813,0.386013,0.467916,0.450969,-0.030515,-0.025163,0.009730,-0.031746,-0.046398,0.007326,0.004089,0.018005,0.427304,0.003686,0.018293,0.427095,0.018463,0.427703,-2.135725,0.000,0.000,0.000,0.001526,0,0.000
7.4160,0.387539,0.468793,0.450482,-0.120880,-0.296703,-0.318680,0.385978,0.467862,0.450931,-0.031220,-0.018610,0.008982,-0.065934,-0.021978,-0.017094,0.004005,0.017956,0.427285,0.003687,0.018293,0.427095,0.018398,0.427681,-2.135694,0.000,0.000,0.000,0.001526,0,0.000
7.4262,0.387539,0.469174,0.450482,0.120880,0.054947,0.318680,0.386014,0.467918,0.450966,-0.030504,-0.025120,0.009676,-0.041514,-0.036630,-0.026862,0.004089,0.018005,0.427304,0.003687,0.018293,0.427095,0.018463,0.427703,-2.135665,0.000,0.000,0.000,0.001561,0,0.000
7.4361,0.387920,0.469174,0.450482,0.142857,-0.054947,0.142857,0.386069,0.467954,0.451001,-0.037031,-0.024401,0.010375,-0.075702,-0.046398,-0.012210,0.004089,0.017911,0.427330,0.003688,0.018293,0.427095,0.018372,0.427725,-2.135653,0.000,0.000,0.000,0.001907,0,0.000
7.4462,0.387539,0.469174,0.450482,0.010990,0.164837,0.318680,0.386014,0.467919,0.450965,-0.030498,-0.025101,0.009651,-0.056166,-0.031746,0.026862,0.004089,0.018005,0.427304,0.003688,0.018293,0.427095,0.018463,0.427703,-2.135637,0.000,0.000,0.000,0.001470,0,0.000
7.4567,0.387539,0.469174,0.450482,0.208790,0.142857,-0.076923,0.386014,0.467920,0.450964,-0.030495,-0.025089,0.009637,-0.026862,-0.026862,-0.012210,0.004089,0.018005,0.427304,0.003688,0.018293,0.427095,0.018463,0.427703,-2.135620,0.000,0.000,0.000,0.001525,0,0.000
7.4667,0.387157,0.468793,0.450482,-0.494507,-0.076923,-0.252747,0.385924,0.467830,0.450892,-0.024675,-0.019266,0.008204,-0.085470,-0.046398,-0.021978,0.004005,0.018050,0.427259,0.003688,0.018293,0.427095,0.018489,0.427658,-2.135616,0.000,0.000,0.000,0.001143,0,0.000
7.4766,0.387539,0.469174,0.450482,-0.186813,0.340660,0.164837,0.386014,0.467920,0.450964,-0.030495,-0.025090,0.009637,-0.065934,-0.046398,0.012210,0.004089,0.018005,0.427304,0.003688,0.018293,0.427095,0.018463,0.427703,-2.135621,0.000,0.000,0.000,0.001615,0,0.000
7.4867,0.387539,0.468793,0.450482,0.054947,0.032967,-0.054947,0.385978,0.467864,0.450929,-0.031208,-0.018567,0.008928,-0.065934,-0.026862,0.007326,0.004005,0.017956,0.427285,0.003688,0.018293,0.427095,0.018398,0.427681,-2.135633,0.000,0.000,0.000,0.001525,0,0.000
7.4968,0.387539,0.468793,0.450482,-0.032967,0.054947,-0.098900,0.385978,0.467864,0.450929,-0.031208,-0.018567,0.008928,-0.056166,-0.041514,-0.002442,0.004005,0.017956,0.427285,0.003688,0.018293,0.427095,0.018398,0.427681,-2.135633,0.000,0.000,0.000,0.001560,0,0.000
7.5071,0.387539,0.468793,0.450482,0.054947,-0.208790,-0.186813,0.385978,0.467864,0.450929,-0.031210,-0.018573,0.008935,-0.075702,-0.061050,-0.002442,0.004005,0.017956,0.427285,0.003688,0.018293,0.427095,0.018398,0.427681,-2.135641,0.000,0.000,0.000,0.001560,0,0.000
7.5168,0.387539,0.468793,0.450482,0.032967,-0.208790,0.274727,0.385978,0.467864,0.450929,-0.031212,-0.018580,0.008944,-0.046398,-0.031746,0.026862,0.004005,0.017956,0.427285,0.003688,0.018293,0.427095,0.018398,0.427681,-2.135651,0.000,0.000,0.000,0.001560,0,0.000
7.5270,0.387157,0.468793,0.450482,-0.230770,0.164837,-0.032967,0.385923,0.467828,0.450894,-0.024682,-0.019289,0.008233,-0.021978,-0.021978,-0.007326,0.004005,0.018050,0.427259,0.003688,0.018293,0.427095,0.018489,0.427658,-2.135649,0.000,0.000,0.000,0.001179,0,0.000
7.5371,0.387539,0.468793,0.450482,0.098900,0.032967,0.054947,0.385978,0.467864,0.450929,-0.031211,-0.018576,0.008940,-0.031746,-0.017094,-0.002442,0.004005,0.017956,0.427285,0.003688,0.018293,0.427095,0.018398,0.427681,-2.135647,0.000,0.000,0.000,0.001616,0,0.000
7.5469,0.387157,0.469174,0.450482,-0.296703,0.384617,-0.120880,0.385959,0.467884,0.450929,-0.023968,-0.025809,0.008939,-0.026862,-0.021978,-0.002442,0.004089,0.018098,0.427278,0.003688,0.018293,0.427095,0.018554,0.427680,-2.135633,0.000,0.000,0.000,0.001310,0,0.000
7.5573,0.387157,0.468793,0.450482,-0.054947,-0.054947,0.186813,0.385924,0.467829,0.450892,-0.024676,-0.019266,0.008204,-0.012210,-0.031746,0.002442,0.004005,0.018050,0.427259,0.003688,0.018293,0.427095,0.018489,0.427658,-2.135617,0.000,0.000,0.000,0.001198,0,0.000
7.5669,0.387539,0.468793,0.450482,0.032967,-0.054947,0.120880,0.385979,0.467866,0.450927,-0.031201,-0.018539,0.008893,-0.036630,-0.026862,0.017094,0.004005,0.017956,0.427285,0.003689,0.018293,0.427095,0.018398,0.427681,-2.135594,0.000,0.000,0.000,0.001615,0,0.000
7.5766,0.387539,0.468793,0.450482,0.252747,-0.076923,-0.010990,0.385979,0.467866,0.450926,-0.031198,-0.018530,0.008880,-0.041514,-0.017094,0.002442,0.004005,0.017956,0.427285,0.003689,0.018293,0.427095,0.018398,0.427681,-2.135580,0.000,0.000,0.000,0.001560,0,0.000
7.5870,0.387157,0.468793,0.450482,-0.208790,-0.098900,-0.098900,0.385924,0.467831,0.450890,-0.024665,-0.019229,0.008156,-0.061050,-0.031746,0.017094,0.004005,0.018050,0.427259,0.003689,0.018293,0.427095,0.018489,0.427658,-2.135563,0.000,0.000,0.000,0.001178,0,0.000
7.5972,0.387539,0.468793,0.450482,0.186813,-0.098900,-0.186813,0.385979,0.467868,0.450925,-0.031192,-0.018505,0.008849,-0.036630,-0.021978,-0.017094,0.004005,0.017956,0.427285,0.003689,0.018292,0.427095,0.018398,0.427681,-2.135545,0.000,0.000,0.000,0.001615,0,0.000
7.6074,0.387157,0.468793,0.450482,-0.186813,0.252747,-0.010990,0.385924,0.467832,0.450889,-0.024660,-0.019210,0.008133,-0.046398,-0.031746,0.026862,0.004005,0.018050,0.427259,0.003690,0.018292,0.427095,0.018489,0.427658,-2.135536,0.000,0.000,0.000,0.001178,0,0.000
7.6173,0.387539,0.468793,0.450101,0.274727,0.362637,-0.318680,0.385944,0.467832,0.450869,-0.031896,-0.019207,0.015355,-0.046398,-0.017094,0.012210,0.004088,0.017909,0.427264,0.003690,0.018292,0.427095,0.018369,0.427659,-2.135518,0.000,0.000,0.000,0.001614,0,0.000
7.6273,0.387539,0.468411,0.450101,0.230770,-0.208790,-0.472527,0.385909,0.467778,0.450832,-0.032605,-0.012673,0.014631,-0.036630,-0.021978,-0.002442,0.004005,0.017860,0.427245,0.003690,0.018292,0.427095,0.018304,0.427637,-2.135514,0.000,0.000,0.000,0.001595,0,0.000
7.6374,0.387157,0.468411,0.450482,-0.098900,-0.252747,-0.098900,0.385889,0.467779,0.450851,-0.025364,-0.012651,0.007377,-0.036630,-0.026862,0.002442,0.003922,0.018002,0.427239,0.003690,0.018292,0.427095,0.018424,0.427636,-2.135496,0.000,0.000,0.000,0.001249,0,0.000
7.6472,0.387539,0.468793,0.450482,0.340660,0.054947,-0.054947,0.385980,0.467870,0.450922,-0.031181,-0.018465,0.008797,-0.021978,-0.026862,-0.002442,0.004005,0.017956,0.427285,0.003691,0.018292,0.427095,0.018398,0.427681,-2.135487,0.000,0.000,0.000,0.001650,0,0.000
7.6577,0.387157,0.468411,0.450864,0.252747,-0.098900,0.362637,0.385925,0.467815,0.450906,-0.024652,-0.011923,0.000837,-0.041514,-0.021978,0.012210,0.003838,0.018050,0.427260,0.003691,0.018292,0.427095,0.018453,0.427658,-2.135485,0.000,0.000,0.000,0.001178,0,0.000
7.6676,0.387157,0.468411,0.450482,0.230770,-0.252747,-0.208790,0.385889,0.467779,0.450850,-0.025360,-0.012637,0.007359,-0.036630,-0.031746,-0.012210,0.003922,0.018002,0.427239,0.003691,0.018292,0.427095,0.018424,0.427636,-2.135476,0.000,0.000,0.000,0.001233,0,0.000
7.6777,0.387157,0.468411,0.450482,-0.010990,-0.076923,-0.054947,0.385889,0.467780,0.450850,-0.025359,-0.012634,0.007355,-0.017094,-0.021978,-0.017094,0.003922,0.018002,0.427239,0.003691,0.018292,0.427095,0.018424,0.427636,-2.135472,0.000,0.000,0.000,0.001268,0,0.000
7.6875,0.387157,0.468411,0.450864,-0.186813,-0.098900,0.362637,0.385925,0.467816,0.450904,-0.024646,-0.011899,0.000806,-0.036630,-0.017094,-0.012210,0.003838,0.018050,0.427260,0.003691,0.018292,0.427095,0.018453,0.427658,-2.135450,0.000,0.000,0.000,0.001268,0,0.000
7.6977,0.387157,0.468411,0.450482,-0.076923,0.098900,0.318680,0.385890,0.467781,0.450849,-0.025353,-0.012614,0.007330,-0.036630,-0.007326,0.002442,0.003922,0.018002,0.427239,0.003691,0.018292,0.427095,0.018424,0.427636,-2.135443,0.000,0.000,0.000,0.001232,0,0.000
7.7077,0.387157,0.468411,0.450482,-0.054947,-0.054947,-0.274727,0.385890,0.467781,0.450848,-0.025351,-0.012606,0.007320,-0.026862,-0.021978,-0.007326,0.003922,0.018002,0.427239,0.003692,0.018292,0.427095,0.018424,0.427636,-2.135432,0.000,0.000,0.000,0.001268,0,0.000
7.7178,0.387157,0.468030,0.450482,-0.098900,-0.186813,0.098900,0.385854,0.467727,0.450812,-0.026060,-0.006067,0.006589,-0.051282,-0.007326,0.002442,0.003838,0.017954,0.427220,0.003692,0.018292,0.427095,0.018359,0.427615,-2.135420,0.000,0.000,0.000,0.001268,0,0.000
7.7277,0.387539,0.468030,0.450482,0.538460,-0.186813,0.296703,0.385909,0.467763,0.450846,-0.032586,-0.005344,0.007283,-0.031746,-0.007326,0.007326,0.003838,0.017860,0.427247,0.003692,0.018292,0.427095,0.018268,0.427637,-2.135403,0.000,0.000,0.000,0.001684,0,0.000
7.7380,0.387157,0.468411,0.450482,0.186813,0.010990,-0.010990,0.385890,0.467782,0.450846,-0.025343,-0.012577,0.007283,-0.036630,-0.026862,-0.021978,0.003922,0.018002,0.427239,0.003692,0.018292,0.427095,0.018424,0.427636,-2.135391,0.000,0.000,0.000,0.001248,0,0.000
7.7483,0.387157,0.468411,0.450482,-0.164837,-0.076923,0.010990,0.385890,0.467783,0.450846,-0.025341,-0.012567,0.007270,-0.046398,-0.021978,0.017094,0.003922,0.018002,0.427239,0.003693,0.018292,0.427095,0.018424,0.427636,-2.135376,0.000,0.000,0.000,0.001267,0,0.000
7.7586,0.387157,0.468030,0.450482,0.230770,-0.164837,-0.230770,0.385855,0.467729,0.450809,-0.026049,-0.006026,0.006536,-0.031746,-0.012210,-0.007326,0.003838,0.017954,0.427220,0.003693,0.018292,0.427095,0.018359,0.427615,-2.135361,0.000,0.000,0.000,0.001267,0,0.000
7.7684,0.387157,0.468030,0.450864,0.076923,-0.142857,0.406593,0.385890,0.467765,0.450864,-0.025338,-0.005298,-0.000003,-0.056166,-0.002442,0.007326,0.003755,0.018001,0.427241,0.003693,0.018292,0.427095,0.018389,0.427637,-2.135350,0.000,0.000,0.000,0.001302,0,0.000
7.7787,0.386776,0.468030,0.450482,-0.186813,-0.054947,0.010990,0.385800,0.467694,0.450773,-0.019516,-0.006727,0.005815,-0.046398,-0.007326,0.017094,0.003838,0.018047,0.427194,0.003693,0.018292,0.427095,0.018451,0.427592,-2.135348,0.000,0.000,0.000,0.000885,0,0.000
7.7881,0.386776,0.468030,0.450482,0.010990,-0.208790,0.362637,0.385800,0.467694,0.450773,-0.019515,-0.006721,0.005807,-0.041514,-0.007326,0.007326,0.003838,0.018047,0.427194,0.003693,0.018292,0.427095,0.018451,0.427592,-2.135339,0.000,0.000,0.000,0.000976,0,0.000
7.7984,0.387157,0.468030,0.450101,0.406593,0.098900,-0.450550,0.385820,0.467694,0.450752,-0.026750,-0.006716,0.013028,-0.036630,0.012210,0.007326,0.003921,0.017906,0.427199,0.003694,0.018292,0.427095,0.018330,0.427593,-2.135318,0.000,0.000,0.000,0.001357,0,0.000
7.8085,0.386776,0.467648,0.450482,-0.164837,-0.186813,0.032967,0.385765,0.467640,0.450735,-0.020219,-0.000166,0.005056,-0.017094,-0.021978,-0.002442,0.003754,0.017999,0.427175,0.003694,0.018292,0.427095,0.018386,0.427570,-2.135304,0.000,0.000,0.000,0.000956,0,0.000
7.8186,0.386776,0.467648,0.450482,-0.186813,-0.032967,-0.164837,0.385765,0.467641,0.450734,-0.020216,-0.000156,0.005044,-0.007326,-0.002442,-0.017094,0.003754,0.017999,0.427175,0.003694,0.018292,0.427095,0.018386,0.427570,-2.135290,0.000,0.000,0.000,0.001011,0,0.000
7.8287,0.386776,0.467648,0.450482,-0.186813,-0.054947,0.076923,0.385765,0.467641,0.450734,-0.020213,-0.000142,0.005027,-0.007326,-0.007326,0.002442,0.003754,0.017999,0.427175,0.003695,0.018291,0.427095,0.018386,0.427570,-2.135271,0.000,0.000,0.000,0.001011,0,0.000
7.8387,0.386776,0.467648,0.450482,-0.164837,-0.076923,0.032967,0.385765,0.467642,0.450733,-0.020210,-0.000131,0.005012,-0.031746,-0.007326,0.021978,0.003754,0.017999,0.427175,0.003695,0.018291,0.427095,0.018386,0.427570,-2.135254,0.000,0.000,0.000,0.001011,0,0.000
7.8489,0.386776,0.467648,0.450482,0.032967,-0.142857,0.274727,0.385766,0.467643,0.450732,-0.020205,-0.000114,0.004991,0.002442,-0.021978,0.021978,0.003754,0.017999,0.427175,0.003695,0.018291,0.427095,0.018386,0.427570,-2.135231,0.000,0.000,0.000,0.001010,0,0.000
7.8588,0.386776,0.467648,0.450482,0.010990,0.340660,-0.340660,0.385766,0.467643,0.450731,-0.020202,-0.000104,0.004978,-0.036630,0.002442,0.007326,0.003754,0.017999,0.427175,0.003696,0.018291,0.427095,0.018386,0.427570,-2.135216,0.000,0.000,0.000,0.001010,0,0.000
7.8689,0.386394,0.467648,0.450482,-0.274727,0.186813,-0.296703,0.385711,0.467608,0.450695,-0.013672,-0.000811,0.004264,-0.007326,0.002442,-0.017094,0.003754,0.018092,0.427148,0.003696,0.018291,0.427095,0.018478,0.427548,-2.135210,0.000,0.000,0.000,0.000629,0,0.000
7.8797,0.386394,0.467648,0.450482,-0.274727,0.186813,0.120880,0.385711,0.467608,0.450695,-0.013670,-0.000806,0.004258,-0.036630,0.007326,0.012210,0.003754,0.018092,0.427148,0.003696,0.018291,0.427095,0.018478,0.427548,-2.135204,0.000,0.000,0.000,0.000684,0,0.000
7.8891,0.386394,0.467267,0.450482,-0.516483,-0.340660,0.164837,0.385675,0.467553,0.450659,-0.014380,0.005727,0.003534,-0.012210,-0.007326,0.012210,0.003670,0.018044,0.427129,0.003696,0.018291,0.427095,0.018414,0.427526,-2.135200,0.000,0.000,0.000,0.000684,0,0.000
7.8992,0.386394,0.467267,0.450482,-0.164837,0.010990,0.274727,0.385675,0.467553,0.450659,-0.014379,0.005731,0.003529,-0.021978,0.012210,-0.017094,0.003670,0.018044,0.427129,0.003696,0.018291,0.427095,0.018414,0.427526,-2.135194,0.000,0.000,0.000,0.000719,0,0.000
7.9095,0.386394,0.467648,0.450482,-0.384617,0.076923,-0.010990,0.385711,0.467608,0.450695,-0.013669,-0.000802,0.004253,-0.031746,-0.012210,0.007326,0.003754,0.018092,0.427148,0.003696,0.018291,0.427095,0.018478,0.427548,-2.135198,0.000,0.000,0.000,0.000719,0,0.000
7.9193,0.386776,0.467267,0.450482,0.054947,-0.032967,0.142857,0.385730,0.467589,0.450694,-0.020910,0.006440,0.004241,-0.036630,-0.026862,0.046398,0.003670,0.017951,0.427155,0.003696,0.018291,0.427095,0.018322,0.427548,-2.135198,0.000,0.000,0.000,0.001065,0,0.000
7.9296,0.386394,0.467267,0.450482,-0.098900,0.142857,-0.010990,0.385675,0.467553,0.450659,-0.014381,0.005726,0.003536,-0.056166,0.012210,-0.021978,0.003670,0.018044,0.427129,0.003696,0.018291,0.427095,0.018414,0.427526,-2.135202,0.000,0.000,0.000,0.000664,0,0.000
7.9399,0.386394,0.467267,0.450482,0.406593,0.164837,-0.186813,0.385675,0.467553,0.450659,-0.014381,0.005725,0.003537,-0.002442,-0.007326,-0.012210,0.003670,0.018044,0.427129,0.003696,0.018291,0.427095,0.018414,0.427526,-2.135203,0.000,0.000,0.000,0.000719,0,0.000
7.9500,0.386394,0.467267,0.450482,0.120880,-0.252747,0.208790,0.385675,0.467553,0.450659,-0.014380,0.005727,0.003535,-0.031746,0.007326,-0.002442,0.003670,0.018044,0.427129,0.003696,0.018291,0.427095,0.018414,0.427526,-2.135200,0.000,0.000,0.000,0.000719,0,0.000
7.9603,0.386394,0.467267,0.450482,-0.274727,0.032967,0.032967,0.385675,0.467554,0.450658,-0.014378,0.005735,0.003525,-0.031746,0.012210,-0.036630,0.003670,0.018044,0.427129,0.003696,0.018291,0.427095,0.018414,0.427526,-2.135189,0.000,0.000,0.000,0.000719,0,0.000
7.9703,0.386394,0.467267,0.450482,-0.098900,0.054947,-0.142857,0.385676,0.467554,0.450658,-0.014376,0.005742,0.003516,-0.041514,0.007326,-0.002442,0.003670,0.018044,0.427129,0.003696,0.018291,0.427095,0.018414,0.427526,-2.135179,0.000,0.000,0.000,0.000719,0,0.000
7.9805,0.386394,0.467267,0.450482,0.450550,0.296703,0.186813,0.385676,0.467554,0.450657,-0.014374,0.005751,0.003504,-0.012210,-0.002442,-0.012210,0.003670,0.018044,0.427129,0.003696,0.018291,0.427095,0.018414,0.427526,-2.135166,0.000,0.000,0.000,0.000719,0,0.000
7.9906,0.386394,0.467267,0.450482,0.120880,-0.230770,-0.098900,0.385676,0.467555,0.450657,-0.014372,0.005758,0.003495,-0.031746,0.002442,0.002442,0.003670,0.018044,0.427129,0.003697,0.018291,0.427095,0.018414,0.427526,-2.135155,0.000,0.000,0.000,0.000719,0,0.000
8.0007,0.386394,0.467267,0.450482,0.120880,0.054947,0.164837,0.385676,0.467555,0.450656,-0.014369,0.005769,0.003481,-0.056166,0.002442,0.002442,0.003670,0.018044,0.427129,0.003697,0.018291,0.427095,0.018414,0.427526,-2.135140,0.000,0.000,0.000,0.000719,0,0.000
8.0108,0.386013,0.467267,0.450482,0.252747,0.032967,-0.230770,0.385621,0.467520,0.450621,-0.007838,0.005064,0.002766,-0.017094,-0.012210,-0.036630,0.003670,0.018138,0.427103,0.003697,0.018291,0.427095,0.018505,0.427503,-2.135133,0.000,0.000,0.000,0.000337,0,0.000
8.0207,0.385631,0.467267,0.450482,-0.120880,-0.120880,-0.120880,0.385566,0.467485,0.450585,-0.001308,0.004353,0.002056,-0.002442,-0.031746,-0.002442,0.003670,0.018231,0.427076,0.003697,0.018291,0.427095,0.018597,0.427481,-2.135132,0.000,0.000,0.000,0.000253,0,0.000
8.0308,0.385631,0.467267,0.450482,-0.032967,0.186813,0.120880,0.385566,0.467485,0.450585,-0.001306,0.004362,0.002045,-0.021978,-0.002442,-0.002442,0.003670,0.018231,0.427076,0.003697,0.018291,0.427095,0.018597,0.427481,-2.135119,0.000,0.000,0.000,0.000218,0,0.000
8.0407,0.385631,0.467267,0.450482,-0.098900,0.076923,0.208790,0.385566,0.467485,0.450585,-0.001307,0.004359,0.002049,-0.007326,-0.017094,-0.021978,0.003670,0.018231,0.427076,0.003697,0.018291,0.427095,0.018597,0.427481,-2.135124,0.000,0.000,0.000,0.000218,0,0.000
8.0507,0.385631,0.467648,0.450482,-0.032967,0.384617,-0.076923,0.385602,0.467540,0.450621,-0.000597,-0.002177,0.002775,-0.021978,-0.002442,0.007326,0.003754,0.018279,0.427095,0.003697,0.018291,0.427095,0.018661,0.427503,-2.135130,0.000,0.000,0.000,0.000164,0,0.000
8.0629,0.385631,0.467267,0.450101,0.120880,0.098900,-0.142857,0.385531,0.467449,0.450530,-0.002017,0.003634,0.008585,-0.002442,-0.017094,0.012210,0.003753,0.018183,0.427055,0.003697,0.018291,0.427095,0.018567,0.427459,-2.135130,0.000,0.000,0.000,0.000520,0,0.000
8.0719,0.385631,0.467267,0.450482,0.098900,-0.186813,0.362637,0.385566,0.467484,0.450586,-0.001311,0.004345,0.002066,-0.026862,0.002442,0.002442,0.003670,0.018231,0.427076,0.003697,0.018291,0.427095,0.018597,0.427481,-2.135144,0.000,0.000,0.000,0.000182,0,0.000
8.0826,0.385631,0.467648,0.450482,0.450550,0.230770,0.252747,0.385601,0.467539,0.450622,-0.000602,-0.002194,0.002797,0.002442,0.002442,0.007326,0.003754,0.018279,0.427095,0.003697,0.018291,0.427095,0.018661,0.427503,-2.135155,0.000,0.000,0.000,0.000164,0,0.000
8.0919,0.385250,0.467648,0.450482,0.120880,-0.208790,0.010990,0.385546,0.467503,0.450587,0.005927,-0.002907,0.002092,0.002442,-0.041514,0.007326,0.003754,0.018373,0.427069,0.003697,0.018291,0.427095,0.018752,0.427480,-2.135159,0.000,0.000,0.000,0.000351,0,0.000
8.1033,0.384869,0.467648,0.450101,-0.054947,-0.010990,-0.340660,0.385456,0.467432,0.450496,0.011748,-0.004337,0.007911,-0.017094,-0.031746,0.012210,0.003837,0.018418,0.427022,0.003697,0.018291,0.427095,0.018814,0.427436,-2.135158,0.000,0.000,0.000,0.000678,0,0.000
8.1120,0.384869,0.467648,0.450482,0.186813,0.318680,-0.164837,0.385491,0.467468,0.450551,0.012457,-0.003617,0.001381,0.007326,0.007326,-0.012210,0.003754,0.018466,0.427042,0.003697,0.018291,0.427095,0.018844,0.427458,-2.135157,0.000,0.000,0.000,0.000587,0,0.000
8.1230,0.384869,0.467648,0.450482,-0.120880,0.142857,0.340660,0.385491,0.467468,0.450551,0.012458,-0.003614,0.001377,0.007326,-0.017094,-0.021978,0.003754,0.018466,0.427042,0.003697,0.018291,0.427095,0.018844,0.427458,-2.135153,0.000,0.000,0.000,0.000623,0,0.000
8.1316,0.384869,0.468030,0.450482,0.274727,0.648350,-0.098900,0.385527,0.467523,0.450587,0.013171,-0.010137,0.002087,0.017094,-0.017094,-0.007326,0.003838,0.018515,0.427061,0.003697,0.018291,0.427095,0.018908,0.427480,-2.135142,0.000,0.000,0.000,0.000623,0,0.000
8.1421,0.384869,0.467648,0.450482,0.054947,0.054947,0.340660,0.385492,0.467468,0.450550,0.012462,-0.003599,0.001358,0.017094,-0.041514,0.002442,0.003754,0.018466,0.427042,0.003697,0.018291,0.427095,0.018844,0.427458,-2.135131,0.000,0.000,0.000,0.000659,0,0.000
8.1519,0.384869,0.467648,0.450101,0.164837,-0.340660,-0.230770,0.385456,0.467433,0.450495,0.011754,-0.004316,0.007884,0.007326,-0.012210,-0.002442,0.003837,0.018418,0.427022,0.003697,0.018291,0.427095,0.018814,0.427436,-2.135127,0.000,0.000,0.000,0.000623,0,0.000
8.1622,0.384487,0.467648,0.450482,-0.142857,0.120880,-0.120880,0.385437,0.467433,0.450514,0.018993,-0.004303,0.000641,0.002442,-0.007326,-0.017094,0.003754,0.018560,0.427016,0.003697,0.018291,0.427095,0.018936,0.427435,-2.135122,0.000,0.000,0.000,0.000969,0,0.000
8.1712,0.384487,0.468030,0.450482,-0.142857,0.230770,-0.208790,0.385472,0.467488,0.450550,0.019705,-0.010831,0.001356,0.002442,-0.012210,-0.021978,0.003838,0.018608,0.427035,0.003697,0.018291,0.427095,0.019000,0.427457,-2.135117,0.000,0.000,0.000,0.000950,0,0.000
8.1814,0.384487,0.468030,0.450101,0.318680,-0.010990,-0.450550,0.385437,0.467452,0.450495,0.018996,-0.011550,0.007886,0.031746,-0.031746,-0.021978,0.003921,0.018560,0.427014,0.003697,0.018291,0.427095,0.018970,0.427435,-2.135117,0.000,0.000,0.000,0.000985,0,0.000
8.1914,0.384487,0.468030,0.450101,0.582417,0.252747,-0.230770,0.385437,0.467452,0.450495,0.018997,-0.011549,0.007884,0.036630,-0.021978,-0.007326,0.003921,0.018560,0.427014,0.003697,0.018291,0.427095,0.018970,0.427435,-2.135114,0.000,0.000,0.000,0.000950,0,0.000
8.2018,0.384106,0.468030,0.450101,-0.274727,0.186813,-0.142857,0.385382,0.467417,0.450459,0.025528,-0.012254,0.007167,0.017094,-0.041514,0.002442,0.003921,0.018653,0.426987,0.003698,0.018291,0.427095,0.019061,0.427413,-2.135106,0.000,0.000,0.000,0.001331,0,0.000
8.2120,0.384106,0.468030,0.450482,-0.450550,0.098900,-0.010990,0.385417,0.467453,0.450514,0.026235,-0.011539,0.000644,-0.002442,-0.031746,0.007326,0.003838,0.018701,0.427008,0.003697,0.018291,0.427095,0.019091,0.427435,-2.135113,0.000,0.000,0.000,0.001276,0,0.000
8.2219,0.384487,0.468030,0.450482,0.164837,0.296703,0.186813,0.385472,0.467488,0.450550,0.019704,-0.010834,0.001361,0.017094,-0.036630,-0.031746,0.003838,0.018608,0.427035,0.003697,0.018291,0.427095,0.019000,0.427457,-2.135123,0.000,0.000,0.000,0.000930,0,0.000
8.2318,0.384106,0.468030,0.450482,-0.296703,0.362637,0.142857,0.385417,0.467452,0.450515,0.026233,-0.011548,0.000657,0.021978,-0.036630,-0.017094,0.003838,0.018701,0.427008,0.003697,0.018291,0.427095,0.019091,0.427435,-2.135127,0.000,0.000,0.000,0.001367,0,0.000
8.2417,0.384487,0.468030,0.450101,0.142857,0.274727,-0.384617,0.385437,0.467452,0.450496,0.018993,-0.011562,0.007901,0.017094,-0.012210,-0.026862,0.003921,0.018560,0.427014,0.003697,0.018291,0.427095,0.018970,0.427435,-2.135133,0.000,0.000,0.000,0.000930,0,0.000
8.2518,0.384487,0.468030,0.450482,0.142857,0.054947,0.098900,0.385472,0.467488,0.450551,0.019701,-0.010843,0.001372,0.007326,-0.012210,0.002442,0.003838,0.018608,0.427035,0.003697,0.018291,0.427095,0.019000,0.427457,-2.135135,0.000,0.000,0.000,0.000950,0,0.000
8.2619,0.384487,0.468030,0.450482,0.318680,0.010990,-0.098900,0.385472,0.467488,0.450551,0.019702,-0.010842,0.001371,0.021978,-0.036630,-0.017094,0.003838,0.018608,0.427035,0.003697,0.018291,0.427095,0.019000,0.427457,-2.135133,0.000,0.000,0.000,0.000985,0,0.000
8.2721,0.384487,0.468030,0.450482,0.186813,-0.142857,0.032967,0.385472,0.467488,0.450551,0.019702,-0.010843,0.001372,0.026862,-0.026862,0.002442,0.003838,0.018608,0.427035,0.003697,0.018291,0.427095,0.019000,0.427457,-2.135135,0.000,0.000,0.000,0.000985,0,0.000
8.2823,0.384106,0.468030,0.450482,0.010990,-0.274727,0.054947,0.385417,0.467452,0.450515,0.026231,-0.011554,0.000663,0.017094,-0.041514,-0.017094,0.003838,0.018701,0.427008,0.003697,0.018291,0.427095,0.019091,0.427435,-2.135135,0.000,0.000,0.000,0.001367,0,0.000
8.2923,0.384106,0.468411,0.450482,-0.318680,0.098900,0.428570,0.385453,0.467507,0.450551,0.026942,-0.018082,0.001381,0.026862,-0.031746,0.026862,0.003921,0.018750,0.427027,0.003697,0.018291,0.427095,0.019155,0.427457,-2.135132,0.000,0.000,0.000,0.001312,0,0.000
8.3025,0.384106,0.468411,0.450482,-0.274727,0.120880,0.098900,0.385453,0.467507,0.450551,0.026944,-0.018077,0.001374,0.002442,-0.031746,-0.017094,0.003921,0.018750,0.427027,0.003697,0.018291,0.427095,0.019155,0.427457,-2.135124,0.000,0.000,0.000,0.001347,0,0.000
8.3124,0.384106,0.468793,0.450482,-0.494507,0.164837,0.340660,0.385488,0.467563,0.450587,0.027657,-0.024601,0.002085,0.007326,-0.051282,-0.017094,0.004005,0.018798,0.427046,0.003697,0.018291,0.427095,0.019220,0.427479,-2.135114,0.000,0.000,0.000,0.001347,0,0.000
8.3227,0.384106,0.468411,0.450482,-0.296703,0.032967,0.098900,0.385453,0.467508,0.450550,0.026947,-0.018067,0.001361,0.075702,-0.056166,-0.012210,0.003921,0.018750,0.427027,0.003697,0.018291,0.427095,0.019155,0.427457,-2.135109,0.000,0.000,0.000,0.001383,0,0.000
8.3326,0.384106,0.468793,0.450482,-0.274727,0.098900,0.230770,0.385488,0.467563,0.450587,0.027656,-0.024604,0.002089,0.095238,-0.056166,-0.021978,0.004005,0.018798,0.427046,0.003697,0.018291,0.427095,0.019220,0.427479,-2.135119,0.000,0.000,0.000,0.001347,0,0.000
8.3427,0.384487,0.468793,0.450482,0.120880,0.010990,-0.010990,0.385543,0.467598,0.450622,0.021126,-0.023892,0.002796,0.036630,-0.031746,0.007326,0.004005,0.018704,0.427073,0.003697,0.018291,0.427095,0.019128,0.427501,-2.135117,0.000,0.000,0.000,0.001230,0,0.000
8.3528,0.384106,0.468793,0.450482,-0.296703,0.186813,0.098900,0.385488,0.467563,0.450587,0.027657,-0.024602,0.002086,-0.002442,-0.041514,-0.017094,0.004005,0.018798,0.427046,0.003697,0.018291,0.427095,0.019220,0.427479,-2.135115,0.000,0.000,0.000,0.001438,0,0.000
8.3630,0.384487,0.468793,0.450482,0.582417,-0.010990,-0.296703,0.385543,0.467598,0.450622,0.021126,-0.023894,0.002799,0.061050,-0.051282,-0.051282,0.004005,0.018704,0.427073,0.003697,0.018291,0.427095,0.019128,0.427501,-2.135120,0.000,0.000,0.000,0.001230,0,0.000
8.3729,0.384487,0.468793,0.450482,0.098900,-0.054947,-0.010990,0.385543,0.467598,0.450622,0.021125,-0.023898,0.002804,-0.007326,-0.031746,-0.021978,0.004005,0.018704,0.427073,0.003697,0.018291,0.427095,0.019128,0.427501,-2.135125,0.000,0.000,0.000,0.001195,0,0.000
8.3830,0.384869,0.468793,0.450482,0.340660,0.054947,-0.142857,0.385598,0.467633,0.450658,0.014594,-0.023193,0.003520,-0.021978,-0.065934,-0.012210,0.004005,0.018611,0.427099,0.003697,0.018291,0.427095,0.019037,0.427524,-2.135134,0.000,0.000,0.000,0.001195,0,0.000
8.3934,0.384487,0.468793,0.450101,-0.032967,-0.318680,-0.230770,0.385508,0.467561,0.450568,0.020413,-0.024629,0.009348,0.021978,-0.056166,-0.007326,0.004088,0.018657,0.427052,0.003697,0.018291,0.427095,0.019099,0.427479,-2.135141,0.000,0.000,0.000,0.001160,0,0.000
8.4033,0.384487,0.468793,0.450101,-0.208790,-0.186813,-0.120880,0.385508,0.467561,0.450568,0.020412,-0.024634,0.009354,0.002442,-0.056166,-0.007326,0.004088,0.018657,0.427052,0.003697,0.018291,0.427095,0.019099,0.427479,-2.135148,0.000,0.000,0.000,0.001231,0,0.000
8.4139,0.384487,0.469174,0.450482,-0.208790,0.032967,-0.230770,0.385579,0.467652,0.450660,0.021831,-0.030446,0.003545,0.017094,-0.061050,-0.017094,0.004089,0.018753,0.427092,0.003697,0.018291,0.427095,0.019193,0.427523,-2.135149,0.000,0.000,0.000,0.001613,0,0.000
8.4237,0.384869,0.469174,0.450482,0.362637,0.032967,-0.164837,0.385634,0.467687,0.450695,0.015300,-0.029739,0.004260,0.021978,-0.065934,-0.012210,0.004089,0.018659,0.427118,0.003697,0.018291,0.427095,0.019102,0.427545,-2.135155,0.000,0.000,0.000,0.001522,0,0.000
8.4338,0.384487,0.469556,0.450101,-0.318680,0.472527,-0.186813,0.385579,0.467670,0.450641,0.021830,-0.037708,0.010810,0.002442,-0.046398,-0.002442,0.004256,0.018753,0.427090,0.003696,0.018291,0.427095,0.019230,0.427523,-2.135165,0.000,0.000,0.000,0.001868,0,0.000
8.4439,0.384869,0.469174,0.450482,0.164837,-0.252747,-0.032967,0.385633,0.467687,0.450696,0.015298,-0.029746,0.004268,0.021978,-0.056166,0.012210,0.004089,0.018659,0.427118,0.003696,0.018291,0.427095,0.019102,0.427545,-2.135165,0.000,0.000,0.000,0.001504,0,0.000
8.4546,0.384869,0.469556,0.450101,0.032967,0.208790,-0.340660,0.385633,0.467706,0.450677,0.015298,-0.037004,0.011528,-0.007326,-0.065934,-0.021978,0.004256,0.018660,0.427117,0.003696,0.018291,0.427095,0.019139,0.427545,-2.135176,0.000,0.000,0.000,0.001869,0,0.000
8.4643,0.384869,0.469174,0.450482,0.164837,-0.032967,-0.230770,0.385633,0.467686,0.450696,0.015295,-0.029758,0.004284,0.012210,-0.065934,-0.021978,0.004089,0.018659,0.427118,0.003696,0.018291,0.427095,0.019102,0.427545,-2.135183,0.000,0.000,0.000,0.001469,0,0.000
8.4746,0.384869,0.469556,0.450482,0.098900,0.274727,-0.164837,0.385669,0.467741,0.450733,0.016005,-0.036292,0.005008,0.002442,-0.041514,-0.021978,0.004173,0.018708,0.427137,0.003696,0.018291,0.427095,0.019167,0.427567,-2.135187,0.000,0.000,0.000,0.001869,0,0.000
8.4841,0.384487,0.469174,0.450482,-0.274727,-0.120880,0.164837,0.385578,0.467651,0.450661,0.021824,-0.030471,0.003578,0.007326,-0.026862,0.021978,0.004089,0.018753,0.427092,0.003696,0.018291,0.427095,0.019193,0.427523,-2.135185,0.000,0.000,0.000,0.001433,0,0.000
8.4945,0.384869,0.469556,0.450482,-0.010990,0.362637,0.054947,0.385669,0.467741,0.450732,0.016006,-0.036289,0.005004,0.012210,-0.046398,-0.031746,0.004173,0.018708,0.427137,0.003696,0.018291,0.427095,0.019167,0.427567,-2.135183,0.000,0.000,0.000,0.001905,0,0.000
8.5046,0.384869,0.469556,0.450482,-0.142857,-0.054947,0.120880,0.385669,0.467742,0.450732,0.016007,-0.036285,0.004999,0.002442,-0.051282,0.012210,0.004173,0.018708,0.427137,0.003696,0.018291,0.427095,0.019167,0.427567,-2.135176,0.000,0.000,0.000,0.001814,0,0.000
8.5147,0.384869,0.469556,0.450482,0.098900,0.120880,0.120880,0.385669,0.467741,0.450732,0.016006,-0.036290,0.005005,-0.041514,-0.051282,-0.017094,0.004173,0.018708,0.427137,0.003696,0.018291,0.427095,0.019167,0.427567,-2.135183,0.000,0.000,0.000,0.001814,0,0.000
8.5246,0.384869,0.469556,0.450482,0.076923,0.252747,0.010990,0.385669,0.467741,0.450733,0.016005,-0.036292,0.005008,-0.017094,-0.070818,0.012210,0.004173,0.018708,0.427137,0.003696,0.018291,0.427095,0.019167,0.427567,-2.135187,0.000,0.000,0.000,0.001814,0,0.000
8.5349,0.384869,0.469556,0.450482,0.098900,0.076923,-0.142857,0.385669,0.467741,0.450733,0.016003,-0.036301,0.005019,-0.026862,-0.061050,0.007326,0.004173,0.018708,0.427137,0.003696,0.018291,0.427095,0.019167,0.427567,-2.135200,0.000,0.000,0.000,0.001815,0,0.000
8.5448,0.384869,0.469556,0.450482,-0.076923,-0.032967,0.274727,0.385669,0.467741,0.450733,0.016002,-0.036303,0.005022,-0.012210,-0.080586,-0.002442,0.004173,0.018708,0.427137,0.003696,0.018291,0.427095,0.019167,0.427567,-2.135202,0.000,0.000,0.000,0.001815,0,0.000
8.5550,0.384869,0.469937,0.450482,0.098900,0.032967,0.054947,0.385704,0.467795,0.450770,0.016711,-0.042843,0.005753,0.026862,-0.080586,-0.036630,0.004256,0.018756,0.427156,0.003696,0.018291,0.427095,0.019233,0.427589,-2.135215,0.000,0.000,0.000,0.002197,0,0.000
8.5649,0.385250,0.469937,0.450482,0.340660,0.296703,0.164837,0.385759,0.467830,0.450806,0.010180,-0.042136,0.006468,-0.007326,-0.041514,-0.007326,0.004256,0.018662,0.427183,0.003695,0.018291,0.427095,0.019142,0.427612,-2.135221,0.000,0.000,0.000,0.002142,0,0.000
8.5751,0.384869,0.469937,0.450482,0.296703,-0.054947,0.208790,0.385704,0.467795,0.450771,0.016708,-0.042853,0.005766,-0.002442,-0.075702,-0.021978,0.004256,0.018756,0.427156,0.003695,0.018291,0.427095,0.019233,0.427589,-2.135229,0.000,0.000,0.000,0.002107,0,0.000
8.5850,0.384869,0.469556,0.450101,-0.010990,-0.384617,-0.318680,0.385633,0.467703,0.450680,0.015285,-0.037056,0.011594,-0.012210,-0.056166,-0.017094,0.004256,0.018660,0.427117,0.003695,0.018291,0.427095,0.019139,0.427545,-2.135250,0.000,0.000,0.000,0.001761,0,0.000
8.5953,0.384869,0.469937,0.450482,-0.340660,0.032967,-0.208790,0.385703,0.467793,0.450772,0.016700,-0.042882,0.005804,-0.012210,-0.065934,-0.021978,0.004256,0.018756,0.427156,0.003695,0.018291,0.427095,0.019233,0.427589,-2.135272,0.000,0.000,0.000,0.002234,0,0.000
8.6054,0.384869,0.469937,0.450482,0.186813,-0.208790,0.010990,0.385703,0.467792,0.450773,0.016696,-0.042895,0.005820,0.056166,-0.061050,-0.017094,0.004256,0.018756,0.427156,0.003694,0.018292,0.427095,0.019233,0.427589,-2.135290,0.000,0.000,0.000,0.002144,0,0.000
8.6156,0.384869,0.469937,0.450482,-0.186813,0.032967,-0.098900,0.385703,0.467791,0.450775,0.016691,-0.042915,0.005846,0.012210,-0.061050,0.002442,0.004256,0.018756,0.427156,0.003694,0.018292,0.427095,0.019233,0.427589,-2.135319,0.000,0.000,0.000,0.002145,0,0.000
8.6254,0.385250,0.469937,0.450482,0.362637,0.054947,0.120880,0.385758,0.467827,0.450810,0.010159,-0.042213,0.006565,-0.017094,-0.056166,-0.007326,0.004256,0.018662,0.427183,0.003693,0.018292,0.427095,0.019142,0.427612,-2.135330,0.000,0.000,0.000,0.002146,0,0.000
8.6355,0.385250,0.469937,0.450482,0.626373,-0.032967,-0.054947,0.385758,0.467826,0.450811,0.010156,-0.042223,0.006578,-0.002442,-0.085470,-0.002442,0.004256,0.018662,0.427183,0.003693,0.018292,0.427095,0.019142,0.427612,-2.135345,0.000,0.000,0.000,0.002111,0,0.000
8.6455,0.384869,0.469937,0.450482,-0.274727,-0.362637,-0.054947,0.385703,0.467790,0.450777,0.016682,-0.042948,0.005887,0.021978,-0.065934,0.007326,0.004256,0.018756,0.427156,0.003693,0.018292,0.427095,0.019233,0.427589,-2.135365,0.000,0.000,0.000,0.002111,0,0.000
8.6558,0.385250,0.469937,0.450482,0.274727,0.054947,0.362637,0.385757,0.467825,0.450813,0.010150,-0.042246,0.006607,-0.007326,-0.056166,-0.012210,0.004256,0.018662,0.427183,0.003693,0.018292,0.427095,0.019142,0.427612,-2.135377,0.000,0.000,0.000,0.002147,0,0.000
8.6655,0.385250,0.470319,0.450482,0.076923,0.362637,0.120880,0.385793,0.467879,0.450849,0.010858,-0.048789,0.007343,0.002442,-0.065934,-0.007326,0.004340,0.018711,0.427202,0.003692,0.018292,0.427095,0.019207,0.427634,-2.135396,0.000,0.000,0.000,0.002494,0,0.000
8.6756,0.384869,0.469937,0.450101,-0.186813,0.120880,-0.186813,0.385667,0.467752,0.450723,0.015966,-0.043694,0.012451,-0.026862,-0.041514,0.021978,0.004340,0.018708,0.427136,0.003692,0.018292,0.427095,0.019205,0.427567,-2.135403,0.000,0.000,0.000,0.002058,0,0.000
8.6862,0.384869,0.469937,0.450482,-0.054947,-0.076923,-0.098900,0.385702,0.467788,0.450779,0.016673,-0.042983,0.005932,0.021978,-0.070818,-0.012210,0.004256,0.018756,0.427156,0.003692,0.018292,0.427095,0.019233,0.427589,-2.135415,0.000,0.000,0.000,0.002185,0,0.000
8.6958,0.385250,0.469937,0.450482,0.120880,-0.340660,0.318680,0.385757,0.467823,0.450815,0.010141,-0.042281,0.006652,-0.002442,-0.070818,-0.021978,0.004256,0.018662,0.427183,0.003692,0.018292,0.427095,0.019142,0.427612,-2.135428,0.000,0.000,0.000,0.002149,0,0.000
8.7059,0.384869,0.469937,0.450482,-0.340660,0.010990,0.142857,0.385702,0.467787,0.450780,0.016667,-0.043003,0.005957,-0.007326,-0.046398,-0.012210,0.004256,0.018756,0.427156,0.003691,0.018292,0.427095,0.019233,0.427589,-2.135444,0.000,0.000,0.000,0.002114,0,0.000
8.7163,0.385250,0.469937,0.450101,0.252747,-0.010990,-0.208790,0.385721,0.467786,0.450761,0.009427,-0.043018,0.013203,-0.021978,-0.041514,-0.017094,0.004340,0.018614,0.427162,0.003691,0.018292,0.427095,0.019114,0.427590,-2.135452,0.000,0.000,0.000,0.002150,0,0.000
8.7266,0.385631,0.469937,0.450482,0.098900,-0.098900,0.142857,0.385812,0.467857,0.450852,0.003603,-0.041599,0.007397,-0.041514,-0.056166,0.012210,0.004256,0.018569,0.427210,0.003691,0.018292,0.427095,0.019050,0.427634,-2.135469,0.000,0.000,0.000,0.002151,0,0.000
8.7368,0.385631,0.470319,0.450101,0.076923,0.142857,-0.362637,0.385812,0.467875,0.450834,0.003601,-0.048865,0.014666,-0.026862,-0.046398,0.012210,0.004423,0.018569,0.427208,0.003691,0.018292,0.427095,0.019089,0.427634,-2.135490,0.000,0.000,0.000,0.002461,0,0.000
8.7469,0.385631,0.470319,0.450482,0.098900,0.054947,-0.120880,0.385847,0.467911,0.450890,0.004305,-0.048162,0.008158,-0.017094,-0.061050,-0.021978,0.004340,0.018617,0.427229,0.003690,0.018292,0.427095,0.019116,0.427656,-2.135515,0.000,0.000,0.000,0.002443,0,0.000
8.7571,0.385631,0.470319,0.450101,-0.186813,0.252747,-0.274727,0.385811,0.467874,0.450836,0.003591,-0.048902,0.014713,-0.061050,-0.031746,0.012210,0.004423,0.018569,0.427208,0.003690,0.018292,0.427095,0.019089,0.427634,-2.135543,0.000,0.000,0.000,0.002408,0,0.000
8.7667,0.385631,0.470319,0.450482,0.164837,0.120880,0.318680,0.385846,0.467909,0.450892,0.004297,-0.048195,0.008200,-0.031746,-0.036630,0.017094,0.004340,0.018617,0.427229,0.003689,0.018293,0.427095,0.019116,0.427656,-2.135561,0.000,0.000,0.000,0.002445,0,0.000
8.7763,0.385631,0.469937,0.450864,0.054947,0.010990,0.296703,0.385846,0.467889,0.450913,0.004288,-0.040968,0.000981,-0.017094,-0.051282,-0.021978,0.004173,0.018617,0.427230,0.003689,0.018293,0.427095,0.019079,0.427656,-2.135597,0.000,0.000,0.000,0.002028,0,0.000
8.7862,0.385631,0.470319,0.450482,0.054947,0.340660,0.274727,0.385846,0.467907,0.450895,0.004285,-0.048239,0.008256,0.002442,-0.065934,0.002442,0.004340,0.018617,0.427229,0.003688,0.018293,0.427095,0.019116,0.427656,-2.135625,0.000,0.000,0.000,0.002430,0,0.000
8.7965,0.385631,0.469937,0.450482,-0.076923,-0.120880,0.120880,0.385810,0.467851,0.450860,0.003569,-0.041727,0.007561,-0.021978,-0.021978,0.007326,0.004256,0.018569,0.427210,0.003688,0.018293,0.427095,0.019050,0.427634,-2.135652,0.000,0.000,0.000,0.002030,0,0.000
8.8066,0.385631,0.470319,0.450482,0.098900,0.274727,-0.142857,0.385845,0.467905,0.450897,0.004277,-0.048267,0.008292,0.002442,-0.075702,-0.017094,0.004340,0.018617,0.427229,0.003687,0.018293,0.427095,0.019116,0.427656,-2.135665,0.000,0.000,0.000,0.002468,0,0.000
8.8171,0.385631,0.469937,0.450482,-0.076923,-0.142857,0.186813,0.385809,0.467849,0.450862,0.003561,-0.041755,0.007597,-0.026862,-0.065934,-0.007326,0.004256,0.018569,0.427210,0.003687,0.018293,0.427095,0.019050,0.427634,-2.135693,0.000,0.000,0.000,0.002032,0,0.000
8.8275,0.385631,0.469937,0.450482,-0.054947,-0.098900,0.296703,0.385809,0.467849,0.450862,0.003560,-0.041759,0.007601,-0.017094,-0.065934,-0.021978,0.004256,0.018569,0.427210,0.003687,0.018293,0.427095,0.019050,0.427634,-2.135697,0.000,0.000,0.000,0.002088,0,0.000
8.8377,0.385631,0.469937,0.450482,-0.230770,-0.010990,0.076923,0.385809,0.467849,0.450863,0.003558,-0.041766,0.007610,-0.026862,-0.065934,0.007326,0.004256,0.018569,0.427210,0.003687,0.018293,0.427095,0.019050,0.427634,-2.135708,0.000,0.000,0.000,0.002088,0,0.000
8.8476,0.386013,0.470319,0.450101,0.252747,0.076923,-0.516483,0.385864,0.467903,0.450880,-0.002972,-0.048313,0.015578,-0.017094,-0.046398,-0.017094,0.004423,0.018476,0.427234,0.003686,0.018293,0.427095,0.018998,0.427657,-2.135718,0.000,0.000,0.000,0.002470,0,0.000
8.8579,0.386013,0.470319,0.450101,0.230770,0.164837,-0.186813,0.385864,0.467903,0.450880,-0.002974,-0.048323,0.015590,-0.012210,-0.065934,0.026862,0.004423,0.018476,0.427234,0.003686,0.018293,0.427095,0.018998,0.427657,-2.135731,0.000,0.000,0.000,0.002416,0,0.000
8.8684,0.385631,0.470319,0.450482,-0.098900,0.054947,0.120880,0.385845,0.467903,0.450900,0.004263,-0.048318,0.008357,0.007326,-0.065934,-0.002442,0.004340,0.018617,0.427229,0.003686,0.018293,0.427095,0.019116,0.427656,-2.135737,0.000,0.000,0.000,0.002416,0,0.000
8.8783,0.385631,0.470319,0.450482,0.010990,0.164837,0.186813,0.385845,0.467902,0.450901,0.004261,-0.048325,0.008365,0.007326,-0.061050,-0.017094,0.004340,0.018617,0.427229,0.003686,0.018293,0.427095,0.019116,0.427656,-2.135747,0.000,0.000,0.000,0.002416,0,0.000
8.8880,0.385631,0.469937,0.450482,-0.384617,-0.164837,0.384617,0.385809,0.467847,0.450866,0.003545,-0.041813,0.007670,-0.046398,-0.075702,0.007326,0.004256,0.018569,0.427210,0.003685,0.018293,0.427095,0.019050,0.427634,-2.135775,0.000,0.000,0.000,0.002035,0,0.000
8.8983,0.386013,0.469937,0.450482,0.032967,0.010990,-0.076923,0.385863,0.467881,0.450902,-0.002990,-0.041123,0.008405,-0.041514,-0.061050,0.012210,0.004257,0.018475,0.427236,0.003685,0.018293,0.427095,0.018959,0.427657,-2.135804,0.000,0.000,0.000,0.002091,0,0.000
8.9085,0.385631,0.469937,0.450482,-0.384617,-0.032967,-0.010990,0.385808,0.467845,0.450868,0.003535,-0.041851,0.007718,-0.061050,-0.056166,-0.012210,0.004256,0.018569,0.427210,0.003684,0.018294,0.427095,0.019050,0.427634,-2.135829,0.000,0.000,0.000,0.002056,0,0.000
8.9185,0.386013,0.469937,0.450101,0.098900,-0.032967,-0.142857,0.385827,0.467843,0.450850,-0.003708,-0.041878,0.014979,-0.002442,-0.046398,0.007326,0.004340,0.018427,0.427215,0.003684,0.018294,0.427095,0.018932,0.427635,-2.135854,0.000,0.000,0.000,0.002093,0,0.000
8.9285,0.386013,0.469937,0.450101,0.274727,0.098900,-0.230770,0.385827,0.467843,0.450851,-0.003712,-0.041892,0.014997,-0.021978,-0.046398,0.002442,0.004340,0.018427,0.427215,0.003683,0.018294,0.427095,0.018932,0.427635,-2.135875,0.000,0.000,0.000,0.002094,0,0.000
8.9390,0.385631,0.469937,0.450482,-0.054947,-0.098900,0.274727,0.385807,0.467842,0.450872,0.003520,-0.041906,0.007787,0.002442,-0.070818,-0.007326,0.004256,0.018569,0.427210,0.003683,0.018294,0.427095,0.019050,0.427634,-2.135907,0.000,0.000,0.000,0.002095,0,0.000
8.9497,0.385631,0.469937,0.450482,-0.230770,0.120880,0.098900,0.385807,0.467841,0.450873,0.003514,-0.041927,0.007814,-0.017094,-0.051282,-0.002442,0.004256,0.018569,0.427210,0.003682,0.018294,0.427095,0.019050,0.427634,-2.135937,0.000,0.000,0.000,0.002095,0,0.000
8.9597,0.385631,0.469937,0.450101,-0.318680,0.252747,-0.648350,0.385772,0.467804,0.450819,0.002802,-0.042661,0.014362,-0.031746,-0.051282,-0.012210,0.004340,0.018521,0.427189,0.003682,0.018294,0.427095,0.019023,0.427612,-2.135957,0.000,0.000,0.000,0.002096,0,0.000
8.9696,0.385631,0.469937,0.450482,0.142857,-0.230770,-0.186813,0.385807,0.467839,0.450875,0.003506,-0.041959,0.007855,-0.002442,-0.061050,-0.012210,0.004256,0.018569,0.427210,0.003681,0.018294,0.427095,0.019050,0.427634,-2.135984,0.000,0.000,0.000,0.002133,0,0.000
8.9795,0.385631,0.469937,0.450482,-0.076923,-0.164837,-0.098900,0.385807,0.467838,0.450876,0.003502,-0.041975,0.007875,-0.026862,-0.036630,-0.002442,0.004256,0.018569,0.427210,0.003681,0.018294,0.427095,0.019050,0.427634,-2.136006,0.000,0.000,0.000,0.002098,0,0.000
8.9889,0.385631,0.469937,0.450482,-0.252747,0.098900,-0.120880,0.385806,0.467838,0.450877,0.003498,-0.041989,0.007893,-0.012210,-0.061050,-0.017094,0.004256,0.018569,0.427210,0.003681,0.018294,0.427095,0.019050,0.427634,-2.136026,0.000,0.000,0.000,0.002099,0,0.000
8.9989,0.385631,0.469937,0.450482,-0.164837,-0.032967,-0.076923,0.385806,0.467837,0.450878,0.003493,-0.042005,0.007914,-0.002442,-0.046398,-0.041514,0.004256,0.018569,0.427210,0.003680,0.018294,0.427095,0.019050,0.427634,-2.136049,0.000,0.000,0.000,0.002099,0,0.000
9.0090,0.385631,0.469937,0.450101,-0.186813,0.230770,-0.208790,0.385771,0.467800,0.450824,0.002782,-0.042735,0.014456,-0.007326,-0.036630,0.007326,0.004340,0.018521,0.427189,0.003680,0.018294,0.427095,0.019023,0.427612,-2.136063,0.000,0.000,0.000,0.002100,0,0.000
9.0196,0.385631,0.469937,0.450482,-0.318680,0.010990,0.186813,0.385806,0.467836,0.450879,0.003488,-0.042024,0.007938,-0.012210,-0.061050,-0.021978,0.004256,0.018569,0.427210,0.003680,0.018294,0.427095,0.019050,0.427634,-2.136076,0.000,0.000,0.000,0.002137,0,0.000
9.0298,0.385631,0.469556,0.450482,-0.296703,-0.120880,-0.010990,0.385770,0.467780,0.450844,0.002774,-0.035505,0.007233,-0.026862,-0.021978,-0.017094,0.004173,0.018521,0.427191,0.003679,0.018294,0.427095,0.018985,0.427612,-2.136093,0.000,0.000,0.000,0.001720,0,0.000
9.0398,0.385631,0.469937,0.450482,0.340660,0.120880,0.164837,0.385806,0.467835,0.450881,0.003482,-0.042047,0.007967,0.026862,-0.046398,0.026862,0.004256,0.018569,0.427210,0.003679,0.018295,0.427095,0.019050,0.427634,-2.136109,0.000,0.000,0.000,0.002157,0,0.000
9.0499,0.385631,0.469937,0.450101,0.098900,0.164837,-0.252747,0.385770,0.467798,0.450826,0.002771,-0.042776,0.014508,-0.021978,-0.026862,-0.002442,0.004340,0.018521,0.427189,0.003679,0.018295,0.427095,0.019023,0.427612,-2.136121,0.000,0.000,0.000,0.002102,0,0.000
9.0599,0.385631,0.469556,0.450101,0.054947,-0.010990,-0.142857,0.385734,0.467743,0.450791,0.002056,-0.036259,0.013806,-0.021978,-0.012210,-0.002442,0.004256,0.018473,0.427170,0.003679,0.018295,0.427095,0.018957,0.427590,-2.136142,0.000,0.000,0.000,0.001757,0,0.000
9.0700,0.385250,0.469937,0.450101,-0.076923,0.076923,-0.230770,0.385715,0.467761,0.450793,0.009291,-0.043522,0.013844,0.046398,-0.021978,-0.012210,0.004340,0.018614,0.427162,0.003678,0.018295,0.427095,0.019114,0.427590,-2.136172,0.000,0.000,0.000,0.002194,0,0.000
9.0800,0.385631,0.469556,0.450482,0.318680,0.010990,-0.010990,0.385769,0.467777,0.450848,0.002755,-0.035576,0.007323,0.026862,-0.026862,-0.012210,0.004173,0.018521,0.427191,0.003678,0.018295,0.427095,0.018985,0.427612,-2.136195,0.000,0.000,0.000,0.001795,0,0.000
9.0900,0.385250,0.469556,0.450101,-0.318680,-0.054947,-0.164837,0.385679,0.467705,0.450759,0.008572,-0.037022,0.013163,-0.007326,-0.036630,0.012210,0.004256,0.018566,0.427143,0.003677,0.018295,0.427095,0.019048,0.427568,-2.136215,0.000,0.000,0.000,0.001779,0,0.000
9.1003,0.385631,0.469556,0.450482,0.164837,0.010990,0.208790,0.385769,0.467776,0.450850,0.002748,-0.035601,0.007354,-0.007326,-0.051282,-0.002442,0.004173,0.018521,0.427191,0.003677,0.018295,0.427095,0.018985,0.427612,-2.136230,0.000,0.000,0.000,0.001851,0,0.000
9.1106,0.385631,0.469556,0.450482,0.186813,-0.076923,0.582417,0.385769,0.467775,0.450851,0.002746,-0.035611,0.007367,0.002442,-0.065934,0.012210,0.004173,0.018521,0.427191,0.003677,0.018295,0.427095,0.018985,0.427612,-2.136244,0.000,0.000,0.000,0.001780,0,0.000
9.1205,0.385250,0.469556,0.450482,-0.186813,-0.208790,-0.010990,0.385714,0.467739,0.450816,0.009273,-0.036330,0.006669,-0.021978,-0.070818,-0.007326,0.004173,0.018614,0.427164,0.003677,0.018295,0.427095,0.019076,0.427590,-2.136256,0.000,0.000,0.000,0.001781,0,0.000
9.1305,0.385631,0.469556,0.450101,0.054947,0.010990,-0.054947,0.385733,0.467738,0.450797,0.002031,-0.036351,0.013922,-0.026862,-0.041514,0.007326,0.004256,0.018473,0.427170,0.003676,0.018295,0.427095,0.018957,0.427590,-2.136272,0.000,0.000,0.000,0.001816,0,0.000
9.1406,0.385631,0.469556,0.450101,0.296703,-0.208790,-0.230770,0.385733,0.467738,0.450797,0.002029,-0.036358,0.013931,-0.012210,-0.036630,-0.012210,0.004256,0.018473,0.427170,0.003676,0.018295,0.427095,0.018957,0.427590,-2.136282,0.000,0.000,0.000,0.001818,0,0.000
9.1507,0.385631,0.469556,0.450482,0.186813,0.164837,-0.230770,0.385768,0.467773,0.450853,0.002736,-0.035647,0.007413,-0.021978,-0.017094,-0.017094,0.004173,0.018521,0.427191,0.003676,0.018295,0.427095,0.018985,0.427612,-2.136296,0.000,0.000,0.000,0.001818,0,0.000
9.1608,0.385250,0.469556,0.450101,0.054947,0.274727,-0.428570,0.385678,0.467701,0.450763,0.008554,-0.037086,0.013245,-0.026862,-0.046398,0.012210,0.004256,0.018566,0.427143,0.003676,0.018295,0.427095,0.019048,0.427568,-2.136307,0.000,0.000,0.000,0.001782,0,0.000
9.1709,0.385631,0.469556,0.450101,0.406593,0.010990,-0.142857,0.385733,0.467737,0.450799,0.002023,-0.036379,0.013958,-0.031746,-0.065934,0.021978,0.004256,0.018473,0.427170,0.003675,0.018295,0.427095,0.018957,0.427590,-2.136313,0.000,0.000,0.000,0.001854,0,0.000
9.1807,0.385250,0.469556,0.450482,0.054947,0.010990,0.296703,0.385713,0.467737,0.450819,0.009261,-0.036374,0.006725,-0.017094,-0.056166,0.017094,0.004173,0.018614,0.427164,0.003675,0.018295,0.427095,0.019076,0.427590,-2.136319,0.000,0.000,0.000,0.001819,0,0.000
9.1909,0.384869,0.469174,0.450482,-0.120880,-0.428570,0.164837,0.385622,0.467646,0.450748,0.015076,-0.030568,0.005314,0.017094,-0.026862,-0.017094,0.004089,0.018659,0.427118,0.003675,0.018295,0.427095,0.019102,0.427545,-2.136339,0.000,0.000,0.000,0.001437,0,0.000
9.2009,0.385250,0.469174,0.450482,0.032967,-0.186813,-0.054947,0.385677,0.467681,0.450784,0.008544,-0.029867,0.006035,-0.002442,-0.041514,-0.012210,0.004089,0.018566,0.427145,0.003675,0.018295,0.427095,0.019011,0.427568,-2.136353,0.000,0.000,0.000,0.001528,0,0.000
9.2143,0.385250,0.469556,0.450101,0.450550,-0.076923,-0.340660,0.385677,0.467699,0.450766,0.008542,-0.037131,0.013301,0.046398,-0.051282,-0.012210,0.004256,0.018566,0.427143,0.003674,0.018296,0.427095,0.019048,0.427568,-2.136371,0.000,0.000,0.000,0.001875,0,0.000
9.2241,0.385250,0.469556,0.450101,0.076923,0.010990,-0.164837,0.385677,0.467699,0.450766,0.008541,-0.037137,0.013308,0.056166,-0.017094,-0.007326,0.004256,0.018566,0.427143,0.003674,0.018296,0.427095,0.019048,0.427568,-2.136379,0.000,0.000,0.000,0.001857,0,0.000
9.2330,0.385250,0.469556,0.450101,0.230770,0.098900,-0.252747,0.385677,0.467698,0.450767,0.008538,-0.037145,0.013320,0.002442,-0.031746,-0.012210,0.004256,0.018566,0.427143,0.003674,0.018296,0.427095,0.019048,0.427568,-2.136392,0.000,0.000,0.000,0.001857,0,0.000
9.2406,0.384869,0.469556,0.450482,-0.032967,0.120880,0.230770,0.385657,0.467698,0.450787,0.015774,-0.037145,0.006093,0.021978,-0.026862,0.017094,0.004173,0.018708,0.427137,0.003674,0.018296,0.427095,0.019167,0.427567,-2.136405,0.000,0.000,0.000,0.001857,0,0.000
9.2523,0.384869,0.469174,0.450482,0.010990,-0.054947,0.054947,0.385622,0.467643,0.450751,0.015062,-0.030621,0.005381,0.041514,-0.036630,-0.012210,0.004089,0.018659,0.427118,0.003674,0.018296,0.427095,0.019102,0.427545,-2.136415,0.000,0.000,0.000,0.001476,0,0.000
9.2601,0.384869,0.469174,0.450101,-0.252747,-0.120880,-0.384617,0.385586,0.467607,0.450696,0.014353,-0.031342,0.011911,0.007326,-0.031746,-0.002442,0.004172,0.018611,0.427098,0.003674,0.018296,0.427095,0.019073,0.427523,-2.136415,0.000,0.000,0.000,0.001531,0,0.000
9.2723,0.385250,0.469174,0.450482,0.186813,-0.010990,0.076923,0.385676,0.467678,0.450787,0.008529,-0.029921,0.006104,0.026862,-0.017094,0.007326,0.004089,0.018566,0.427145,0.003673,0.018296,0.427095,0.019011,0.427568,-2.136431,0.000,0.000,0.000,0.001567,0,0.000
9.2812,0.384869,0.469174,0.450482,-0.076923,-0.164837,-0.076923,0.385621,0.467642,0.450752,0.015057,-0.030637,0.005401,-0.002442,-0.046398,-0.026862,0.004089,0.018659,0.427118,0.003673,0.018296,0.427095,0.019102,0.427545,-2.136437,0.000,0.000,0.000,0.001496,0,0.000
9.2909,0.385250,0.469174,0.450482,0.010990,0.230770,0.274727,0.385676,0.467678,0.450788,0.008526,-0.029932,0.006117,-0.002442,-0.041514,-0.012210,0.004089,0.018566,0.427145,0.003673,0.018296,0.427095,0.019011,0.427568,-2.136446,0.000,0.000,0.000,0.001532,0,0.000
9.3016,0.385250,0.469174,0.450101,0.472527,0.274727,-0.230770,0.385641,0.467641,0.450733,0.007816,-0.030658,0.012654,0.031746,-0.036630,-0.002442,0.004172,0.018518,0.427124,0.003673,0.018296,0.427095,0.018982,0.427546,-2.136454,0.000,0.000,0.000,0.001497,0,0.000
9.3113,0.384869,0.469174,0.450482,-0.032967,0.032967,0.230770,0.385621,0.467642,0.450753,0.015055,-0.030647,0.005414,0.012210,-0.031746,0.002442,0.004089,0.018659,0.427118,0.003673,0.018296,0.427095,0.019102,0.427545,-2.136452,0.000,0.000,0.000,0.001533,0,0.000
9.3211,0.384869,0.468793,0.450482,-0.186813,-0.252747,0.098900,0.385586,0.467587,0.450718,0.014341,-0.024126,0.004706,0.002442,-0.036630,0.012210,0.004005,0.018611,0.427099,0.003673,0.018296,0.427095,0.019037,0.427524,-2.136466,0.000,0.000,0.000,0.001151,0,0.000
9.3313,0.384869,0.469174,0.450482,0.032967,0.252747,0.164837,0.385621,0.467641,0.450754,0.015051,-0.030662,0.005433,0.031746,-0.017094,0.017094,0.004089,0.018659,0.427118,0.003673,0.018296,0.427095,0.019102,0.427545,-2.136473,0.000,0.000,0.000,0.001588,0,0.000
9.3418,0.385250,0.469174,0.450482,0.362637,-0.032967,0.208790,0.385676,0.467676,0.450790,0.008519,-0.029958,0.006150,0.017094,-0.036630,-0.012210,0.004089,0.018566,0.427145,0.003672,0.018296,0.427095,0.019011,0.427568,-2.136482,0.000,0.000,0.000,0.001533,0,0.000
9.3514,0.384869,0.468793,0.450101,0.010990,-0.164837,-0.054947,0.385550,0.467550,0.450664,0.013628,-0.024861,0.011256,0.021978,-0.056166,0.017094,0.004088,0.018563,0.427079,0.003672,0.018296,0.427095,0.019008,0.427501,-2.136488,0.000,0.000,0.000,0.001116,0,0.000
9.3621,0.384869,0.469174,0.450482,0.098900,0.142857,0.296703,0.385621,0.467640,0.450755,0.015046,-0.030677,0.005452,0.007326,-0.041514,-0.012210,0.004089,0.018659,0.427118,0.003672,0.018296,0.427095,0.019102,0.427545,-2.136495,0.000,0.000,0.000,0.001625,0,0.000
9.3715,0.384869,0.468793,0.450482,-0.032967,-0.120880,-0.208790,0.385585,0.467585,0.450719,0.014333,-0.024155,0.004743,-0.002442,-0.041514,-0.031746,0.004005,0.018611,0.427099,0.003672,0.018296,0.427095,0.019037,0.427524,-2.136507,0.000,0.000,0.000,0.001152,0,0.000
9.3849,0.384869,0.468793,0.450482,-0.120880,0.032967,0.120880,0.385585,0.467585,0.450719,0.014333,-0.024155,0.004744,-0.007326,-0.051282,0.021978,0.004005,0.018611,0.427099,0.003672,0.018296,0.427095,0.019037,0.427524,-2.136508,0.000,0.000,0.000,0.001208,0,0.000
9.3944,0.384869,0.469174,0.450482,0.054947,0.098900,-0.120880,0.385621,0.467640,0.450756,0.015043,-0.030689,0.005467,-0.002442,-0.041514,-0.041514,0.004089,0.018659,0.427118,0.003672,0.018296,0.427095,0.019102,0.427545,-2.136511,0.000,0.000,0.000,0.001589,0,0.000
9.4045,0.384487,0.469174,0.450101,-0.274727,0.142857,-0.032967,0.385530,0.467568,0.450666,0.020862,-0.032126,0.011296,-0.007326,-0.031746,-0.007326,0.004172,0.018705,0.427071,0.003672,0.018296,0.427095,0.019164,0.427501,-2.136520,0.000,0.000,0.000,0.001534,0,0.000
9.4146,0.384869,0.468793,0.450482,0.538460,0.010990,0.032967,0.385585,0.467584,0.450720,0.014329,-0.024172,0.004764,0.036630,-0.041514,-0.021978,0.004005,0.018611,0.427099,0.003671,0.018296,0.427095,0.019037,0.427524,-2.136531,0.000,0.000,0.000,0.001225,0,0.000
9.4249,0.384487,0.468793,0.450482,-0.010990,0.186813,0.406593,0.385530,0.467548,0.450685,0.020857,-0.024888,0.004063,0.021978,-0.026862,-0.007326,0.004005,0.018704,0.427073,0.003671,0.018296,0.427095,0.019128,0.427501,-2.136540,0.000,0.000,0.000,0.001209,0,0.000
9.4345,0.384869,0.468793,0.450482,0.736263,-0.032967,-0.142857,0.385585,0.467584,0.450721,0.014326,-0.024180,0.004775,0.012210,-0.026862,-0.026862,0.004005,0.018611,0.427099,0.003671,0.018296,0.427095,0.019037,0.427524,-2.136543,0.000,0.000,0.000,0.001244,0,0.000
9.4448,0.384869,0.468793,0.450482,0.230770,0.208790,-0.054947,0.385585,0.467584,0.450721,0.014326,-0.024183,0.004779,0.012210,-0.012210,-0.002442,0.004005,0.018611,0.427099,0.003671,0.018296,0.427095,0.019037,0.427524,-2.136547,0.000,0.000,0.000,0.001209,0,0.000
9.4531,0.384487,0.468793,0.450482,-0.340660,0.318680,0.054947,0.385530,0.467548,0.450686,0.020854,-0.024898,0.004076,0.017094,-0.026862,-0.012210,0.004005,0.018704,0.427073,0.003671,0.018296,0.427095,0.019128,0.427501,-2.136554,0.000,0.000,0.000,0.001209,0,0.000
9.4618,0.384487,0.468793,0.450482,-0.230770,0.494507,0.098900,0.385530,0.467548,0.450686,0.020853,-0.024902,0.004080,0.017094,-0.002442,-0.002442,0.004005,0.018704,0.427073,0.003671,0.018296,0.427095,0.019128,0.427501,-2.136559,0.000,0.000,0.000,0.001245,0,0.000
9.4719,0.384487,0.468793,0.450482,-0.142857,0.318680,0.296703,0.385530,0.467548,0.450686,0.020853,-0.024904,0.004083,0.012210,-0.026862,-0.012210,0.004005,0.018704,0.427073,0.003671,0.018296,0.427095,0.019128,0.427501,-2.136561,0.000,0.000,0.000,0.001245,0,0.000
9.4821,0.384487,0.468793,0.450482,-0.032967,0.296703,0.142857,0.385530,0.467547,0.450687,0.020852,-0.024907,0.004087,0.021978,-0.041514,-0.017094,0.004005,0.018704,0.427073,0.003671,0.018296,0.427095,0.019128,0.427501,-2.136566,0.000,0.000,0.000,0.001245,0,0.000
9.4927,0.384487,0.468793,0.450482,0.098900,0.318680,-0.142857,0.385529,0.467547,0.450687,0.020849,-0.024916,0.004098,0.017094,-0.021978,-0.036630,0.004005,0.018704,0.427073,0.003671,0.018296,0.427095,0.019128,0.427501,-2.136579,0.000,0.000,0.000,0.001245,0,0.000
9.5027,0.384487,0.468411,0.450482,-0.054947,-0.296703,-0.076923,0.385494,0.467492,0.450652,0.020136,-0.018395,0.003391,0.026862,-0.012210,-0.021978,0.003921,0.018656,0.427054,0.003670,0.018296,0.427095,0.019064,0.427479,-2.136593,0.000,0.000,0.000,0.001042,0,0.000
9.5126,0.384487,0.468411,0.450101,-0.010990,-0.098900,-0.032967,0.385458,0.467455,0.450597,0.019426,-0.019120,0.009926,-0.007326,-0.046398,-0.017094,0.004005,0.018608,0.427033,0.003670,0.018296,0.427095,0.019034,0.427457,-2.136600,0.000,0.000,0.000,0.001007,0,0.000
9.5230,0.384487,0.468793,0.450482,0.120880,0.054947,0.692307,0.385529,0.467546,0.450689,0.020843,-0.024939,0.004128,0.012210,-0.031746,0.002442,0.004005,0.018704,0.427073,0.003670,0.018296,0.427095,0.019128,0.427501,-2.136612,0.000,0.000,0.000,0.001337,0,0.000
9.5329,0.384106,0.468411,0.450482,-0.428570,0.010990,0.032967,0.385439,0.467455,0.450618,0.026660,-0.019127,0.002709,0.046398,-0.031746,-0.012210,0.003921,0.018750,0.427027,0.003670,0.018296,0.427095,0.019155,0.427457,-2.136623,0.000,0.000,0.000,0.001424,0,0.000
9.5430,0.384487,0.468793,0.450482,0.010990,0.340660,-0.054947,0.385529,0.467545,0.450689,0.020839,-0.024952,0.004144,0.017094,-0.031746,-0.021978,0.004005,0.018704,0.427073,0.003670,0.018296,0.427095,0.019128,0.427501,-2.136631,0.000,0.000,0.000,0.001338,0,0.000
9.5531,0.384487,0.468411,0.450482,0.186813,-0.032967,-0.010990,0.385493,0.467490,0.450654,0.020128,-0.018425,0.003429,0.041514,-0.012210,-0.017094,0.003921,0.018656,0.427054,0.003670,0.018296,0.427095,0.019064,0.427479,-2.136636,0.000,0.000,0.000,0.001042,0,0.000
9.5631,0.384487,0.468411,0.450101,-0.032967,0.054947,-0.076923,0.385458,0.467454,0.450599,0.019419,-0.019146,0.009960,0.036630,-0.026862,0.021978,0.004005,0.018608,0.427033,0.003670,0.018296,0.427095,0.019034,0.427457,-2.136637,0.000,0.000,0.000,0.001006,0,0.000
9.5732,0.384487,0.468411,0.450101,0.164837,0.120880,-0.032967,0.385458,0.467454,0.450599,0.019416,-0.019154,0.009970,-0.031746,-0.002442,-0.002442,0.004005,0.018608,0.427033,0.003669,0.018297,0.427095,0.019034,0.427457,-2.136649,0.000,0.000,0.000,0.000971,0,0.000
9.5832,0.384487,0.468411,0.450482,0.164837,-0.230770,-0.120880,0.385493,0.467489,0.450655,0.020124,-0.018440,0.003448,0.017094,-0.021978,-0.036630,0.003921,0.018656,0.427054,0.003669,0.018297,0.427095,0.019064,0.427479,-2.136657,0.000,0.000,0.000,0.000971,0,0.000
9.5934,0.384106,0.468411,0.450482,-0.296703,-0.252747,0.142857,0.385438,0.467453,0.450620,0.026651,-0.019158,0.002748,0.056166,-0.026862,0.017094,0.003921,0.018750,0.427027,0.003669,0.018297,0.427095,0.019155,0.427457,-2.136668,0.000,0.000,0.000,0.001388,0,0.000
9.6033,0.384487,0.468411,0.450482,0.230770,-0.208790,-0.120880,0.385493,0.467489,0.450656,0.020119,-0.018456,0.003468,0.036630,-0.017094,-0.031746,0.003921,0.018656,0.427054,0.003669,0.018297,0.427095,0.019064,0.427479,-2.136680,0.000,0.000,0.000,0.000958,0,0.000
9.6138,0.384487,0.468411,0.450482,0.164837,0.076923,-0.054947,0.385493,0.467488,0.450656,0.020118,-0.018462,0.003476,0.046398,-0.002442,-0.026862,0.003921,0.018656,0.427054,0.003669,0.018297,0.427095,0.019064,0.427479,-2.136689,0.000,0.000,0.000,0.001006,0,0.000
9.6233,0.384487,0.468411,0.450482,0.054947,0.186813,0.032967,0.385493,0.467488,0.450656,0.020118,-0.018463,0.003477,-0.007326,-0.012210,-0.012210,0.003921,0.018656,0.427054,0.003669,0.018297,0.427095,0.019064,0.427479,-2.136690,0.000,0.000,0.000,0.001006,0,0.000
9.6333,0.384487,0.468411,0.450482,0.428570,-0.142857,0.120880,0.385493,0.467488,0.450656,0.020117,-0.018465,0.003479,0.012210,-0.036630,0.021978,0.003921,0.018656,0.427054,0.003669,0.018297,0.427095,0.019064,0.427479,-2.136693,0.000,0.000,0.000,0.001006,0,0.000
9.6438,0.384106,0.468411,0.450482,-0.076923,-0.098900,0.186813,0.385438,0.467452,0.450621,0.026645,-0.019184,0.002781,0.041514,-0.036630,-0.007326,0.003921,0.018750,0.427027,0.003668,0.018297,0.427095,0.019155,0.427457,-2.136704,0.000,0.000,0.000,0.001387,0,0.000
9.6535,0.384487,0.468411,0.450482,0.120880,0.098900,0.142857,0.385493,0.467487,0.450657,0.020112,-0.018482,0.003501,0.002442,-0.017094,-0.017094,0.003921,0.018656,0.427054,0.003668,0.018297,0.427095,0.019064,0.427479,-2.136717,0.000,0.000,0.000,0.000959,0,0.000
9.6639,0.384106,0.468411,0.450482,-0.054947,0.142857,0.010990,0.385438,0.467451,0.450622,0.026640,-0.019199,0.002800,0.031746,-0.031746,-0.017094,0.003921,0.018750,0.427027,0.003668,0.018297,0.427095,0.019155,0.427457,-2.136726,0.000,0.000,0.000,0.001387,0,0.000
9.6736,0.384106,0.468411,0.450101,-0.098900,-0.164837,-0.186813,0.385402,0.467415,0.450568,0.025930,-0.019923,0.009335,0.046398,-0.036630,0.007326,0.004004,0.018702,0.427007,0.003668,0.018297,0.427095,0.019126,0.427435,-2.136732,0.000,0.000,0.000,0.001332,0,0.000
9.6839,0.384487,0.468411,0.450482,0.340660,0.252747,-0.296703,0.385492,0.467486,0.450658,0.020108,-0.018498,0.003521,0.036630,-0.036630,-0.036630,0.003921,0.018656,0.427054,0.003668,0.018297,0.427095,0.019064,0.427479,-2.136740,0.000,0.000,0.000,0.000996,0,0.000
9.6939,0.384487,0.468411,0.450482,0.230770,0.054947,0.318680,0.385492,0.467486,0.450659,0.020106,-0.018505,0.003530,0.031746,-0.026862,0.017094,0.003921,0.018656,0.427054,0.003667,0.018297,0.427095,0.019064,0.427479,-2.136750,0.000,0.000,0.000,0.001005,0,0.000
9.7040,0.384487,0.468411,0.450482,0.164837,0.010990,0.450550,0.385492,0.467486,0.450659,0.020104,-0.018512,0.003539,0.017094,-0.031746,0.017094,0.003921,0.018656,0.427054,0.003667,0.018297,0.427095,0.019064,0.427479,-2.136760,0.000,0.000,0.000,0.001005,0,0.000
9.7144,0.384106,0.468030,0.450101,-0.010990,-0.032967,-0.142857,0.385366,0.467359,0.450533,0.025214,-0.013413,0.008642,0.046398,-0.012210,-0.012210,0.003921,0.018653,0.426987,0.003667,0.018297,0.427095,0.019061,0.427413,-2.136762,0.000,0.000,0.000,0.001387,0,0.000
9.7243,0.384106,0.468030,0.450101,-0.296703,0.186813,-0.230770,0.385366,0.467359,0.450533,0.025212,-0.013419,0.008649,0.026862,-0.007326,-0.021978,0.003921,0.018653,0.426987,0.003667,0.018297,0.427095,0.019061,0.427413,-2.136770,0.000,0.000,0.000,0.001261,0,0.000
9.7344,0.384106,0.468411,0.450482,-0.208790,0.010990,0.296703,0.385437,0.467449,0.450625,0.026629,-0.019239,0.002850,0.026862,-0.017094,-0.012210,0.003921,0.018750,0.427027,0.003667,0.018297,0.427095,0.019155,0.427457,-2.136783,0.000,0.000,0.000,0.001261,0,0.000
9.7446,0.384487,0.468030,0.450101,0.252747,-0.208790,-0.142857,0.385421,0.467394,0.450570,0.018678,-0.012724,0.009378,0.041514,-0.046398,0.012210,0.003921,0.018560,0.427014,0.003667,0.018297,0.427095,0.018970,0.427435,-2.136793,0.000,0.000,0.000,0.000950,0,0.000
9.7546,0.384487,0.468411,0.450482,0.252747,0.142857,0.120880,0.385492,0.467484,0.450661,0.020095,-0.018547,0.003583,0.021978,-0.021978,-0.002442,0.003921,0.018656,0.427054,0.003666,0.018297,0.427095,0.019064,0.427479,-2.136809,0.000,0.000,0.000,0.001018,0,0.000
9.7646,0.384487,0.468030,0.450482,0.296703,-0.076923,-0.098900,0.385456,0.467429,0.450626,0.019383,-0.012020,0.002868,0.002442,-0.007326,-0.007326,0.003838,0.018608,0.427035,0.003666,0.018297,0.427095,0.019000,0.427457,-2.136815,0.000,0.000,0.000,0.001005,0,0.000
9.7743,0.384106,0.468411,0.450482,-0.010990,0.230770,0.208790,0.385437,0.467448,0.450626,0.026622,-0.019265,0.002885,0.036630,-0.017094,-0.031746,0.003921,0.018750,0.427027,0.003666,0.018297,0.427095,0.019155,0.427457,-2.136821,0.000,0.000,0.000,0.001351,0,0.000
9.7842,0.384487,0.468030,0.450482,0.340660,-0.230770,0.142857,0.385456,0.467428,0.450627,0.019379,-0.012036,0.002889,0.012210,-0.031746,-0.007326,0.003838,0.018608,0.427035,0.003666,0.018297,0.427095,0.019000,0.427457,-2.136838,0.000,0.000,0.000,0.000950,0,0.000
9.7978,0.384106,0.468030,0.450101,-0.428570,-0.252747,0.010990,0.385365,0.467356,0.450537,0.025196,-0.013478,0.008724,-0.012210,-0.036630,0.012210,0.003921,0.018653,0.426987,0.003666,0.018297,0.427095,0.019061,0.427413,-2.136855,0.000,0.000,0.000,0.001350,0,0.000
9.8069,0.384487,0.468030,0.450482,-0.054947,-0.208790,0.054947,0.385456,0.467427,0.450628,0.019373,-0.012056,0.002914,0.012210,-0.026862,-0.002442,0.003838,0.018608,0.427035,0.003665,0.018297,0.427095,0.019000,0.427457,-2.136866,0.000,0.000,0.000,0.000878,0,0.000
9.8174,0.384487,0.468030,0.450482,0.032967,-0.076923,0.142857,0.385456,0.467426,0.450629,0.019370,-0.012069,0.002931,-0.017094,-0.026862,-0.012210,0.003838,0.018608,0.427035,0.003665,0.018297,0.427095,0.019000,0.427457,-2.136885,0.000,0.000,0.000,0.000969,0,0.000
9.8269,0.384487,0.468030,0.450482,-0.208790,-0.142857,0.274727,0.385455,0.467426,0.450629,0.019369,-0.012073,0.002936,-0.002442,-0.036630,-0.017094,0.003838,0.018608,0.427035,0.003665,0.018297,0.427095,0.019000,0.427457,-2.136892,0.000,0.000,0.000,0.000968,0,0.000
9.8375,0.384487,0.468411,0.450482,-0.010990,0.164837,-0.010990,0.385491,0.467481,0.450666,0.020077,-0.018615,0.003670,0.002442,-0.031746,-0.031746,0.003921,0.018656,0.427054,0.003665,0.018297,0.427095,0.019064,0.427479,-2.136907,0.000,0.000,0.000,0.000985,0,0.000
9.8470,0.384487,0.468030,0.450101,-0.142857,-0.362637,-0.318680,0.385420,0.467389,0.450576,0.018654,-0.012817,0.009495,0.012210,-0.036630,-0.021978,0.003921,0.018560,0.427014,0.003664,0.018298,0.427095,0.018970,0.427435,-2.136925,0.000,0.000,0.000,0.001004,0,0.000
9.8581,0.384487,0.468030,0.450482,0.054947,-0.054947,0.208790,0.385455,0.467425,0.450631,0.019360,-0.012104,0.002975,0.007326,-0.031746,0.007326,0.003838,0.018608,0.427035,0.003664,0.018298,0.427095,0.019000,0.427457,-2.136935,0.000,0.000,0.000,0.000933,0,0.000
9.8678,0.384487,0.468030,0.450482,-0.098900,-0.054947,0.362637,0.385455,0.467424,0.450631,0.019359,-0.012111,0.002984,0.026862,-0.031746,-0.002442,0.003838,0.018608,0.427035,0.003664,0.018298,0.427095,0.019000,0.427457,-2.136945,0.000,0.000,0.000,0.000968,0,0.000
9.8757,0.384869,0.468411,0.450101,0.516483,0.230770,-0.340660,0.385510,0.467478,0.450649,0.012828,-0.018661,0.010955,0.036630,-0.021978,-0.026862,0.004005,0.018515,0.427060,0.003664,0.018298,0.427095,0.018943,0.427480,-2.136959,-0.024,0.000,-0.000,0.000987,0,0.000
9.8851,0.384869,0.468030,0.450482,0.098900,-0.032967,0.164837,0.385510,0.467459,0.450668,0.012824,-0.011419,0.003717,0.021978,-0.017094,-0.002442,0.003838,0.018515,0.427061,0.003663,0.018298,0.427095,0.018908,0.427480,-2.136972,-0.032,0.000,-0.000,0.000641,0,0.000
9.8951,0.385250,0.468030,0.450482,0.736263,0.054947,-0.054947,0.385565,0.467494,0.450704,0.006293,-0.010711,0.004429,-0.021978,-0.017094,0.007326,0.003838,0.018421,0.427088,0.003663,0.018298,0.427095,0.018817,0.427502,-2.136976,-0.063,0.000,-0.000,0.000571,0,0.000
9.9055,0.384869,0.468030,0.450482,-0.208790,0.010990,-0.230770,0.385510,0.467458,0.450669,0.012822,-0.011428,0.003729,-0.021978,-0.021978,-0.036630,0.003838,0.018515,0.427061,0.003663,0.018298,0.427095,0.018908,0.427480,-2.136985,-0.071,0.000,-0.000,0.000696,0,0.000
9.9163,0.384869,0.468030,0.450101,0.186813,0.010990,-0.406593,0.385474,0.467422,0.450614,0.012109,-0.012161,0.010274,0.012210,-0.061050,-0.017094,0.003921,0.018467,0.427041,0.003663,0.018298,0.427095,0.018878,0.427458,-2.137003,-0.087,0.000,-0.000,0.000641,0,0.000
9.9290,0.384869,0.468030,0.450482,-0.010990,0.032967,-0.032967,0.385159,0.467124,0.450333,0.004186,-0.019715,-0.004585,-0.021978,-0.012210,-0.021978,0.003838,0.018515,0.427061,0.003663,0.018298,0.427007,0.018908,0.427480,-2.137017,-0.111,0.000,-0.000,0.000608,0,-0.028
9.9391,0.384869,0.468411,0.450482,0.054947,0.230770,0.340660,0.384720,0.466725,0.449912,-0.006817,-0.037471,-0.015170,-0.017094,-0.036630,-0.021978,0.003921,0.018563,0.427080,0.003662,0.018298,0.426886,0.018972,0.427502,-2.137032,-0.150,0.000,-0.000,0.001288,0,-0.065
9.9493,0.385250,0.468030,0.450101,0.142857,-0.230770,-0.296703,0.384104,0.466097,0.449279,-0.029559,-0.045127,-0.022933,-0.017094,-0.041514,0.002442,0.003921,0.018373,0.427067,0.003662,0.018298,0.426734,0.018787,0.427480,-2.137048,-0.190,0.000,-0.000,0.001305,0,-0.113
9.9594,0.385250,0.468030,0.450101,-0.142857,-0.186813,-0.010990,0.383354,0.465382,0.448558,-0.048049,-0.062841,-0.040791,-0.041514,-0.061050,0.002442,0.003921,0.018373,0.427067,0.003662,0.018298,0.426544,0.018787,0.427480,-2.137061,-0.237,0.000,-0.000,0.001933,0,-0.172
9.9696,0.384869,0.468030,0.450101,-0.142857,0.010990,-0.274727,0.382424,0.464511,0.447680,-0.063092,-0.084220,-0.062328,-0.026862,-0.041514,-0.031746,0.003921,0.018467,0.427041,0.003661,0.018298,0.426323,0.018878,0.427458,-2.137080,-0.277,0.000,-0.000,0.002648,0,-0.241
9.9794,0.384869,0.468030,0.450101,-0.076923,0.054947,-0.142857,0.381475,0.463605,0.446766,-0.086513,-0.106656,-0.084944,-0.021978,-0.056166,-0.017094,0.003921,0.018467,0.427041,0.003661,0.018298,0.426082,0.018878,0.427458,-2.137097,-0.300,0.000,-0.000,0.003518,0,-0.316
9.9892,0.384869,0.467648,0.450101,0.120880,0.164837,-0.252747,0.380415,0.462573,0.445744,-0.112490,-0.124325,-0.110076,-0.056166,-0.056166,-0.056166,0.003837,0.018418,0.427022,0.003661,0.018298,0.425823,0.018814,0.427436,-2.137102,-0.324,0.000,-0.000,0.004043,0,-0.397
9.9987,0.384487,0.467267,0.450101,-0.164837,-0.010990,0.274727,0.379249,0.461458,0.444637,-0.133176,-0.143887,-0.137107,-0.061050,-0.080586,-0.134310,0.003753,0.018464,0.426976,0.003661,0.018298,0.425550,0.018841,0.427391,-2.137108,-0.340,0.000,-0.000,0.004694,0,-0.482
10.0088,0.384106,0.466885,0.449719,-0.032967,0.098900,0.098900,0.377999,0.460259,0.443428,-0.155801,-0.165346,-0.158802,-0.085470,-0.080586,-0.031746,0.003753,0.018461,0.426910,0.003661,0.018298,0.425266,0.018838,0.427325,-2.137113,-0.356,0.000,-0.000,0.005428,0,-0.571
10.0204,0.383724,0.466123,0.449338,-0.098900,-0.142857,0.164837,0.376713,0.459005,0.442182,-0.179136,-0.180278,-0.181213,-0.061050,-0.080586,-0.163614,0.003669,0.018410,0.426824,0.003661,0.018298,0.424981,0.018772,0.427237,-2.137119,-0.356,0.000,-0.000,0.005910,0,-0.660
10.0296,0.383343,0.465741,0.448575,-0.054947,-0.010990,0.076923,0.375427,0.457771,0.440918,-0.202468,-0.202455,-0.196382,-0.065934,-0.075702,-0.065934,0.003751,0.018359,0.426737,0.003661,0.018298,0.424696,0.018739,0.427148,-2.137124,-0.356,0.000,-0.000,0.006736,0,-0.749
10.0399,0.382580,0.464597,0.448193,-0.098900,-0.450550,0.230770,0.374050,0.456426,0.439602,-0.219985,-0.211569,-0.220215,-0.095238,-0.075702,-0.100122,0.003583,0.018354,0.426606,0.003660,0.018298,0.424411,0.018700,0.427015,-2.137131,-0.356,0.000,-0.000,0.007275,0,-0.838
10.0499,0.381817,0.463834,0.447430,-0.120880,-0.274727,-0.032967,0.372673,0.455101,0.438266,-0.237501,-0.227926,-0.236807,-0.124542,-0.051282,-0.178267,0.003582,0.018348,0.426473,0.003660,0.018298,0.424126,0.018694,0.426883,-2.137134,-0.356,0.000,-0.000,0.007829,0,-0.927
10.0648,0.381054,0.462689,0.446286,-0.186813,0.098900,-0.208790,0.371226,0.453685,0.436840,-0.256431,-0.238486,-0.247576,-0.095238,-0.075702,-0.070818,0.003580,0.018247,0.426300,0.003660,0.018298,0.423841,0.018595,0.426706,-2.137156,-0.356,0.000,-0.000,0.008380,0,-1.016
10.0754,0.380672,0.462689,0.446286,-0.230770,0.076923,-0.164837,0.370046,0.452578,0.435722,-0.277647,-0.265750,-0.275076,-0.134310,-0.129426,-0.134310,0.003580,0.018340,0.426274,0.003660,0.018298,0.423556,0.018686,0.426683,-2.137159,-0.356,0.000,-0.000,0.009446,0,-1.105
10.0872,0.379146,0.461545,0.444760,0.142857,-0.164837,0.230770,0.368453,0.451054,0.434172,-0.284241,-0.278454,-0.280706,-0.105006,-0.153846,-0.158731,0.003662,0.018377,0.426028,0.003659,0.018299,0.423271,0.018738,0.426439,-2.137207,-0.356,0.000,-0.000,0.009100,0,-1.194
10.0947,0.377621,0.460782,0.443234,-0.296703,-0.098900,-0.032967,0.366895,0.449586,0.432656,-0.290125,-0.297659,-0.285646,-0.134310,-0.212454,-0.148962,0.003826,0.018462,0.425800,0.003659,0.018299,0.422986,0.018855,0.426218,-2.137226,-0.356,0.000,-0.000,0.009728,0,-1.283
10.1048,0.376095,0.460400,0.441327,-0.428570,0.186813,-0.164837,0.365338,0.448139,0.431121,-0.296006,-0.324088,-0.283362,-0.046398,-0.236875,-0.085470,0.004157,0.018548,0.425571,0.003659,0.018299,0.422701,0.019008,0.425995,-2.137232,-0.356,0.000,-0.000,0.010814,0,-1.372
10.1149,0.375332,0.459638,0.439801,-0.142857,-0.076923,-0.142857,0.363891,0.446742,0.429676,-0.314932,-0.341872,-0.286902,-0.153846,-0.271062,-0.026862,0.004321,0.018447,0.425397,0.003658,0.018299,0.422417,0.018946,0.425818,-2.137249,-0.356,0.000,-0.000,0.011499,0,-1.461
10.1255,0.373806,0.459256,0.438657,-0.120880,-0.098900,0.032967,0.362404,0.445367,0.428251,-0.319406,-0.366856,-0.297669,-0.061050,-0.285714,-0.183150,0.004486,0.018628,0.425209,0.003658,0.018299,0.422132,0.019160,0.425640,-2.137247,-0.356,0.000,-0.000,0.012514,0,-1.550
10.1351,0.373043,0.458875,0.437131,0.142857,-0.054947,-0.230770,0.360992,0.444026,0.426841,-0.337625,-0.391144,-0.300509,-0.251526,-0.271062,-0.163614,0.004733,0.018575,0.425053,0.003658,0.018299,0.421847,0.019168,0.425485,-2.137249,-0.356,0.000,-0.000,0.013508,0,-1.639
10.1451,0.371517,0.458493,0.435986,-0.142857,0.010990,0.120880,0.359506,0.442652,0.425415,-0.342101,-0.416110,-0.311289,-0.100122,-0.324786,-0.080586,0.004897,0.018756,0.424865,0.003659,0.018299,0.421562,0.019385,0.425307,-2.137234,-0.356,0.000,-0.000,0.014467,0,-1.728
10.1561,0.369610,0.457349,0.434461,-0.120880,-0.582417,-0.120880,0.357858,0.441096,0.423828,-0.342173,-0.429461,-0.317662,-0.065934,-0.285714,-0.100122,0.004977,0.018885,0.424592,0.003659,0.018299,0.421277,0.019530,0.425041,-2.137235,-0.356,0.000,-0.000,0.014697,0,-1.816
10.1679,0.368084,0.456586,0.432935,0.054947,0.142857,-0.450550,0.356300,0.439631,0.422312,-0.348058,-0.448614,-0.322636,-0.163614,-0.280830,-0.192918,0.005141,0.018970,0.424364,0.003659,0.018299,0.420992,0.019654,0.424819,-2.137219,-0.356,0.000,-0.000,0.015490,0,-1.905
10.1771,0.368084,0.456586,0.432935,0.054947,0.142857,-0.450550,0.355175,0.438559,0.421229,-0.375810,-0.475148,-0.349438,-0.163614,-0.280830,-0.192918,0.005141,0.018970,0.424364,0.003659,0.018299,0.420707,0.019654,0.424819,-2.137219,-0.356,0.000,-0.000,0.016955,0,-1.994
10.1869,0.365032,0.454678,0.430264,-0.120880,-0.318680,0.054947,0.353186,0.436681,0.419299,-0.359834,-0.479693,-0.339794,-0.114774,-0.324786,-0.109890,0.005301,0.019139,0.423910,0.003659,0.018299,0.420422,0.019860,0.424375,-2.137207,-0.356,0.000,-0.000,0.016119,0,-2.083
10.1961,0.363125,0.453153,0.428738,-0.230770,-0.384617,-0.384617,0.351502,0.435070,0.417676,-0.360615,-0.486515,-0.346878,-0.173382,-0.310134,-0.119658,0.005298,0.019220,0.423617,0.003659,0.018299,0.420137,0.019937,0.424086,-2.137208,-0.356,0.000,-0.000,0.016472,0,-2.172
10.2065,0.360836,0.452008,0.427213,-0.252747,-0.120880,0.010990,0.349799,0.433480,0.416054,-0.354177,-0.500548,-0.353952,-0.075702,-0.280830,-0.075702,0.005377,0.019442,0.423317,0.003659,0.018299,0.419852,0.020172,0.423797,-2.137200,-0.356,0.000,-0.000,0.016938,0,-2.261
10.2165,0.359310,0.450864,0.425305,0.142857,0.098900,-0.252747,0.348171,0.431923,0.414448,-0.361473,-0.513901,-0.353093,-0.129426,-0.290598,-0.173382,0.005539,0.019430,0.423049,0.003659,0.018299,0.419567,0.020204,0.423531,-2.137214,-0.356,0.000,-0.000,0.017384,0,-2.350
10.2263,0.357020,0.449338,0.424161,-0.406593,-0.010990,0.516483,0.346467,0.430313,0.412847,-0.355030,-0.520720,-0.367367,-0.109890,-0.300366,-0.227106,0.005453,0.019651,0.422750,0.003659,0.018299,0.419283,0.020394,0.423242,-2.137235,-0.356,0.000,-0.000,0.017414,0,-2.439
10.2367,0.355494,0.447812,0.421872,-0.428570,-0.076923,-0.626373,0.344768,0.428665,0.411152,-0.363729,-0.528285,-0.360679,-0.046398,-0.256411,-0.090354,0.005614,0.019544,0.422443,0.003658,0.018299,0.418998,0.020335,0.422932,-2.137277,-0.356,0.000,-0.000,0.017499,0,-2.528
10.2470,0.353587,0.445905,0.420345,-0.362637,-0.384617,-0.736263,0.343224,0.427165,0.409664,-0.360902,-0.524491,-0.364236,-0.236875,-0.324786,-0.119658,0.005527,0.019577,0.422131,0.003657,0.018299,0.418757,0.020342,0.422621,-2.137326,-0.300,0.000,-0.000,0.017240,0,-2.603
10.2571,0.351680,0.444379,0.418819,-0.252747,-0.274727,-0.318680,0.341790,0.425791,0.408285,-0.355524,-0.525441,-0.365309,-0.105006,-0.315019,-0.217339,0.005524,0.019657,0.421839,0.003656,0.018299,0.418535,0.020419,0.422333,-2.137374,-0.277,0.000,-0.000,0.017214,0,-2.672
10.2670,0.350535,0.442853,0.417293,0.428570,0.230770,-0.340660,0.340667,0.424678,0.407169,-0.358238,-0.520277,-0.360225,-0.041514,-0.275947,-0.148962,0.005520,0.019553,0.421600,0.003655,0.018299,0.418364,0.020317,0.422089,-2.137424,-0.213,0.000,-0.000,0.017062,0,-2.726
10.2769,0.347865,0.440946,0.415386,-0.692307,-0.054947,-0.384617,0.339377,0.423453,0.405941,-0.333209,-0.509146,-0.349162,-0.105006,-0.275947,-0.109890,0.005516,0.019722,0.421214,0.003655,0.018299,0.418225,0.020479,0.421711,-2.137456,-0.174,0.000,-0.000,0.016268,0,-2.769
10.2871,0.346721,0.438657,0.413860,0.384617,-0.208790,0.010990,0.338384,0.422420,0.404944,-0.332380,-0.486223,-0.340757,-0.139194,-0.261294,-0.183150,0.005347,0.019523,0.420937,0.003654,0.018300,0.418105,0.020242,0.421424,-2.137481,-0.150,0.000,-0.000,0.015204,0,-2.807
10.2973,0.344050,0.436749,0.412334,-0.516483,-0.296703,-0.340660,0.337280,0.421374,0.403915,-0.302949,-0.470829,-0.332649,-0.070818,-0.251526,-0.148962,0.005260,0.019739,0.420572,0.003654,0.018300,0.418004,0.020428,0.421068,-2.137491,-0.127,0.000,-0.000,0.014329,0,-2.838
10.3071,0.342524,0.434842,0.410808,0.076923,-0.032967,-0.098900,0.336742,0.420815,0.403375,-0.259574,-0.420877,-0.289783,-0.192918,-0.241758,-0.173382,0.005174,0.019680,0.420288,0.003654,0.018300,0.418004,0.020348,0.420780,-2.137493,-0.087,0.000,-0.000,0.013468,0,-2.438
10.3175,0.340999,0.433316,0.409664,-0.472527,-0.230770,0.230770,0.336274,0.420347,0.402926,-0.214797,-0.376711,-0.252734,-0.173382,-0.231990,-0.109890,0.005089,0.019715,0.420043,0.003654,0.018300,0.418004,0.020361,0.420536,-2.137477,-0.047,0.000,-0.000,0.012501,0,-2.038
10.3276,0.339854,0.432172,0.408138,0.032967,0.340660,-0.208790,0.335862,0.419934,0.402491,-0.176532,-0.339066,-0.207762,-0.144078,-0.241758,-0.090354,0.005168,0.019658,0.419822,0.003654,0.018299,0.418004,0.020327,0.420314,-2.137459,-0.032,0.000,-0.000,0.011825,0,-1.638
10.3377,0.338710,0.430264,0.407375,-0.428570,-0.318680,-0.054947,0.335450,0.419483,0.402095,-0.138268,-0.286936,-0.177270,-0.124542,-0.212454,-0.168498,0.004919,0.019602,0.419606,0.003655,0.018299,0.418004,0.020209,0.420093,-2.137412,-0.024,0.000,-0.000,0.010331,0,-1.238
10.3477,0.338328,0.429120,0.406994,-0.296703,0.054947,0.362637,0.335255,0.419247,0.401897,-0.110945,-0.245740,-0.150456,-0.217339,-0.241758,-0.148962,0.004754,0.019503,0.419502,0.003656,0.018299,0.418004,0.020074,0.419982,-2.137387,-0.024,0.000,-0.000,0.009637,0,-0.838
10.3577,0.337947,0.428357,0.406231,-0.076923,-0.230770,-0.208790,0.335059,0.419031,0.401679,-0.083622,-0.211770,-0.116410,-0.134310,-0.241758,-0.188034,0.004752,0.019406,0.419396,0.003656,0.018299,0.418004,0.019979,0.419872,-2.137362,-0.024,0.000,-0.000,0.009110,0,-0.438
10.3681,0.337947,0.427976,0.406231,-0.120880,0.120880,-0.142857,0.335024,0.418976,0.401643,-0.060724,-0.182211,-0.093971,-0.105006,-0.231990,-0.105006,0.004670,0.019358,0.419377,0.003656,0.018299,0.418004,0.019914,0.419850,-2.137362,-0.024,0.000,-0.000,0.008945,0,-0.038
10.3747,0.337947,0.427594,0.406231,0.010990,0.120880,0.076923,0.334989,0.418920,0.401608,-0.059163,-0.173479,-0.092458,-0.197803,-0.202686,-0.153846,0.004588,0.019311,0.419358,0.003656,0.018299,0.418004,0.019848,0.419828,-2.137366,-0.024,0.000,-0.000,0.008619,0,0.000
10.3849,0.337947,0.427213,0.406231,-0.142857,-0.010990,0.318680,0.334953,0.418864,0.401573,-0.059871,-0.166973,-0.093147,-0.095238,-0.173382,-0.090354,0.004506,0.019263,0.419339,0.003656,0.018299,0.418004,0.019783,0.419806,-2.137390,-0.024,0.000,-0.000,0.008292,0,0.000
10.3952,0.338328,0.427213,0.406612,-0.164837,-0.296703,-0.076923,0.335043,0.418933,0.401666,-0.065701,-0.165596,-0.098920,-0.158731,-0.207570,-0.090354,0.004424,0.019219,0.419387,0.003655,0.018299,0.418004,0.019721,0.419850,-2.137443,-0.024,0.000,-0.000,0.008349,0,0.000
10.4056,0.338328,0.427594,0.406612,0.032967,0.252747,-0.252747,0.335078,0.418987,0.401703,-0.065003,-0.172143,-0.098179,-0.085470,-0.197803,-0.144078,0.004506,0.019266,0.419406,0.003654,0.018300,0.418004,0.019786,0.419872,-2.137476,-0.024,0.000,-0.000,0.008661,0,0.000
10.4155,0.338710,0.427594,0.406612,0.252747,0.098900,-0.054947,0.335133,0.419020,0.401741,-0.071537,-0.171485,-0.097419,-0.070818,-0.202686,-0.109890,0.004506,0.019174,0.419432,0.003653,0.018300,0.418004,0.019697,0.419895,-2.137539,-0.095,0.000,-0.000,0.008607,0,0.000
10.4289,0.338328,0.427594,0.406612,0.010990,-0.076923,-0.252747,0.334677,0.418603,0.401323,-0.074892,-0.181653,-0.107612,-0.100122,-0.188034,-0.144078,0.004506,0.019266,0.419406,0.003652,0.018300,0.417902,0.019786,0.419872,-2.137579,-0.127,0.000,-0.000,0.008574,0,-0.032
10.4389,0.338328,0.427594,0.406994,-0.098900,-0.032967,0.318680,0.334236,0.418185,0.400923,-0.085918,-0.192167,-0.125420,-0.109890,-0.188034,-0.100122,0.004425,0.019313,0.419427,0.003652,0.018300,0.417782,0.019814,0.419894,-2.137609,-0.150,0.000,-0.000,0.008992,0,-0.069
10.4492,0.338328,0.427594,0.406612,-0.252747,-0.054947,0.010990,0.333651,0.417625,0.400340,-0.100196,-0.205872,-0.131969,-0.090354,-0.202686,-0.095238,0.004506,0.019266,0.419406,0.003651,0.018300,0.417643,0.019786,0.419872,-2.137639,-0.174,0.000,-0.000,0.009409,0,-0.113
10.4595,0.338328,0.427213,0.406612,-0.164837,-0.076923,-0.142857,0.333015,0.416999,0.399727,-0.115705,-0.213504,-0.146963,-0.061050,-0.183150,-0.134310,0.004424,0.019219,0.419387,0.003651,0.018300,0.417491,0.019721,0.419850,-2.137646,-0.190,0.000,-0.000,0.009588,0,-0.160
10.4694,0.338328,0.427594,0.406231,0.142857,0.186813,-0.406593,0.332340,0.416376,0.399058,-0.132356,-0.236652,-0.155812,-0.061050,-0.207570,-0.114774,0.004588,0.019219,0.419385,0.003651,0.018300,0.417320,0.019759,0.419850,-2.137638,-0.213,0.000,-0.000,0.010595,0,-0.213
10.4798,0.338328,0.426831,0.406231,-0.142857,-0.406593,-0.098900,0.331520,0.415553,0.398265,-0.152263,-0.241283,-0.175108,-0.148962,-0.202686,-0.114774,0.004423,0.019124,0.419347,0.003651,0.018300,0.417130,0.019629,0.419806,-2.137623,-0.237,0.000,-0.000,0.010455,0,-0.273
10.4893,0.337947,0.427213,0.406612,-0.406593,0.054947,0.230770,0.330734,0.414848,0.397550,-0.164072,-0.266640,-0.200697,-0.114774,-0.217339,-0.168498,0.004424,0.019310,0.419360,0.003652,0.018300,0.416927,0.019811,0.419828,-2.137591,-0.253,0.000,-0.000,0.011660,0,-0.336
10.4995,0.337565,0.426831,0.406231,-0.142857,0.164837,-0.296703,0.329809,0.413963,0.396652,-0.178689,-0.280366,-0.214674,-0.046398,-0.222222,-0.148962,0.004423,0.019307,0.419294,0.003653,0.018300,0.416725,0.019808,0.419761,-2.137549,-0.253,0.000,-0.000,0.011983,0,-0.399
10.5096,0.337565,0.426450,0.405849,0.054947,-0.032967,-0.142857,0.328938,0.413112,0.395791,-0.199825,-0.293398,-0.227943,-0.090354,-0.236875,-0.124542,0.004423,0.019213,0.419254,0.003653,0.018300,0.416522,0.019715,0.419717,-2.137519,-0.253,0.000,-0.000,0.012487,0,-0.463
10.5201,0.336802,0.426068,0.405086,-0.098900,0.032967,-0.142857,0.327897,0.412132,0.394779,-0.209239,-0.309130,-0.236692,-0.119658,-0.197803,-0.114774,0.004503,0.019254,0.419140,0.003654,0.018300,0.416313,0.019774,0.419606,-2.137483,-0.261,0.000,-0.000,0.012956,0,-0.528
10.5291,0.336039,0.425305,0.405086,-0.120880,-0.318680,0.142857,0.326891,0.411167,0.393843,-0.217961,-0.316929,-0.259176,-0.080586,-0.217339,-0.217339,0.004339,0.019343,0.419048,0.003654,0.018300,0.416104,0.019823,0.419517,-2.137461,-0.261,0.000,-0.000,0.013174,0,-0.593
10.5395,0.335276,0.424924,0.403942,-0.604397,0.098900,0.274727,0.325814,0.410150,0.392777,-0.228081,-0.333383,-0.261389,-0.105006,-0.256411,-0.075702,0.004501,0.019337,0.418914,0.003655,0.018299,0.415895,0.019854,0.419384,-2.137443,-0.261,0.000,-0.000,0.013757,0,-0.658
10.5496,0.334895,0.424161,0.403179,-0.120880,-0.230770,-0.010990,0.324793,0.409149,0.391766,-0.244721,-0.341906,-0.270130,-0.070818,-0.231990,-0.153846,0.004500,0.019239,0.418807,0.003655,0.018299,0.415686,0.019759,0.419273,-2.137429,-0.261,0.000,-0.000,0.014010,0,-0.723
10.5597,0.333751,0.423779,0.402416,0.076923,-0.032967,0.032967,0.323696,0.408133,0.390722,-0.247629,-0.358366,-0.279540,-0.056166,-0.246642,-0.139194,0.004580,0.019373,0.418667,0.003655,0.018299,0.415477,0.019907,0.419139,-2.137435,-0.261,0.000,-0.000,0.014630,0,-0.789
10.5697,0.332988,0.423398,0.401272,-0.120880,0.252747,-0.252747,0.322619,0.407115,0.389657,-0.257758,-0.374839,-0.281725,-0.173382,-0.256411,-0.280830,0.004742,0.019367,0.418532,0.003655,0.018299,0.415268,0.019939,0.419006,-2.137451,-0.261,0.000,-0.000,0.015265,0,-0.854
10.5799,0.331843,0.422253,0.400127,0.076923,-0.120880,-0.010990,0.321416,0.405952,0.388487,-0.262772,-0.378982,-0.286021,-0.061050,-0.300366,-0.119658,0.004740,0.019358,0.418332,0.003654,0.018300,0.415059,0.019930,0.418807,-2.137478,-0.261,0.000,-0.000,0.015138,0,-0.919
10.5900,0.331080,0.421872,0.399364,-0.098900,0.010990,-0.032967,0.320374,0.404970,0.387478,-0.272204,-0.394748,-0.294719,-0.109890,-0.207570,-0.109890,0.004820,0.019399,0.418218,0.003654,0.018300,0.414850,0.019989,0.418695,-2.137499,-0.261,0.000,-0.000,0.015920,0,-0.984
10.6000,0.330317,0.420727,0.398220,0.230770,-0.032967,-0.428570,0.319226,0.403841,0.386342,-0.283736,-0.398174,-0.298318,-0.105006,-0.231990,-0.178267,0.004818,0.019299,0.418045,0.003653,0.018300,0.414642,0.019891,0.418518,-2.137524,-0.261,0.000,-0.000,0.015757,0,-1.050
10.6101,0.328791,0.419582,0.397076,-0.340660,-0.186813,-0.274727,0.317968,0.402643,0.385136,-0.282234,-0.403009,-0.303321,-0.119658,-0.227106,-0.124542,0.004815,0.019381,0.417819,0.003653,0.018300,0.414433,0.019970,0.418296,-2.137539,-0.261,0.000,-0.000,0.015741,0,-1.115
10.6205,0.328029,0.418438,0.396694,0.032967,-0.428570,0.164837,0.316841,0.401539,0.384063,-0.293600,-0.406198,-0.321156,-0.158731,-0.236875,-0.231990,0.004650,0.019375,0.417688,0.003653,0.018300,0.414211,0.019925,0.418163,-2.137544,-0.277,0.000,-0.000,0.015795,0,-1.184
10.6300,0.326884,0.417675,0.395168,-0.296703,0.230770,0.252747,0.315538,0.400301,0.382775,-0.301074,-0.419897,-0.320639,-0.168498,-0.241758,-0.119658,0.004811,0.019366,0.417487,0.003653,0.018300,0.413977,0.019955,0.417963,-2.137534,-0.293,0.000,-0.000,0.016136,0,-1.257
10.6404,0.325740,0.415768,0.394024,0.076923,-0.164837,-0.274727,0.314140,0.398910,0.381411,-0.310562,-0.413914,-0.329377,-0.134310,-0.202686,-0.217339,0.004645,0.019262,0.417249,0.003654,0.018300,0.413736,0.019815,0.417720,-2.137504,-0.300,0.000,-0.000,0.015466,0,-1.332
10.6505,0.324214,0.414242,0.392498,-0.164837,-0.362637,-0.274727,0.312612,0.397433,0.379920,-0.315383,-0.417616,-0.333383,-0.144078,-0.236875,-0.158731,0.004642,0.019250,0.416983,0.003654,0.018300,0.413477,0.019802,0.417453,-2.137463,-0.324,0.000,-0.000,0.015332,0,-1.413
10.6607,0.322688,0.412716,0.390972,-0.362637,0.098900,-0.076923,0.310983,0.395861,0.378332,-0.322675,-0.423674,-0.339775,-0.105006,-0.188034,-0.144078,0.004639,0.019238,0.416717,0.003655,0.018299,0.413192,0.019790,0.417187,-2.137420,-0.356,0.000,-0.000,0.015283,0,-1.502
10.6702,0.321544,0.411190,0.389828,-0.318680,-0.164837,-0.208790,0.309370,0.394288,0.376762,-0.337631,-0.430085,-0.353779,-0.153846,-0.197803,-0.173382,0.004555,0.019182,0.416499,0.003656,0.018299,0.412888,0.019716,0.416965,-2.137365,-0.379,0.000,-0.000,0.015329,0,-1.597
10.6806,0.320399,0.410046,0.388302,0.186813,-0.010990,0.142857,0.307682,0.392664,0.375100,-0.354438,-0.445494,-0.362339,-0.070818,-0.280830,-0.207570,0.004634,0.019126,0.416279,0.003657,0.018299,0.412565,0.019680,0.416744,-2.137321,-0.403,0.000,-0.000,0.015758,0,-1.698
10.6905,0.319255,0.408520,0.386776,0.120880,0.098900,-0.010990,0.305759,0.390793,0.373211,-0.376880,-0.459114,-0.376355,-0.261294,-0.251526,-0.114774,0.004630,0.019023,0.416039,0.003658,0.018299,0.412191,0.019579,0.416500,-2.137293,-0.466,0.000,-0.000,0.015856,0,-1.814
10.7004,0.317347,0.406612,0.384869,-0.164837,-0.120880,-0.362637,0.303579,0.388691,0.371089,-0.389546,-0.470087,-0.387748,-0.075702,-0.227106,-0.158731,0.004627,0.019009,0.415707,0.003658,0.018299,0.411799,0.019563,0.416167,-2.137259,-0.490,0.000,-0.000,0.015819,0,-1.937
10.7107,0.315822,0.405468,0.383343,-0.296703,-0.120880,-0.142857,0.301509,0.386721,0.369081,-0.407874,-0.493871,-0.404713,-0.109890,-0.231990,-0.109890,0.004705,0.019044,0.415460,0.003658,0.018299,0.411394,0.019616,0.415923,-2.137247,-0.506,0.000,-0.000,0.016777,0,-2.064
10.7211,0.314296,0.403179,0.381054,-0.010990,-0.714287,-0.098900,0.299114,0.384372,0.366712,-0.433384,-0.503080,-0.414340,-0.188034,-0.231990,-0.046398,0.004700,0.018844,0.415114,0.003658,0.018299,0.410950,0.019421,0.415568,-2.137247,-0.553,0.000,-0.000,0.016458,0,-2.202
10.7309,0.312007,0.401272,0.378765,-0.010990,-0.296703,-0.472527,0.296592,0.381960,0.364260,-0.446418,-0.521372,-0.425838,-0.085470,-0.202686,-0.148962,0.004777,0.018873,0.414734,0.003658,0.018299,0.410495,0.019468,0.415191,-2.137251,-0.569,0.000,-0.000,0.016900,0,-2.344
10.7410,0.310862,0.399746,0.376858,0.208790,-0.406593,-0.230770,0.294306,0.379743,0.362006,-0.477588,-0.543392,-0.441039,-0.119658,-0.241758,-0.012210,0.004854,0.018724,0.414474,0.003658,0.018299,0.410039,0.019343,0.414925,-2.137276,-0.569,0.000,-0.000,0.017786,0,-2.486
10.7510,0.307811,0.397076,0.374187,0.120880,-0.318680,-0.252747,0.291517,0.377067,0.359309,-0.480935,-0.551943,-0.450017,-0.080586,-0.266178,-0.017094,0.004848,0.018794,0.413982,0.003658,0.018299,0.409570,0.019409,0.414437,-2.137283,-0.585,0.000,-0.000,0.017332,0,-2.633
10.7615,0.305903,0.395168,0.372280,-0.274727,-0.318680,0.032967,0.289035,0.374677,0.356901,-0.501030,-0.570023,-0.468497,-0.231990,-0.217339,-0.090354,0.004844,0.018779,0.413650,0.003657,0.018299,0.409102,0.019394,0.414104,-2.137310,-0.585,0.000,-0.000,0.018101,0,-2.779
10.7713,0.303233,0.392879,0.369610,0.010990,-0.318680,-0.384617,0.286335,0.372092,0.354275,-0.510194,-0.584377,-0.476084,-0.168498,-0.261294,-0.168498,0.004920,0.018805,0.413203,0.003657,0.018299,0.408633,0.019438,0.413660,-2.137309,-0.585,0.000,-0.000,0.018202,0,-2.925
10.7815,0.300181,0.390591,0.366939,-0.406593,-0.098900,-0.098900,0.283580,0.369472,0.351613,-0.512860,-0.599415,-0.484368,-0.065934,-0.275947,-0.085470,0.004994,0.018921,0.412730,0.003657,0.018299,0.408165,0.019569,0.413194,-2.137303,-0.585,0.000,-0.000,0.018499,0,-3.071
10.7913,0.297892,0.388683,0.364651,-0.274727,-0.142857,-0.362637,0.281006,0.367013,0.349111,-0.527145,-0.618849,-0.497088,-0.007326,-0.227106,-0.163614,0.005070,0.018950,0.412351,0.003658,0.018299,0.407696,0.019617,0.412817,-2.137277,-0.585,0.000,-0.000,0.019212,0,-3.218
10.8015,0.295221,0.386013,0.361980,-0.450550,-0.494507,-0.516483,0.278270,0.364373,0.346448,-0.536993,-0.626681,-0.505404,-0.261294,-0.241758,-0.129426,0.005064,0.018929,0.411885,0.003658,0.018299,0.407228,0.019595,0.412351,-2.137254,-0.585,0.000,-0.000,0.019000,0,-3.364
10.8118,0.292169,0.383724,0.359310,-0.142857,-0.428570,-0.054947,0.275513,0.361754,0.343783,-0.539666,-0.641688,-0.513724,-0.124542,-0.344322,-0.178267,0.005139,0.019045,0.411412,0.003659,0.018299,0.406759,0.019726,0.411885,-2.137212,-0.585,0.000,-0.000,0.019351,0,-3.510
10.8220,0.289499,0.381817,0.357020,-0.450550,-0.362637,-0.516483,0.272982,0.359356,0.341342,-0.544999,-0.659451,-0.524742,-0.105006,-0.251526,-0.124542,0.005214,0.019163,0.411006,0.003660,0.018298,0.406316,0.019859,0.411486,-2.137182,-0.553,0.000,-0.000,0.020063,0,-3.649
10.8317,0.286447,0.379528,0.353969,-0.252747,-0.450550,-0.846153,0.270314,0.356820,0.338742,-0.545288,-0.672215,-0.523586,-0.065934,-0.324786,-0.114774,0.005368,0.019231,0.410512,0.003660,0.018298,0.405879,0.019966,0.410998,-2.137145,-0.545,0.000,-0.000,0.020172,0,-3.785
10.8419,0.283777,0.376858,0.351298,-0.296703,-0.384617,-0.428570,0.267702,0.354297,0.336197,-0.552081,-0.677096,-0.528930,-0.236875,-0.295483,-0.168498,0.005361,0.019210,0.410047,0.003661,0.018298,0.405442,0.019944,0.410532,-2.137123,-0.545,0.000,-0.000,0.020038,0,-3.921
10.8522,0.280344,0.374187,0.348628,-0.296703,-0.406593,-0.428570,0.265027,0.351753,0.333631,-0.544652,-0.682176,-0.534468,-0.065934,-0.324786,-0.095238,0.005355,0.019367,0.409529,0.003661,0.018298,0.405018,0.020094,0.410022,-2.137091,-0.530,0.000,-0.000,0.019890,0,-4.054
10.8626,0.277674,0.371517,0.345576,-0.120880,0.054947,-0.208790,0.262429,0.349242,0.331079,-0.550908,-0.686594,-0.532113,-0.178267,-0.275947,-0.231990,0.005428,0.019299,0.409044,0.003661,0.018298,0.404594,0.020048,0.409535,-2.137084,-0.530,0.000,-0.000,0.019764,0,-4.186
10.8720,0.274622,0.368847,0.343287,-0.450550,-0.582417,-0.362637,0.259894,0.346814,0.328652,-0.548065,-0.689124,-0.542246,-0.153846,-0.285714,-0.109890,0.005341,0.019413,0.408573,0.003661,0.018298,0.404183,0.020134,0.409069,-2.137078,-0.514,0.000,-0.000,0.019605,0,-4.315
10.8824,0.271570,0.366176,0.340236,-0.098900,-0.362637,-0.340660,0.257389,0.344409,0.326208,-0.544132,-0.690706,-0.537003,-0.075702,-0.334555,-0.178267,0.005414,0.019434,0.408061,0.003661,0.018298,0.403796,0.020174,0.408560,-2.137078,-0.482,0.000,-0.000,0.019363,0,-4.435
10.8924,0.268518,0.363125,0.337565,-0.714287,-0.472527,-0.252747,0.254934,0.342031,0.323834,-0.538970,-0.683922,-0.537760,-0.231990,-0.266178,-0.188034,0.005327,0.019455,0.407551,0.003661,0.018298,0.403423,0.020171,0.408050,-2.137086,-0.466,0.000,-0.000,0.018715,0,-4.552
10.9025,0.265467,0.360454,0.334514,-0.164837,-0.252747,-0.384617,0.252553,0.339745,0.321510,-0.531953,-0.682558,-0.529552,-0.105006,-0.339438,-0.080586,0.005400,0.019476,0.407040,0.003661,0.018298,0.403068,0.020210,0.407541,-2.137080,-0.443,0.000,-0.000,0.018423,0,-4.662
10.9124,0.263178,0.358165,0.332225,-0.230770,-0.208790,-0.186813,0.250464,0.337727,0.319476,-0.534008,-0.683129,-0.530469,-0.129426,-0.358974,-0.080586,0.005394,0.019456,0.406642,0.003661,0.018298,0.402733,0.020190,0.407143,-2.137080,-0.419,0.000,-0.000,0.018420,0,-4.767
10.9231,0.259745,0.355494,0.329173,-0.384617,-0.208790,-0.340660,0.248202,0.335571,0.317284,-0.516186,-0.678333,-0.518789,-0.085470,-0.349206,-0.134310,0.005466,0.019566,0.406103,0.003662,0.018298,0.402422,0.020315,0.406611,-2.137072,-0.387,0.000,-0.000,0.017768,0,-4.864
10.9327,0.256693,0.352443,0.326503,-0.340660,-0.274727,-0.428570,0.246020,0.333454,0.315172,-0.504241,-0.665064,-0.513022,-0.109890,-0.329670,-0.153846,0.005379,0.019586,0.405594,0.003662,0.018298,0.402118,0.020311,0.406102,-2.137060,-0.379,0.000,-0.000,0.016871,0,-4.959
10.9429,0.254022,0.350154,0.324214,-0.802197,-0.208790,-0.384617,0.243999,0.331519,0.313221,-0.496722,-0.663382,-0.511674,-0.109890,-0.305250,-0.231990,0.005374,0.019655,0.405170,0.003662,0.018298,0.401815,0.020377,0.405682,-2.137034,-0.379,0.000,-0.000,0.016700,0,-5.054
10.9527,0.250971,0.347484,0.321162,-0.208790,-0.296703,-0.318680,0.241867,0.329469,0.311136,-0.483547,-0.656138,-0.497525,-0.114774,-0.256411,-0.080586,0.005445,0.019676,0.404659,0.003662,0.018298,0.401523,0.020415,0.405173,-2.137031,-0.364,0.000,-0.000,0.015964,0,-5.145
10.9631,0.247919,0.344813,0.318492,-0.186813,-0.054947,-0.714287,0.239793,0.327478,0.309129,-0.469069,-0.647594,-0.489285,-0.031746,-0.290598,-0.275947,0.005438,0.019741,0.404169,0.003663,0.018298,0.401238,0.020477,0.404687,-2.137013,-0.356,0.000,-0.000,0.015344,0,-5.234
10.9731,0.244867,0.342143,0.315440,-0.252747,-0.406593,-0.340660,0.237810,0.325570,0.307188,-0.452189,-0.636818,-0.471564,-0.139194,-0.280830,-0.041514,0.005510,0.019761,0.403658,0.003663,0.018298,0.400985,0.020515,0.404179,-2.137012,-0.316,0.000,-0.000,0.014665,0,-5.313
10.9829,0.241815,0.339091,0.312770,-0.142857,-0.054947,-0.670330,0.236028,0.323830,0.305459,-0.430372,-0.614144,-0.456272,-0.041514,-0.285714,-0.173382,0.005424,0.019780,0.403149,0.003663,0.018298,0.400782,0.020511,0.403671,-2.137010,-0.253,0.000,-0.000,0.013521,0,-5.376
10.9931,0.239527,0.336802,0.310862,-0.032967,-0.098900,-0.274727,0.234699,0.322534,0.304177,-0.413841,-0.596969,-0.446421,-0.007326,-0.256411,-0.070818,0.005340,0.019806,0.402773,0.003663,0.018298,0.400630,0.020513,0.403295,-2.137012,-0.190,0.000,-0.000,0.012972,0,-5.423
11.0036,0.236856,0.334132,0.308574,-0.648350,-0.032967,-0.010990,0.233344,0.321205,0.302864,-0.389728,-0.572344,-0.429083,-0.090354,-0.227106,-0.256411,0.005255,0.019829,0.402331,0.003663,0.018298,0.400504,0.020513,0.402854,-2.137019,-0.158,0.000,-0.000,0.011598,0,-5.463
11.0134,0.234185,0.331080,0.305903,-0.164837,-0.230770,-0.538460,0.231943,0.319808,0.301482,-0.366350,-0.541345,-0.405370,0.036630,-0.197803,-0.129426,0.005170,0.019760,0.401849,0.003662,0.018298,0.400383,0.020425,0.402368,-2.137025,-0.150,0.000,-0.000,0.009875,0,-5.501
11.0237,0.232278,0.328410,0.303233,0.208790,-0.362637,-0.274727,0.231169,0.318989,0.300664,-0.320154,-0.481303,-0.345227,-0.134310,-0.188034,-0.041514,0.005164,0.019562,0.401440,0.003662,0.018298,0.400383,0.020232,0.401950,-2.137038,-0.087,0.000,-0.000,0.008602,0,-5.101
11.0336,0.230370,0.326121,0.301707,-0.010990,-0.494507,0.010990,0.230534,0.318332,0.300050,-0.271238,-0.425653,-0.303859,-0.358974,-0.202686,-0.085470,0.005003,0.019545,0.401112,0.003662,0.018298,0.400383,0.020175,0.401619,-2.137045,-0.063,0.000,-0.000,0.007132,0,-4.701
11.0438,0.227700,0.323832,0.299800,-0.362637,-0.340660,-0.076923,0.229751,0.317571,0.299309,-0.210055,-0.372076,-0.257409,0.061050,-0.227106,-0.046398,0.004920,0.019658,0.400710,0.003662,0.018298,0.400383,0.020265,0.401222,-2.137033,-0.000,0.000,-0.000,0.005500,0,-4.301
11.0537,0.226556,0.321925,0.298274,-0.362637,-0.208790,-0.252747,0.229265,0.317041,0.298800,-0.173450,-0.321543,-0.214008,-0.222222,-0.285714,-0.241758,0.004838,0.019512,0.400453,0.003662,0.018298,0.400383,0.020103,0.400958,-2.137026,-0.000,0.000,-0.000,0.004354,0,-3.901
11.0637,0.225793,0.320781,0.296747,0.208790,-0.296703,-0.802197,0.228906,0.316661,0.298396,-0.141963,-0.283293,-0.168520,-0.261294,-0.241758,-0.109890,0.004913,0.019369,0.400261,0.003663,0.018298,0.400383,0.019983,0.400760,-2.137006,-0.000,0.000,-0.000,0.003739,0,-3.501
11.0739,0.225030,0.320018,0.296366,0.186813,0.054947,-0.010990,0.228688,0.316443,0.298196,-0.107722,-0.249415,-0.141830,-0.026862,-0.256411,-0.148962,0.004834,0.019408,0.400150,0.003663,0.018298,0.400383,0.020001,0.400649,-2.136967,-0.000,0.000,-0.000,0.003877,0,-3.101
11.0839,0.224267,0.318873,0.295603,0.054947,-0.164837,0.252747,0.228399,0.316133,0.297905,-0.074872,-0.209760,-0.109351,-0.075702,-0.207570,-0.095238,0.004754,0.019356,0.399999,0.003664,0.018298,0.400383,0.019931,0.400495,-2.136937,-0.000,0.000,-0.000,0.004421,0,-2.701
11.0943,0.224267,0.318873,0.295221,-0.252747,-0.054947,-0.384617,0.228364,0.316099,0.297847,-0.052229,-0.187492,-0.079869,-0.109890,-0.241758,-0.163614,0.004831,0.019311,0.399978,0.003665,0.018297,0.400383,0.019906,0.400473,-2.136911,-0.000,0.000,-0.000,0.004132,0,-2.301
11.1038,0.224267,0.318492,0.295221,-0.032967,-0.120880,0.142857,0.228330,0.316043,0.297811,-0.029590,-0.158034,-0.057573,-0.056166,-0.251526,-0.070818,0.004753,0.019265,0.399959,0.003665,0.018297,0.400383,0.019843,0.400451,-2.136891,-0.000,0.000,-0.000,0.004098,0,-1.901
11.1143,0.224267,0.318492,0.295221,-0.296703,0.010990,0.098900,0.228330,0.316043,0.297810,-0.006259,-0.135072,-0.034566,-0.124542,-0.197803,-0.095238,0.004753,0.019265,0.399959,0.003665,0.018297,0.400383,0.019843,0.400451,-2.136880,-0.000,0.000,-0.000,0.004063,0,-1.501
11.1243,0.224648,0.318492,0.295221,0.010990,0.208790,0.054947,0.228387,0.316078,0.297846,0.010581,-0.111428,-0.010845,-0.051282,-0.168498,-0.051282,0.004753,0.019178,0.399986,0.003665,0.018297,0.400383,0.019758,0.400474,-2.136887,-0.000,0.000,-0.000,0.003681,0,-1.101
11.1342,0.224648,0.318492,0.295221,-0.054947,0.098900,0.054947,0.228387,0.316078,0.297846,0.033907,-0.088484,0.012186,-0.065934,-0.144078,-0.070818,0.004753,0.019178,0.399986,0.003665,0.018297,0.400383,0.019758,0.400474,-2.136899,-0.000,0.000,-0.000,0.003738,0,-0.701
11.1441,0.225030,0.318492,0.295603,0.098900,0.010990,0.252747,0.228478,0.316147,0.297939,0.051442,-0.064137,0.029428,-0.080586,-0.144078,-0.065934,0.004676,0.019136,0.400033,0.003664,0.018298,0.400383,0.019699,0.400518,-2.136915,-0.000,0.000,-0.000,0.003357,0,-0.301
11.1511,0.225411,0.318873,0.295984,0.032967,0.208790,-0.164837,0.228605,0.316274,0.298067,0.063878,-0.051989,0.041653,-0.100122,-0.163614,-0.051282,0.004677,0.019139,0.400099,0.003664,0.018298,0.400383,0.019702,0.400584,-2.136931,-0.000,0.000,-0.000,0.003067,0,0.000
11.1614,0.226174,0.318873,0.296366,-0.208790,0.142857,0.032967,0.228754,0.316379,0.298194,0.051597,-0.049894,0.036572,-0.163614,-0.105006,-0.046398,0.004599,0.019009,0.400173,0.003664,0.018298,0.400383,0.019558,0.400650,-2.136945,-0.000,0.000,-0.000,0.002599,0,0.000
11.1718,0.226556,0.319255,0.296747,-0.230770,0.252747,0.010990,0.228881,0.316505,0.298322,0.046506,-0.054990,0.031495,-0.046398,-0.065934,-0.036630,0.004600,0.019012,0.400239,0.003664,0.018298,0.400383,0.019561,0.400716,-2.136956,-0.000,0.000,-0.000,0.002876,0,0.000
11.1815,0.226937,0.319255,0.297130,-0.252747,-0.032967,0.142857,0.228973,0.316575,0.298414,0.040716,-0.053588,0.025694,-0.017094,-0.075702,-0.026862,0.004522,0.018970,0.400286,0.003664,0.018298,0.400383,0.019502,0.400761,-2.136964,-0.000,0.000,-0.000,0.002749,0,0.000
11.1920,0.227700,0.319255,0.297892,-0.032967,0.164837,0.186813,0.229157,0.316716,0.298598,0.029137,-0.050775,0.014106,-0.026862,-0.085470,-0.021978,0.004367,0.018886,0.400380,0.003664,0.018298,0.400383,0.019384,0.400849,-2.136961,-0.000,0.000,-0.000,0.002679,0,0.000
11.2026,0.228082,0.319255,0.298274,0.032967,-0.098900,0.230770,0.229249,0.316787,0.298689,0.023351,-0.049355,0.008294,-0.026862,-0.075702,-0.041514,0.004290,0.018843,0.400427,0.003664,0.018298,0.400383,0.019325,0.400893,-2.136941,-0.000,0.000,-0.000,0.002539,0,0.000
11.2119,0.228463,0.319255,0.298274,0.054947,-0.142857,0.098900,0.229307,0.316823,0.298722,0.016869,-0.048630,0.008962,-0.021978,-0.075702,-0.026862,0.004290,0.018756,0.400454,0.003665,0.018297,0.400383,0.019240,0.400916,-2.136908,-0.000,0.000,-0.000,0.002468,0,0.000
11.2228,0.228845,0.319636,0.298655,0.054947,-0.010990,-0.142857,0.229434,0.316951,0.298848,0.011785,-0.053695,0.003844,-0.012210,-0.070818,-0.065934,0.004291,0.018759,0.400520,0.003665,0.018297,0.400383,0.019243,0.400982,-2.136876,-0.000,0.000,-0.000,0.002813,0,0.000
11.2322,0.228845,0.319255,0.298655,-0.318680,-0.098900,-0.164837,0.229399,0.316896,0.298810,0.011093,-0.047172,0.003102,-0.046398,-0.056166,-0.036630,0.004212,0.018713,0.400501,0.003666,0.018297,0.400383,0.019182,0.400960,-2.136837,-0.000,0.000,-0.000,0.002303,0,0.000
11.2432,0.229226,0.319636,0.299037,-0.186813,0.010990,-0.032967,0.229526,0.317024,0.298936,0.006009,-0.052236,-0.002015,-0.021978,-0.080586,-0.041514,0.004213,0.018716,0.400567,0.003666,0.018297,0.400383,0.019185,0.401026,-2.136806,-0.000,0.000,-0.000,0.002740,0,0.000
11.2526,0.229607,0.319636,0.299418,0.252747,0.142857,0.186813,0.229619,0.317095,0.299027,0.000221,-0.050822,-0.007820,-0.012210,-0.046398,-0.031746,0.004136,0.018674,0.400614,0.003667,0.018297,0.400383,0.019127,0.401070,-2.136794,-0.000,0.000,-0.000,0.002612,0,0.000
11.2645,0.229607,0.319636,0.299418,0.230770,0.098900,0.340660,0.229618,0.317095,0.299028,0.000221,-0.050825,-0.007816,0.002442,-0.070818,-0.031746,0.004136,0.018674,0.400614,0.003667,0.018297,0.400383,0.019127,0.401070,-2.136797,-0.000,0.000,-0.000,0.002541,0,0.000
11.2722,0.229607,0.319636,0.299418,0.120880,-0.142857,-0.032967,0.229618,0.317095,0.299028,0.000219,-0.050832,-0.007807,-0.026862,-0.051282,-0.021978,0.004136,0.018674,0.400614,0.003666,0.018297,0.400383,0.019127,0.401070,-2.136807,-0.000,0.000,-0.000,0.002541,0,0.000
11.2847,0.229989,0.319636,0.299418,0.252747,0.230770,0.010990,0.229675,0.317129,0.299064,-0.006276,-0.050152,-0.007083,-0.002442,-0.075702,-0.021978,0.004136,0.018586,0.400640,0.003666,0.018297,0.400383,0.019041,0.401092,-2.136834,-0.000,0.000,-0.000,0.002542,0,0.000
11.2923,0.229989,0.319636,0.299800,0.032967,0.274727,0.032967,0.229710,0.317163,0.299122,-0.005583,-0.049469,-0.013547,-0.061050,-0.051282,-0.065934,0.004058,0.018632,0.400661,0.003665,0.018297,0.400383,0.019069,0.401114,-2.136864,-0.000,0.000,-0.000,0.002508,0,0.000
11.3023,0.229607,0.319636,0.299800,-0.406593,-0.186813,-0.032967,0.229652,0.317127,0.299089,0.000899,-0.050193,-0.014214,-0.041514,-0.065934,-0.051282,0.004058,0.018719,0.400634,0.003665,0.018297,0.400383,0.019154,0.401092,-2.136897,-0.000,0.000,-0.000,0.002473,0,0.000
11.3124,0.229989,0.319636,0.299800,0.054947,-0.032967,-0.340660,0.229709,0.317160,0.299126,-0.005596,-0.049519,-0.013483,-0.002442,-0.070818,-0.065934,0.004058,0.018632,0.400661,0.003664,0.018298,0.400383,0.019069,0.401114,-2.136931,-0.000,0.000,-0.000,0.002510,0,0.000
11.3227,0.230370,0.319636,0.300181,0.054947,0.076923,0.076923,0.229801,0.317230,0.299219,-0.011392,-0.048133,-0.019252,-0.041514,-0.046398,-0.031746,0.003980,0.018589,0.400708,0.003664,0.018298,0.400383,0.019011,0.401159,-2.136957,-0.000,0.000,-0.000,0.002476,0,0.000
11.3331,0.230370,0.320018,0.300181,0.230770,0.164837,-0.252747,0.229836,0.317286,0.299254,-0.010693,-0.054631,-0.018541,-0.007326,-0.056166,-0.041514,0.004059,0.018635,0.400727,0.003664,0.018298,0.400383,0.019072,0.401180,-2.136963,-0.000,0.000,-0.000,0.002788,0,0.000
11.3426,0.230370,0.319636,0.300563,0.054947,-0.142857,0.032967,0.229836,0.317265,0.299276,-0.010695,-0.047434,-0.025734,-0.036630,-0.056166,-0.036630,0.003903,0.018635,0.400729,0.003663,0.018298,0.400383,0.019039,0.401181,-2.136967,-0.000,0.000,-0.000,0.002350,0,0.000
11.3526,0.230370,0.319636,0.300563,-0.142857,-0.362637,-0.032967,0.229836,0.317265,0.299275,-0.010690,-0.047416,-0.025758,-0.046398,-0.075702,-0.012210,0.003903,0.018635,0.400729,0.003664,0.018298,0.400383,0.019039,0.401181,-2.136942,-0.000,0.000,-0.000,0.002372,0,0.000
11.3630,0.230370,0.320018,0.300563,0.120880,0.142857,-0.252747,0.229871,0.317323,0.299309,-0.009986,-0.053892,-0.025075,-0.012210,-0.065934,-0.046398,0.003981,0.018680,0.400748,0.003664,0.018298,0.400383,0.019100,0.401202,-2.136918,-0.000,0.000,-0.000,0.002752,0,0.000
11.3753,0.230370,0.320018,0.300944,0.054947,-0.054947,0.340660,0.229906,0.317359,0.299364,-0.009281,-0.053164,-0.031595,-0.021978,-0.080586,-0.036630,0.003903,0.018725,0.400768,0.003665,0.018297,0.400383,0.019128,0.401224,-2.136889,-0.000,0.000,-0.000,0.002695,0,0.000
11.3829,0.230370,0.320018,0.300944,0.164837,0.120880,0.054947,0.229907,0.317361,0.299363,-0.009276,-0.053142,-0.031622,-0.031746,-0.095238,-0.041514,0.003903,0.018725,0.400768,0.003665,0.018297,0.400383,0.019128,0.401224,-2.136859,-0.000,0.000,-0.000,0.002658,0,0.000
11.3930,0.230370,0.320018,0.300944,-0.208790,-0.054947,0.186813,0.229907,0.317361,0.299362,-0.009271,-0.053125,-0.031644,-0.026862,-0.070818,-0.075702,0.003903,0.018725,0.400768,0.003666,0.018297,0.400383,0.019128,0.401224,-2.136836,-0.000,0.000,-0.000,0.002657,0,0.000
11.4031,0.230752,0.320399,0.300944,0.406593,0.164837,0.032967,0.229999,0.317453,0.299432,-0.015059,-0.058913,-0.030247,-0.012210,-0.065934,-0.041514,0.003982,0.018683,0.400814,0.003666,0.018297,0.400383,0.019103,0.401269,-2.136828,-0.000,0.000,-0.000,0.003038,0,0.000
11.4131,0.230752,0.320399,0.301326,-0.054947,0.296703,0.230770,0.230034,0.317489,0.299489,-0.014359,-0.058205,-0.036743,-0.026862,-0.075702,-0.051282,0.003904,0.018729,0.400834,0.003666,0.018297,0.400383,0.019131,0.401291,-2.136825,-0.000,0.000,-0.000,0.002946,0,0.000
11.4232,0.230752,0.320399,0.300944,-0.164837,0.142857,0.010990,0.229999,0.317453,0.299432,-0.015061,-0.058923,-0.030235,-0.017094,-0.114774,-0.051282,0.003982,0.018683,0.400814,0.003666,0.018297,0.400383,0.019103,0.401269,-2.136841,-0.000,0.000,-0.000,0.002910,0,0.000
11.4332,0.230752,0.320399,0.300944,-0.010990,0.384617,-0.340660,0.229999,0.317452,0.299434,-0.015066,-0.058942,-0.030211,-0.036630,-0.061050,-0.061050,0.003982,0.018683,0.400814,0.003665,0.018297,0.400383,0.019103,0.401269,-2.136866,-0.000,0.000,-0.000,0.002946,0,0.000
11.4434,0.230752,0.320781,0.301326,-0.164837,0.230770,0.098900,0.230068,0.317542,0.299528,-0.013677,-0.064764,-0.035954,-0.031746,-0.070818,-0.046398,0.003982,0.018774,0.400853,0.003664,0.018297,0.400383,0.019192,0.401312,-2.136912,-0.000,0.000,-0.000,0.003329,0,0.000
11.4541,0.231133,0.320781,0.300944,0.252747,-0.010990,0.010990,0.230090,0.317541,0.299508,-0.020872,-0.064798,-0.028728,-0.036630,-0.100122,-0.021978,0.004060,0.018641,0.400859,0.003664,0.018298,0.400383,0.019078,0.401313,-2.136950,-0.000,0.000,-0.000,0.003238,0,0.000
11.4634,0.231133,0.320781,0.301326,0.428570,0.098900,0.054947,0.230124,0.317575,0.299566,-0.020180,-0.064116,-0.035190,-0.021978,-0.188034,-0.036630,0.003982,0.018686,0.400880,0.003663,0.018298,0.400383,0.019106,0.401335,-2.136981,-0.000,0.000,-0.000,0.003240,0,0.000
11.4736,0.231133,0.321162,0.301326,0.384617,0.076923,0.076923,0.230159,0.317631,0.299602,-0.019484,-0.070625,-0.034466,-0.017094,-0.178267,-0.041514,0.004061,0.018732,0.400899,0.003663,0.018298,0.400383,0.019167,0.401357,-2.137001,-0.000,0.000,-0.000,0.003587,0,0.000
11.4836,0.231133,0.321544,0.301326,0.230770,0.032967,-0.032967,0.230194,0.317687,0.299639,-0.018790,-0.077138,-0.033735,-0.036630,-0.163614,-0.051282,0.004139,0.018777,0.400918,0.003662,0.018298,0.400383,0.019228,0.401379,-2.137027,-0.000,0.000,-0.000,0.003913,0,0.000
11.4933,0.231133,0.322307,0.301326,0.208790,0.142857,0.120880,0.230264,0.317800,0.299710,-0.017391,-0.090129,-0.032321,-0.017094,-0.173382,-0.065934,0.004296,0.018869,0.400956,0.003662,0.018298,0.400383,0.019351,0.401422,-2.137030,-0.000,0.000,-0.000,0.004620,0,0.000
11.5037,0.231133,0.322688,0.301707,0.076923,-0.142857,0.120880,0.230334,0.317892,0.299802,-0.015993,-0.095916,-0.038109,-0.036630,-0.188034,-0.056166,0.004297,0.018959,0.400995,0.003662,0.018298,0.400383,0.019440,0.401466,-2.137028,-0.000,0.000,-0.000,0.004888,0,0.000
11.5139,0.231133,0.323451,0.301326,0.010990,-0.032967,-0.054947,0.230369,0.317971,0.299815,-0.015291,-0.109605,-0.030211,-0.031746,-0.202686,-0.046398,0.004531,0.019005,0.401012,0.003662,0.018298,0.400383,0.019538,0.401488,-2.137021,-0.000,0.000,-0.000,0.005559,0,0.000
11.5239,0.231133,0.324214,0.301707,0.252747,0.120880,0.098900,0.230474,0.318120,0.299942,-0.013190,-0.121874,-0.035310,-0.021978,-0.217339,-0.070818,0.004611,0.019142,0.401071,0.003663,0.018298,0.400383,0.019689,0.401554,-2.137003,-0.000,0.000,-0.000,0.006243,0,0.000
11.5335,0.231133,0.324595,0.301707,-0.208790,0.054947,0.362637,0.230509,0.318177,0.299976,-0.012488,-0.128359,-0.034616,-0.046398,-0.222222,-0.051282,0.004689,0.019187,0.401090,0.003663,0.018298,0.400383,0.019752,0.401576,-2.136990,-0.000,0.000,-0.000,0.006475,0,0.000
11.5436,0.231133,0.324977,0.301326,0.010990,0.472527,-0.230770,0.230509,0.318199,0.299954,-0.012485,-0.135550,-0.027430,-0.021978,-0.183150,-0.051282,0.004845,0.019187,0.401088,0.003663,0.018298,0.400383,0.019790,0.401576,-2.136977,-0.000,0.000,-0.000,0.006799,0,0.000
11.5539,0.231133,0.324977,0.301707,0.032967,-0.076923,0.186813,0.230544,0.318235,0.300011,-0.011785,-0.134840,-0.033927,-0.007326,-0.192918,-0.026862,0.004768,0.019233,0.401109,0.003663,0.018298,0.400383,0.019815,0.401598,-2.136972,-0.000,0.000,-0.000,0.006777,0,0.000
11.5638,0.231515,0.324977,0.301707,-0.010990,0.076923,-0.076923,0.230601,0.318269,0.300046,-0.018277,-0.134148,-0.033219,-0.046398,-0.183150,-0.056166,0.004768,0.019145,0.401135,0.003663,0.018298,0.400383,0.019730,0.401620,-2.136983,-0.000,0.000,-0.000,0.006742,0,0.000
11.5737,0.231896,0.324977,0.302089,0.252747,0.120880,0.604397,0.230693,0.318339,0.300139,-0.024070,-0.132752,-0.039001,-0.051282,-0.163614,-0.036630,0.004690,0.019103,0.401182,0.003663,0.018298,0.400383,0.019670,0.401664,-2.136995,-0.000,0.000,-0.000,0.006707,0,0.000
11.5838,0.231896,0.324977,0.302089,0.054947,-0.252747,0.230770,0.230693,0.318339,0.300139,-0.024073,-0.132764,-0.038986,-0.056166,-0.192918,-0.051282,0.004690,0.019103,0.401182,0.003663,0.018298,0.400383,0.019670,0.401664,-2.137011,-0.000,0.000,-0.000,0.006638,0,0.000
11.5945,0.231896,0.325358,0.301707,0.142857,0.142857,-0.076923,0.230692,0.318359,0.300119,-0.024077,-0.139982,-0.031766,-0.031746,-0.168498,-0.056166,0.004846,0.019103,0.401180,0.003662,0.018298,0.400383,0.019708,0.401664,-2.137034,-0.000,0.000,-0.000,0.007020,0,0.000
11.6041,0.231896,0.325358,0.301707,-0.010990,0.208790,-0.164837,0.230692,0.318359,0.300120,-0.024080,-0.139995,-0.031749,-0.026862,-0.178267,-0.051282,0.004846,0.019103,0.401180,0.003662,0.018298,0.400383,0.019708,0.401664,-2.137053,-0.000,0.000,-0.000,0.006999,0,0.000
11.6143,0.231896,0.325358,0.302089,-0.032967,0.296703,0.010990,0.230727,0.318393,0.300178,-0.023387,-0.139310,-0.038215,-0.051282,-0.158731,-0.056166,0.004769,0.019148,0.401201,0.003661,0.018298,0.400383,0.019733,0.401686,-2.137080,-0.000,0.000,-0.000,0.007000,0,0.000
11.6244,0.232278,0.325358,0.302089,0.120880,0.010990,-0.032967,0.230784,0.318427,0.300214,-0.029880,-0.138622,-0.037502,-0.061050,-0.168498,-0.051282,0.004769,0.019061,0.401228,0.003661,0.018298,0.400383,0.019648,0.401708,-2.137096,-0.000,0.000,-0.000,0.006965,0,0.000
11.6341,0.231896,0.325358,0.302089,-0.296703,-0.274727,-0.142857,0.230727,0.318391,0.300179,-0.023394,-0.139336,-0.038183,-0.046398,-0.168498,-0.046398,0.004769,0.019148,0.401201,0.003661,0.018298,0.400383,0.019733,0.401686,-2.137114,-0.000,0.000,-0.000,0.006931,0,0.000
11.6448,0.231896,0.325740,0.302089,0.010990,-0.054947,-0.120880,0.230762,0.318448,0.300215,-0.022695,-0.145832,-0.037474,-0.026862,-0.158731,-0.036630,0.004847,0.019194,0.401220,0.003661,0.018298,0.400383,0.019796,0.401708,-2.137117,-0.000,0.000,-0.000,0.007348,0,0.000
11.6551,0.232278,0.325740,0.302089,0.296703,-0.120880,-0.274727,0.230818,0.318483,0.300250,-0.029187,-0.145143,-0.036763,-0.036630,-0.178267,-0.046398,0.004847,0.019106,0.401246,0.003660,0.018298,0.400383,0.019711,0.401730,-2.137130,-0.000,0.000,-0.000,0.007292,0,0.000
11.6644,0.232278,0.325740,0.302089,-0.208790,0.142857,0.054947,0.230818,0.318483,0.300250,-0.029187,-0.145142,-0.036765,-0.080586,-0.153846,-0.041514,0.004847,0.019106,0.401246,0.003661,0.018298,0.400383,0.019711,0.401730,-2.137129,-0.000,0.000,-0.000,0.007257,0,0.000
11.6744,0.232278,0.325740,0.302089,0.054947,-0.076923,0.010990,0.230818,0.318483,0.300250,-0.029186,-0.145137,-0.036771,-0.036630,-0.173382,-0.051282,0.004847,0.019106,0.401246,0.003661,0.018298,0.400383,0.019711,0.401730,-2.137123,-0.000,0.000,-0.000,0.007257,0,0.000
11.6846,0.232659,0.325740,0.302089,0.230770,-0.208790,-0.164837,0.230875,0.318518,0.300285,-0.035675,-0.144436,-0.036074,-0.031746,-0.158731,-0.065934,0.004847,0.019018,0.401273,0.003661,0.018298,0.400383,0.019626,0.401753,-2.137121,-0.000,0.000,-0.000,0.007257,0,0.000
11.6946,0.232278,0.325740,0.302089,-0.230770,-0.230770,-0.208790,0.230818,0.318483,0.300250,-0.029185,-0.145137,-0.036772,-0.061050,-0.173382,-0.046398,0.004847,0.019106,0.401246,0.003661,0.018298,0.400383,0.019711,0.401730,-2.137122,-0.000,0.000,-0.000,0.007222,0,0.000
11.7048,0.232278,0.326121,0.302089,-0.208790,0.098900,0.032967,0.230853,0.318540,0.300286,-0.028487,-0.151634,-0.036062,-0.051282,-0.158731,-0.070818,0.004926,0.019152,0.401265,0.003661,0.018298,0.400383,0.019775,0.401752,-2.137126,-0.000,0.000,-0.000,0.007638,0,0.000
11.7199,0.232659,0.326121,0.302089,0.098900,0.164837,-0.142857,0.230910,0.318574,0.300321,-0.034977,-0.150938,-0.035359,-0.031746,-0.163614,-0.056166,0.004926,0.019064,0.401292,0.003660,0.018298,0.400383,0.019690,0.401774,-2.137131,-0.000,0.000,-0.000,0.007582,0,0.000
11.7257,0.232278,0.326121,0.302089,-0.164837,-0.120880,-0.230770,0.230853,0.318539,0.300286,-0.028488,-0.151639,-0.036056,-0.046398,-0.183150,-0.061050,0.004926,0.019152,0.401265,0.003660,0.018298,0.400383,0.019775,0.401752,-2.137133,-0.000,0.000,-0.000,0.007547,0,0.000
11.7357,0.232659,0.326503,0.302470,-0.054947,0.274727,0.142857,0.230980,0.318666,0.300414,-0.033583,-0.156739,-0.041129,-0.056166,-0.163614,-0.061050,0.004927,0.019155,0.401331,0.003660,0.018298,0.400383,0.019778,0.401818,-2.137148,-0.000,0.000,-0.000,0.007963,0,0.000
11.7476,0.232659,0.326121,0.302470,0.076923,-0.076923,0.076923,0.230945,0.318609,0.300379,-0.034283,-0.150248,-0.041831,-0.075702,-0.173382,-0.041514,0.004848,0.019109,0.401313,0.003660,0.018298,0.400383,0.019715,0.401796,-2.137152,-0.000,0.000,-0.000,0.007455,0,0.000
11.7563,0.233041,0.326121,0.302089,0.142857,-0.428570,-0.296703,0.230967,0.318609,0.300357,-0.041471,-0.150253,-0.034642,-0.124542,-0.212454,-0.065934,0.004926,0.018976,0.401318,0.003660,0.018298,0.400383,0.019605,0.401797,-2.137150,-0.000,0.000,-0.000,0.007512,0,0.000
11.7663,0.233041,0.326503,0.302470,0.098900,0.362637,-0.120880,0.231037,0.318701,0.300449,-0.040072,-0.156040,-0.040432,-0.056166,-0.173382,-0.075702,0.004927,0.019067,0.401358,0.003660,0.018298,0.400383,0.019693,0.401841,-2.137147,-0.000,0.000,-0.000,0.007894,0,0.000
11.7758,0.233041,0.326121,0.302470,0.010990,-0.384617,-0.032967,0.231002,0.318644,0.300413,-0.040771,-0.149545,-0.041139,-0.056166,-0.163614,-0.109890,0.004848,0.019022,0.401339,0.003660,0.018298,0.400383,0.019630,0.401819,-2.137146,-0.000,0.000,-0.000,0.007421,0,0.000
11.7854,0.233041,0.326503,0.302470,-0.076923,-0.032967,0.164837,0.231037,0.318701,0.300448,-0.040071,-0.156037,-0.040436,-0.070818,-0.153846,0.002442,0.004927,0.019067,0.401358,0.003660,0.018298,0.400383,0.019693,0.401841,-2.137143,-0.000,0.000,-0.000,0.007859,0,0.000
11.7955,0.233041,0.326503,0.302470,0.010990,0.318680,-0.054947,0.231037,0.318701,0.300448,-0.040071,-0.156035,-0.040437,-0.061050,-0.163614,-0.070818,0.004927,0.019067,0.401358,0.003660,0.018298,0.400383,0.019693,0.401841,-2.137141,-0.000,0.000,-0.000,0.007802,0,0.000
11.8056,0.233041,0.326503,0.302470,-0.230770,-0.054947,0.098900,0.231037,0.318701,0.300448,-0.040070,-0.156032,-0.040442,-0.036630,-0.173382,-0.061050,0.004927,0.019067,0.401358,0.003660,0.018298,0.400383,0.019693,0.401841,-2.137136,-0.000,0.000,-0.000,0.007802,0,0.000
11.8186,0.233422,0.326503,0.302470,0.164837,0.230770,-0.186813,0.231094,0.318736,0.300483,-0.046561,-0.155338,-0.039737,-0.075702,-0.168498,-0.061050,0.004927,0.018979,0.401384,0.003660,0.018298,0.400383,0.019608,0.401863,-2.137144,-0.000,0.000,-0.000,0.007802,0,0.000
11.8286,0.233804,0.326503,0.302852,0.164837,-0.142857,0.076923,0.231186,0.318806,0.300575,-0.052352,-0.153935,-0.045528,-0.085470,-0.163614,-0.075702,0.004849,0.018937,0.401432,0.003660,0.018298,0.400383,0.019548,0.401907,-2.137146,-0.000,0.000,-0.000,0.007767,0,0.000
11.8400,0.233422,0.326503,0.302470,-0.010990,-0.164837,0.010990,0.231094,0.318735,0.300484,-0.046563,-0.155347,-0.039726,-0.085470,-0.158731,-0.056166,0.004927,0.018979,0.401384,0.003660,0.018298,0.400383,0.019608,0.401863,-2.137155,-0.000,0.000,-0.000,0.007697,0,0.000
11.8496,0.233804,0.326503,0.302470,0.296703,-0.186813,0.054947,0.231151,0.318770,0.300520,-0.053056,-0.154661,-0.039010,-0.075702,-0.178267,-0.046398,0.004927,0.018892,0.401411,0.003660,0.018298,0.400383,0.019524,0.401885,-2.137174,-0.000,0.000,-0.000,0.007767,0,0.000
11.8598,0.234185,0.326503,0.302470,0.318680,0.010990,-0.098900,0.231208,0.318804,0.300555,-0.059548,-0.153972,-0.038299,-0.080586,-0.158731,-0.075702,0.004927,0.018804,0.401437,0.003659,0.018298,0.400383,0.019439,0.401907,-2.137187,-0.000,0.000,-0.000,0.007733,0,0.000
11.8665,0.234185,0.326884,0.302852,0.230770,0.142857,0.384617,0.231277,0.318895,0.300648,-0.058153,-0.159774,-0.044069,-0.090354,-0.173382,-0.051282,0.004928,0.018895,0.401477,0.003659,0.018299,0.400383,0.019527,0.401951,-2.137205,-0.000,0.000,-0.000,0.008080,0,0.000
11.8766,0.234185,0.326884,0.302852,0.010990,0.230770,-0.032967,0.231277,0.318895,0.300649,-0.058157,-0.159785,-0.044054,-0.090354,-0.173382,-0.031746,0.004928,0.018895,0.401477,0.003659,0.018299,0.400383,0.019527,0.401951,-2.137220,-0.000,0.000,-0.000,0.007989,0,0.000
11.8862,0.234185,0.326884,0.302852,0.098900,0.010990,-0.076923,0.231277,0.318895,0.300649,-0.058159,-0.159792,-0.044045,-0.090354,-0.173382,-0.065934,0.004928,0.018895,0.401477,0.003659,0.018299,0.400383,0.019527,0.401951,-2.137230,-0.000,0.000,-0.000,0.007989,0,0.000
11.8961,0.234185,0.326884,0.302852,-0.142857,0.186813,0.010990,0.231277,0.318895,0.300649,-0.058159,-0.159793,-0.044045,-0.085470,-0.173382,-0.041514,0.004928,0.018895,0.401477,0.003659,0.018299,0.400383,0.019527,0.401951,-2.137230,-0.000,0.000,-0.000,0.007990,0,0.000
11.9067,0.234185,0.326884,0.302852,0.032967,0.318680,0.142857,0.231277,0.318895,0.300649,-0.058158,-0.159790,-0.044049,-0.100122,-0.178267,-0.051282,0.004928,0.018895,0.401477,0.003659,0.018299,0.400383,0.019527,0.401951,-2.137226,-0.000,0.000,-0.000,0.007990,0,0.000
11.9162,0.234185,0.326884,0.302852,-0.076923,0.054947,-0.142857,0.231277,0.318896,0.300648,-0.058153,-0.159772,-0.044071,-0.085470,-0.197803,-0.051282,0.004928,0.018895,0.401477,0.003659,0.018299,0.400383,0.019527,0.401951,-2.137203,-0.000,0.000,-0.000,0.007989,0,0.000
11.9262,0.234568,0.326884,0.302852,0.142857,-0.120880,-0.274727,0.231335,0.318932,0.300682,-0.064654,-0.159051,-0.043396,-0.114774,-0.173382,-0.100122,0.004928,0.018807,0.401503,0.003660,0.018298,0.400383,0.019442,0.401974,-2.137176,-0.000,0.000,-0.000,0.007989,0,0.000
11.9367,0.234568,0.326884,0.302852,0.032967,-0.098900,-0.164837,0.231335,0.318932,0.300681,-0.064650,-0.159038,-0.043413,-0.114774,-0.178267,-0.056166,0.004928,0.018807,0.401503,0.003660,0.018298,0.400383,0.019442,0.401974,-2.137158,-0.000,0.000,-0.000,0.007953,0,0.000
11.9466,0.234949,0.326884,0.302852,0.054947,0.054947,-0.098900,0.231392,0.318968,0.300715,-0.071136,-0.158325,-0.042731,-0.114774,-0.153846,-0.056166,0.004928,0.018719,0.401530,0.003660,0.018298,0.400383,0.019357,0.401996,-2.137140,-0.000,0.000,-0.000,0.007952,0,0.000
11.9573,0.234568,0.326884,0.302852,0.010990,-0.296703,-0.120880,0.231335,0.318934,0.300679,-0.064641,-0.159007,-0.043453,-0.129426,-0.153846,-0.070818,0.004928,0.018807,0.401503,0.003661,0.018298,0.400383,0.019442,0.401974,-2.137116,-0.000,0.000,-0.000,0.007916,0,0.000
11.9675,0.234949,0.326884,0.302852,0.142857,0.076923,0.032967,0.231393,0.318969,0.300713,-0.071128,-0.158296,-0.042768,-0.109890,-0.197803,-0.036630,0.004928,0.018719,0.401530,0.003661,0.018298,0.400383,0.019357,0.401996,-2.137101,-0.000,0.000,-0.000,0.007950,0,0.000
11.9803,0.234949,0.326884,0.302852,0.230770,0.054947,-0.450550,0.231393,0.318970,0.300713,-0.071126,-0.158289,-0.042778,-0.080586,-0.163614,-0.061050,0.004928,0.018719,0.401530,0.003661,0.018298,0.400383,0.019357,0.401996,-2.137091,-0.000,0.000,-0.000,0.007915,0,0.000
11.9877,0.234949,0.326884,0.302852,-0.142857,-0.120880,-0.230770,0.231393,0.318969,0.300713,-0.071127,-0.158294,-0.042772,-0.100122,-0.178267,-0.061050,0.004928,0.018719,0.401530,0.003661,0.018298,0.400383,0.019357,0.401996,-2.137098,-0.000,0.000,-0.000,0.007914,0,0.000
11.9977,0.234949,0.326884,0.302852,-0.120880,-0.054947,-0.120880,0.231392,0.318969,0.300714,-0.071130,-0.158303,-0.042760,-0.105006,-0.183150,-0.036630,0.004928,0.018719,0.401530,0.003661,0.018298,0.400383,0.019357,0.401996,-2.137110,-0.000,0.000,-0.000,0.007915,0,0.000
12.0072,0.234949,0.326884,0.303233,0.120880,0.164837,-0.098900,0.231427,0.319004,0.300771,-0.070435,-0.157610,-0.049236,-0.080586,-0.163614,-0.080586,0.004850,0.018764,0.401551,0.003661,0.018298,0.400383,0.019381,0.402018,-2.137128,-0.000,0.000,-0.000,0.007915,0,0.000
12.0172,0.234949,0.326884,0.302852,0.076923,0.010990,-0.186813,0.231392,0.318968,0.300715,-0.071137,-0.158328,-0.042728,-0.085470,-0.168498,-0.031746,0.004928,0.018719,0.401530,0.003660,0.018298,0.400383,0.019357,0.401996,-2.137143,-0.000,0.000,-0.000,0.007881,0,0.000
12.0273,0.235330,0.326884,0.303233,0.164837,-0.076923,0.428570,0.231484,0.319038,0.300807,-0.076930,-0.156931,-0.048512,-0.129426,-0.183150,-0.065934,0.004850,0.018676,0.401577,0.003660,0.018298,0.400383,0.019296,0.402040,-2.137155,-0.000,0.000,-0.000,0.007916,0,0.000
12.0377,0.234949,0.326884,0.302852,-0.054947,0.076923,-0.516483,0.231392,0.318967,0.300716,-0.071140,-0.158343,-0.042710,-0.061050,-0.163614,-0.070818,0.004928,0.018719,0.401530,0.003660,0.018298,0.400383,0.019357,0.401996,-2.137163,0.000,0.000,0.000,0.007847,0,0.000
12.0474,0.234949,0.326884,0.303233,-0.032967,0.010990,-0.120880,0.231427,0.319002,0.300773,-0.070442,-0.157638,-0.049200,-0.075702,-0.168498,-0.036630,0.004850,0.018764,0.401551,0.003660,0.018298,0.400383,0.019381,0.402018,-2.137166,0.000,0.000,0.000,0.007917,0,0.000
12.0584,0.235330,0.326884,0.303233,-0.252747,0.010990,-0.362637,0.231484,0.319038,0.300807,-0.076930,-0.156932,-0.048511,-0.114774,-0.178267,-0.124542,0.004850,0.018676,0.401577,0.003660,0.018298,0.400383,0.019296,0.402040,-2.137156,0.000,0.000,0.000,0.007882,0,0.000
12.0680,0.234949,0.326884,0.303233,-0.384617,-0.296703,0.098900,0.231427,0.319003,0.300772,-0.070439,-0.157627,-0.049216,-0.100122,-0.183150,-0.061050,0.004850,0.018764,0.401551,0.003660,0.018298,0.400383,0.019381,0.402018,-2.137149,0.000,0.000,0.000,0.007847,0,0.000
12.0786,0.235330,0.326884,0.303614,-0.186813,-0.032967,0.054947,0.231519,0.319074,0.300863,-0.076227,-0.156206,-0.055029,-0.105006,-0.163614,-0.080586,0.004773,0.018722,0.401598,0.003661,0.018298,0.400383,0.019320,0.402062,-2.137129,0.000,0.000,0.000,0.007881,0,0.000
12.0885,0.235330,0.326884,0.303233,-0.120880,0.010990,-0.142857,0.231484,0.319039,0.300805,-0.076920,-0.156894,-0.048559,-0.080586,-0.163614,-0.070818,0.004850,0.018676,0.401577,0.003661,0.018298,0.400383,0.019296,0.402040,-2.137105,0.000,0.000,0.000,0.007810,0,0.000
12.0983,0.235712,0.326884,0.303614,0.318680,-0.274727,0.494507,0.231577,0.319111,0.300896,-0.082706,-0.155469,-0.054377,-0.134310,-0.168498,-0.046398,0.004773,0.018634,0.401624,0.003661,0.018298,0.400383,0.019235,0.402085,-2.137079,0.000,0.000,0.000,0.007845,0,0.000
12.1081,0.235712,0.326884,0.303614,-0.318680,-0.010990,0.098900,0.231577,0.319112,0.300895,-0.082701,-0.155452,-0.054400,-0.144078,-0.173382,-0.095238,0.004773,0.018634,0.401624,0.003662,0.018298,0.400383,0.019235,0.402085,-2.137055,0.000,0.000,0.000,0.007773,0,0.000
12.1184,0.235712,0.326884,0.303233,0.010990,-0.208790,-0.186813,0.231542,0.319077,0.300836,-0.083395,-0.156140,-0.047931,-0.124542,-0.168498,-0.085470,0.004851,0.018588,0.401603,0.003662,0.018298,0.400383,0.019211,0.402063,-2.137030,0.000,0.000,0.000,0.007773,0,0.000
12.1286,0.236093,0.327266,0.303233,0.098900,0.164837,-0.076923,0.231634,0.319170,0.300906,-0.089181,-0.161919,-0.046546,-0.095238,-0.168498,-0.061050,0.004929,0.018546,0.401649,0.003663,0.018298,0.400383,0.019190,0.402107,-2.137010,0.000,0.000,0.000,0.008188,0,0.000
12.1380,0.235712,0.326884,0.303614,0.076923,0.186813,0.120880,0.231577,0.319113,0.300892,-0.082691,-0.155415,-0.054448,-0.061050,-0.158731,-0.070818,0.004773,0.018634,0.401624,0.003663,0.018298,0.400383,0.019235,0.402085,-2.137005,0.000,0.000,0.000,0.007715,0,0.000
12.1480,0.236093,0.326884,0.303233,-0.010990,0.120880,-0.120880,0.231599,0.319113,0.300871,-0.089881,-0.155427,-0.047248,-0.114774,-0.148962,-0.070818,0.004851,0.018501,0.401630,0.003663,0.018298,0.400383,0.019126,0.402085,-2.137013,0.000,0.000,0.000,0.007771,0,0.000
12.1581,0.235712,0.326884,0.303233,-0.252747,0.054947,-0.120880,0.231542,0.319078,0.300836,-0.083392,-0.156129,-0.047945,-0.100122,-0.178267,-0.085470,0.004851,0.018588,0.401603,0.003663,0.018298,0.400383,0.019211,0.402063,-2.137016,0.000,0.000,0.000,0.007771,0,0.000
12.1681,0.236093,0.326884,0.303614,0.032967,0.054947,0.142857,0.231634,0.319147,0.300929,-0.089189,-0.154746,-0.053710,-0.100122,-0.173382,-0.061050,0.004773,0.018546,0.401651,0.003662,0.018298,0.400383,0.019150,0.402107,-2.137047,0.000,0.000,0.000,0.007806,0,0.000
12.1782,0.236093,0.327266,0.303233,-0.252747,0.362637,-0.032967,0.231634,0.319168,0.300908,-0.089191,-0.161956,-0.046500,-0.100122,-0.148962,-0.065934,0.004929,0.018546,0.401649,0.003662,0.018298,0.400383,0.019190,0.402107,-2.137059,0.000,0.000,0.000,0.008119,0,0.000
12.1888,0.236093,0.326884,0.303614,-0.120880,0.098900,0.208790,0.231634,0.319145,0.300931,-0.089197,-0.154775,-0.053674,-0.129426,-0.163614,-0.070818,0.004773,0.018546,0.401651,0.003661,0.018298,0.400383,0.019150,0.402107,-2.137085,0.000,0.000,0.000,0.007716,0,0.000
12.2010,0.236093,0.326884,0.303614,0.076923,0.120880,0.164837,0.231633,0.319145,0.300932,-0.089200,-0.154789,-0.053656,-0.100122,-0.168498,-0.036630,0.004773,0.018546,0.401651,0.003661,0.018298,0.400383,0.019150,0.402107,-2.137103,0.000,0.000,0.000,0.007739,0,0.000
12.2110,0.235712,0.326884,0.303614,-0.164837,-0.120880,0.406593,0.231576,0.319109,0.300897,-0.082713,-0.155498,-0.054343,-0.085470,-0.178267,-0.070818,0.004773,0.018634,0.401624,0.003661,0.018298,0.400383,0.019235,0.402085,-2.137116,0.000,0.000,0.000,0.007739,0,0.000
12.2201,0.236093,0.326884,0.303233,0.208790,-0.340660,-0.318680,0.231598,0.319109,0.300876,-0.089904,-0.155511,-0.047142,-0.090354,-0.168498,-0.090354,0.004851,0.018501,0.401630,0.003661,0.018298,0.400383,0.019126,0.402085,-2.137126,0.000,0.000,0.000,0.007775,0,0.000
12.2287,0.236093,0.326884,0.303614,0.164837,-0.164837,0.230770,0.231633,0.319144,0.300932,-0.089203,-0.154800,-0.053642,-0.095238,-0.148962,-0.070818,0.004773,0.018546,0.401651,0.003661,0.018298,0.400383,0.019150,0.402107,-2.137119,0.000,0.000,0.000,0.007776,0,0.000
12.2396,0.235712,0.326884,0.303233,-0.340660,-0.252747,-0.098900,0.231541,0.319074,0.300840,-0.083411,-0.156200,-0.047855,-0.119658,-0.153846,-0.070818,0.004851,0.018588,0.401603,0.003661,0.018298,0.400383,0.019211,0.402063,-2.137111,0.000,0.000,0.000,0.007740,0,0.000
12.2494,0.235712,0.326884,0.303614,-0.296703,0.120880,0.164837,0.231576,0.319110,0.300897,-0.082710,-0.155486,-0.054358,-0.119658,-0.168498,-0.070818,0.004773,0.018634,0.401624,0.003661,0.018298,0.400383,0.019235,0.402085,-2.137100,0.000,0.000,0.000,0.007810,0,0.000
12.2596,0.236093,0.326884,0.303233,-0.274727,0.032967,-0.406593,0.231599,0.319110,0.300874,-0.089896,-0.155483,-0.047178,-0.134310,-0.148962,-0.061050,0.004851,0.018501,0.401630,0.003661,0.018298,0.400383,0.019126,0.402085,-2.137088,0.000,0.000,0.000,0.007774,0,0.000
12.2698,0.236093,0.326884,0.303614,0.076923,0.186813,0.186813,0.231634,0.319146,0.300930,-0.089194,-0.154766,-0.053685,-0.080586,-0.144078,-0.041514,0.004773,0.018546,0.401651,0.003662,0.018298,0.400383,0.019150,0.402107,-2.137073,0.000,0.000,0.000,0.007774,0,0.000
12.2820,0.236093,0.326884,0.303233,0.252747,-0.120880,-0.296703,0.231599,0.319111,0.300873,-0.089891,-0.155466,-0.047201,-0.100122,-0.153846,-0.065934,0.004851,0.018501,0.401630,0.003662,0.018298,0.400383,0.019126,0.402085,-2.137064,0.000,0.000,0.000,0.007738,0,0.000
12.2914,0.236093,0.326884,0.303233,0.186813,0.252747,-0.428570,0.231599,0.319111,0.300873,-0.089890,-0.155463,-0.047203,-0.114774,-0.163614,-0.046398,0.004851,0.018501,0.401630,0.003662,0.018298,0.400383,0.019126,0.402085,-2.137062,0.000,0.000,0.000,0.007773,0,0.000
12.2998,0.235712,0.326884,0.303233,-0.186813,0.032967,-0.296703,0.231542,0.319076,0.300838,-0.083400,-0.156160,-0.047905,-0.080586,-0.148962,-0.056166,0.004851,0.018588,0.401603,0.003662,0.018298,0.400383,0.019211,0.402063,-2.137058,0.000,0.000,0.000,0.007773,0,0.000
12.3107,0.235712,0.326503,0.303233,0.032967,-0.208790,0.054947,0.231507,0.319020,0.300802,-0.084099,-0.149661,-0.048616,-0.075702,-0.153846,-0.046398,0.004772,0.018543,0.401584,0.003662,0.018298,0.400383,0.019147,0.402041,-2.137052,0.000,0.000,0.000,0.007427,0,0.000
12.3212,0.236093,0.326884,0.303614,0.406593,0.032967,0.098900,0.231634,0.319146,0.300930,-0.089191,-0.154756,-0.053697,-0.090354,-0.168498,-0.056166,0.004773,0.018546,0.401651,0.003662,0.018298,0.400383,0.019150,0.402107,-2.137060,0.000,0.000,0.000,0.007865,0,0.000
12.3309,0.235712,0.326884,0.303233,-0.164837,0.186813,-0.142857,0.231542,0.319076,0.300838,-0.083401,-0.156165,-0.047899,-0.148962,-0.168498,-0.061050,0.004851,0.018588,0.401603,0.003662,0.018298,0.400383,0.019211,0.402063,-2.137064,0.000,0.000,0.000,0.007738,0,0.000
12.3403,0.235712,0.326884,0.303233,0.186813,0.032967,-0.208790,0.231542,0.319075,0.300839,-0.083404,-0.156175,-0.047886,-0.095238,-0.144078,-0.061050,0.004851,0.018588,0.401603,0.003661,0.018298,0.400383,0.019211,0.402063,-2.137078,0.000,0.000,0.000,0.007808,0,0.000
12.3501,0.235712,0.326884,0.303614,0.032967,0.098900,0.054947,0.231577,0.319110,0.300896,-0.082708,-0.155476,-0.054370,-0.139194,-0.173382,-0.114774,0.004773,0.018634,0.401624,0.003661,0.018298,0.400383,0.019235,0.402085,-2.137087,0.000,0.000,0.000,0.007809,0,0.000
12.3601,0.235712,0.326884,0.303233,-0.032967,-0.142857,-0.120880,0.231542,0.319075,0.300839,-0.083407,-0.156186,-0.047872,-0.061050,-0.178267,-0.036630,0.004851,0.018588,0.401603,0.003661,0.018298,0.400383,0.019211,0.402063,-2.137093,0.000,0.000,0.000,0.007774,0,0.000
12.3706,0.235712,0.326884,0.303233,0.494507,0.164837,-0.010990,0.231542,0.319075,0.300840,-0.083408,-0.156191,-0.047866,-0.061050,-0.144078,-0.075702,0.004851,0.018588,0.401603,0.003661,0.018298,0.400383,0.019211,0.402063,-2.137099,0.000,0.000,0.000,0.007809,0,0.000
12.3806,0.235330,0.326884,0.303614,-0.230770,0.076923,0.274727,0.231519,0.319075,0.300862,-0.076221,-0.156188,-0.055053,-0.070818,-0.168498,-0.065934,0.004773,0.018722,0.401598,0.003661,0.018298,0.400383,0.019320,0.402062,-2.137104,0.000,0.000,0.000,0.007810,0,0.000
12.3909,0.235712,0.326503,0.303614,-0.076923,-0.054947,0.120880,0.231541,0.319053,0.300862,-0.083413,-0.149000,-0.055051,-0.124542,-0.139194,-0.065934,0.004694,0.018588,0.401605,0.003661,0.018298,0.400383,0.019172,0.402063,-2.137113,0.000,0.000,0.000,0.007428,0,0.000
12.4011,0.235712,0.326884,0.303614,0.076923,0.252747,0.208790,0.231576,0.319109,0.300897,-0.082712,-0.155493,-0.054348,-0.070818,-0.153846,-0.051282,0.004773,0.018634,0.401624,0.003661,0.018298,0.400383,0.019235,0.402085,-2.137110,0.000,0.000,0.000,0.007831,0,0.000
12.4106,0.235330,0.326503,0.303233,-0.054947,-0.340660,-0.252747,0.231449,0.318982,0.300771,-0.077623,-0.150411,-0.049250,-0.080586,-0.173382,-0.075702,0.004772,0.018631,0.401558,0.003661,0.018298,0.400383,0.019232,0.402018,-2.137120,0.000,0.000,0.000,0.007393,0,0.000
12.4211,0.235330,0.326503,0.303233,0.054947,-0.230770,-0.274727,0.231449,0.318982,0.300771,-0.077623,-0.150413,-0.049247,-0.100122,-0.153846,-0.070818,0.004772,0.018631,0.401558,0.003661,0.018298,0.400383,0.019232,0.402018,-2.137123,0.000,0.000,0.000,0.007521,0,0.000
12.4310,0.235330,0.326884,0.303233,-0.208790,0.186813,-0.098900,0.231484,0.319039,0.300806,-0.076922,-0.156903,-0.048547,-0.085470,-0.158731,-0.061050,0.004850,0.018676,0.401577,0.003661,0.018298,0.400383,0.019296,0.402040,-2.137117,0.000,0.000,0.000,0.007902,0,0.000
12.4449,0.235330,0.326503,0.303233,0.142857,-0.208790,-0.340660,0.231449,0.318982,0.300771,-0.077623,-0.150414,-0.049247,-0.056166,-0.153846,-0.070818,0.004772,0.018631,0.401558,0.003661,0.018298,0.400383,0.019232,0.402018,-2.137124,0.000,0.000,0.000,0.007464,0,0.000
12.4508,0.235712,0.326503,0.303233,0.208790,0.142857,-0.120880,0.231506,0.319017,0.300806,-0.084114,-0.149717,-0.048544,-0.100122,-0.158731,-0.080586,0.004772,0.018543,0.401584,0.003661,0.018298,0.400383,0.019147,0.402041,-2.137128,0.000,0.000,0.000,0.007521,0,0.000
12.4614,0.235330,0.326503,0.303233,-0.208790,0.010990,0.054947,0.231449,0.318982,0.300771,-0.077625,-0.150421,-0.049238,-0.134310,-0.148962,-0.046398,0.004772,0.018631,0.401558,0.003660,0.018298,0.400383,0.019232,0.402018,-2.137133,0.000,0.000,0.000,0.007486,0,0.000
12.4719,0.235330,0.326503,0.303614,0.032967,-0.318680,0.164837,0.231484,0.319017,0.300828,-0.076928,-0.149720,-0.055724,-0.119658,-0.153846,-0.070818,0.004694,0.018676,0.401579,0.003660,0.018298,0.400383,0.019257,0.402040,-2.137140,0.000,0.000,0.000,0.007521,0,0.000
12.4822,0.235330,0.326503,0.303614,-0.076923,-0.010990,0.076923,0.231484,0.319016,0.300829,-0.076930,-0.149729,-0.055713,-0.056166,-0.183150,-0.065934,0.004694,0.018676,0.401579,0.003660,0.018298,0.400383,0.019257,0.402040,-2.137151,0.000,0.000,0.000,0.007486,0,0.000
12.4912,0.234949,0.326503,0.303233,-0.142857,-0.054947,-0.120880,0.231392,0.318945,0.300738,-0.071142,-0.151146,-0.049904,-0.051282,-0.153846,-0.051282,0.004772,0.018719,0.401532,0.003660,0.018298,0.400383,0.019317,0.401996,-2.137167,0.000,0.000,0.000,0.007486,0,0.000
12.5020,0.235330,0.326503,0.303233,0.120880,0.230770,0.098900,0.231449,0.318980,0.300773,-0.077634,-0.150453,-0.049196,-0.105006,-0.163614,-0.046398,0.004772,0.018631,0.401558,0.003660,0.018298,0.400383,0.019232,0.402018,-2.137177,0.000,0.000,0.000,0.007557,0,0.000
12.5116,0.235330,0.326503,0.303233,0.318680,-0.010990,-0.208790,0.231449,0.318980,0.300774,-0.077635,-0.150459,-0.049190,-0.109890,-0.144078,-0.080586,0.004772,0.018631,0.401558,0.003660,0.018298,0.400383,0.019232,0.402018,-2.137184,0.000,0.000,0.000,0.007523,0,0.000
12.5216,0.234949,0.326503,0.303614,0.142857,0.340660,0.296703,0.231427,0.318980,0.300796,-0.070447,-0.150454,-0.056379,-0.036630,-0.148962,-0.056166,0.004694,0.018764,0.401552,0.003659,0.018298,0.400383,0.019342,0.402018,-2.137187,0.000,0.000,0.000,0.007523,0,0.000
12.5317,0.234949,0.326503,0.303233,-0.076923,0.098900,-0.054947,0.231392,0.318944,0.300739,-0.071148,-0.151165,-0.049879,-0.124542,-0.163614,-0.036630,0.004772,0.018719,0.401532,0.003659,0.018299,0.400383,0.019317,0.401996,-2.137193,0.000,0.000,0.000,0.007523,0,0.000
12.5416,0.234949,0.326121,0.303233,-0.362637,-0.076923,-0.054947,0.231357,0.318888,0.300704,-0.071848,-0.144673,-0.050581,-0.056166,-0.163614,-0.075702,0.004693,0.018673,0.401513,0.003659,0.018299,0.400383,0.019254,0.401974,-2.137197,0.000,0.000,0.000,0.007177,0,0.000
12.5519,0.234949,0.326503,0.303233,0.054947,-0.032967,-0.076923,0.231391,0.318944,0.300740,-0.071151,-0.151179,-0.049862,-0.051282,-0.144078,-0.046398,0.004772,0.018719,0.401532,0.003659,0.018299,0.400383,0.019317,0.401996,-2.137212,0.000,0.000,0.000,0.007615,0,0.000
12.5618,0.234949,0.326503,0.303614,0.032967,0.318680,0.164837,0.231426,0.318979,0.300797,-0.070455,-0.150483,-0.056342,-0.051282,-0.139194,-0.080586,0.004694,0.018764,0.401552,0.003659,0.018299,0.400383,0.019342,0.402018,-2.137225,0.000,0.000,0.000,0.007559,0,0.000
12.5719,0.234949,0.326503,0.303233,-0.230770,0.208790,-0.450550,0.231391,0.318943,0.300741,-0.071157,-0.151201,-0.049833,-0.119658,-0.168498,-0.119658,0.004772,0.018719,0.401532,0.003658,0.018299,0.400383,0.019317,0.401996,-2.137242,0.000,0.000,0.000,0.007524,0,0.000
12.5820,0.234568,0.326503,0.303614,-0.208790,0.252747,0.186813,0.231369,0.318942,0.300764,-0.063971,-0.151204,-0.057013,-0.036630,-0.168498,-0.070818,0.004694,0.018852,0.401526,0.003658,0.018299,0.400383,0.019427,0.401996,-2.137254,0.000,0.000,0.000,0.007560,0,0.000
12.5931,0.234949,0.326121,0.303614,0.318680,0.076923,0.362637,0.231391,0.318920,0.300765,-0.071167,-0.144031,-0.056993,-0.095238,-0.163614,-0.061050,0.004615,0.018718,0.401534,0.003658,0.018299,0.400383,0.019279,0.401996,-2.137283,0.000,0.000,0.000,0.007179,0,0.000
12.6036,0.234568,0.326121,0.303233,-0.296703,0.054947,-0.274727,0.231299,0.318849,0.300674,-0.065377,-0.145444,-0.051189,-0.056166,-0.163614,-0.153846,0.004693,0.018761,0.401486,0.003658,0.018299,0.400383,0.019339,0.401952,-2.137293,0.000,0.000,0.000,0.007202,0,0.000
12.6143,0.234568,0.326121,0.303614,-0.230770,0.208790,0.296703,0.231333,0.318883,0.300732,-0.064683,-0.144755,-0.057660,-0.085470,-0.144078,-0.046398,0.004615,0.018806,0.401507,0.003657,0.018299,0.400383,0.019364,0.401974,-2.137316,0.000,0.000,0.000,0.007272,0,0.000
12.6245,0.234568,0.326121,0.303233,0.010990,0.208790,0.010990,0.231298,0.318848,0.300675,-0.065385,-0.145473,-0.051153,-0.061050,-0.144078,-0.100122,0.004693,0.018761,0.401486,0.003657,0.018299,0.400383,0.019339,0.401952,-2.137331,0.000,0.000,0.000,0.007238,0,0.000
12.6345,0.234568,0.326121,0.303233,0.296703,0.120880,-0.076923,0.231298,0.318847,0.300676,-0.065387,-0.145482,-0.051140,-0.012210,-0.168498,-0.090354,0.004693,0.018761,0.401486,0.003657,0.018299,0.400383,0.019339,0.401952,-2.137345,0.000,0.000,0.000,0.007274,0,0.000
12.6451,0.234568,0.326121,0.303614,0.296703,-0.076923,0.274727,0.231333,0.318882,0.300733,-0.064689,-0.144778,-0.057631,-0.085470,-0.144078,-0.065934,0.004615,0.018806,0.401507,0.003657,0.018299,0.400383,0.019364,0.401974,-2.137346,0.000,0.000,0.000,0.007274,0,0.000
12.6546,0.234568,0.326121,0.303614,0.120880,-0.120880,0.296703,0.231333,0.318882,0.300733,-0.064689,-0.144778,-0.057631,-0.046398,-0.153846,-0.041514,0.004615,0.018806,0.401507,0.003657,0.018299,0.400383,0.019364,0.401974,-2.137347,0.000,0.000,0.000,0.007239,0,0.000
12.6647,0.234185,0.326121,0.303233,0.054947,-0.076923,0.032967,0.231241,0.318811,0.300642,-0.058885,-0.146195,-0.051827,0.026862,-0.148962,-0.085470,0.004693,0.018849,0.401460,0.003656,0.018299,0.400383,0.019424,0.401930,-2.137359,0.000,0.000,0.000,0.007239,0,0.000
12.6746,0.234185,0.326121,0.303614,-0.230770,-0.010990,0.186813,0.231276,0.318847,0.300699,-0.058187,-0.145491,-0.058316,-0.109890,-0.129426,-0.090354,0.004615,0.018894,0.401481,0.003656,0.018299,0.400383,0.019450,0.401952,-2.137363,0.000,0.000,0.000,0.007310,0,0.000
12.6845,0.234185,0.326121,0.303233,-0.142857,0.098900,-0.494507,0.231241,0.318811,0.300642,-0.058887,-0.146202,-0.051817,-0.031746,-0.129426,-0.056166,0.004693,0.018849,0.401460,0.003656,0.018299,0.400383,0.019424,0.401930,-2.137369,0.000,0.000,0.000,0.007275,0,0.000
12.6947,0.234185,0.326121,0.303233,-0.032967,0.098900,-0.274727,0.231241,0.318811,0.300643,-0.058889,-0.146209,-0.051808,-0.036630,-0.148962,-0.114774,0.004693,0.018849,0.401460,0.003656,0.018299,0.400383,0.019424,0.401930,-2.137379,0.000,0.000,0.000,0.007310,0,0.000
12.7049,0.234185,0.326121,0.303233,0.010990,0.054947,-0.032967,0.231241,0.318810,0.300643,-0.058891,-0.146220,-0.051794,-0.129426,-0.158731,-0.070818,0.004693,0.018849,0.401460,0.003656,0.018299,0.400383,0.019424,0.401930,-2.137394,0.000,0.000,0.000,0.007310,0,0.000
12.7153,0.234185,0.326121,0.303233,0.208790,0.186813,-0.076923,0.231240,0.318810,0.300644,-0.058894,-0.146229,-0.051782,-0.105006,-0.163614,-0.070818,0.004693,0.018849,0.401460,0.003655,0.018299,0.400383,0.019424,0.401930,-2.137406,0.000,0.000,0.000,0.007311,0,0.000
12.7261,0.233804,0.326121,0.303233,-0.120880,-0.076923,0.054947,0.231183,0.318774,0.300610,-0.052408,-0.146944,-0.052462,-0.007326,-0.158731,-0.046398,0.004693,0.018937,0.401433,0.003655,0.018299,0.400383,0.019510,0.401907,-2.137426,0.000,0.000,0.000,0.007311,0,0.000
12.7351,0.233804,0.326121,0.303233,-0.208790,0.318680,0.010990,0.231183,0.318774,0.300611,-0.052411,-0.146952,-0.052450,-0.105006,-0.129426,-0.065934,0.004693,0.018937,0.401433,0.003655,0.018299,0.400383,0.019510,0.401907,-2.137438,0.000,0.000,0.000,0.007347,0,0.000
12.7453,0.233422,0.325740,0.303614,-0.076923,-0.054947,0.164837,0.231126,0.318716,0.300598,-0.045927,-0.140468,-0.060327,-0.002442,-0.158731,-0.056166,0.004536,0.019024,0.401409,0.003654,0.018299,0.400383,0.019558,0.401885,-2.137460,0.000,0.000,0.000,0.006966,0,0.000
12.7554,0.233804,0.326121,0.303233,0.252747,0.230770,-0.208790,0.231183,0.318772,0.300612,-0.052419,-0.146983,-0.052411,-0.153846,-0.158731,-0.080586,0.004693,0.018937,0.401433,0.003654,0.018300,0.400383,0.019510,0.401907,-2.137480,0.000,0.000,0.000,0.007405,0,0.000
12.7656,0.233422,0.325740,0.303233,-0.010990,-0.010990,-0.208790,0.231090,0.318679,0.300543,-0.046634,-0.141206,-0.053793,0.026862,-0.129426,-0.061050,0.004614,0.018979,0.401388,0.003654,0.018300,0.400383,0.019532,0.401863,-2.137504,0.000,0.000,0.000,0.006968,0,0.000
12.7757,0.233422,0.325740,0.303614,0.208790,-0.054947,0.296703,0.231125,0.318714,0.300601,-0.045940,-0.140517,-0.060264,-0.095238,-0.144078,-0.041514,0.004536,0.019024,0.401409,0.003653,0.018300,0.400383,0.019558,0.401885,-2.137526,0.000,0.000,0.000,0.007060,0,0.000
12.7853,0.233422,0.325740,0.303233,0.010990,-0.120880,-0.252747,0.231090,0.318678,0.300545,-0.046641,-0.141234,-0.053758,-0.017094,-0.163614,-0.075702,0.004614,0.018979,0.401388,0.003653,0.018300,0.400383,0.019532,0.401863,-2.137540,0.000,0.000,0.000,0.007026,0,0.000
12.7956,0.233422,0.325740,0.303614,0.010990,-0.296703,0.230770,0.231125,0.318713,0.300603,-0.045946,-0.140541,-0.060233,-0.012210,-0.163614,-0.075702,0.004536,0.019024,0.401409,0.003653,0.018300,0.400383,0.019558,0.401885,-2.137558,0.000,0.000,0.000,0.007062,0,0.000
12.8059,0.233422,0.325740,0.303233,0.076923,-0.076923,-0.494507,0.231090,0.318677,0.300546,-0.046646,-0.141251,-0.053735,-0.021978,-0.124542,-0.080586,0.004614,0.018979,0.401388,0.003653,0.018300,0.400383,0.019532,0.401863,-2.137564,0.000,0.000,0.000,0.007027,0,0.000
12.8160,0.233422,0.325740,0.303233,0.186813,0.164837,-0.054947,0.231090,0.318677,0.300547,-0.046648,-0.141257,-0.053727,-0.041514,-0.144078,-0.070818,0.004614,0.018979,0.401388,0.003652,0.018300,0.400383,0.019532,0.401863,-2.137573,0.000,0.000,0.000,0.007063,0,0.000
12.8258,0.233422,0.325740,0.303233,0.362637,-0.010990,-0.054947,0.231090,0.318677,0.300547,-0.046647,-0.141256,-0.053730,-0.041514,-0.144078,-0.070818,0.004614,0.018979,0.401388,0.003652,0.018300,0.400383,0.019532,0.401863,-2.137570,0.000,0.000,0.000,0.007063,0,0.000
12.8360,0.233422,0.325740,0.303233,0.120880,0.032967,0.032967,0.231090,0.318677,0.300547,-0.046648,-0.141257,-0.053727,-0.100122,-0.183150,-0.075702,0.004614,0.018979,0.401388,0.003652,0.018300,0.400383,0.019532,0.401863,-2.137573,0.000,0.000,0.000,0.007063,0,0.000
12.8466,0.233041,0.325740,0.303614,0.120880,0.164837,0.208790,0.231068,0.318677,0.300569,-0.039460,-0.141251,-0.060918,-0.002442,-0.144078,-0.061050,0.004536,0.019112,0.401382,0.003652,0.018300,0.400383,0.019643,0.401863,-2.137573,0.000,0.000,0.000,0.007063,0,0.000
12.8560,0.233041,0.325740,0.303233,0.164837,0.098900,0.054947,0.231033,0.318642,0.300512,-0.040159,-0.141959,-0.054423,-0.031746,-0.158731,-0.105006,0.004614,0.019067,0.401362,0.003652,0.018300,0.400383,0.019617,0.401841,-2.137575,0.000,0.000,0.000,0.007063,0,0.000
12.8657,0.233041,0.325740,0.303614,0.274727,-0.032967,0.318680,0.231068,0.318677,0.300569,-0.039462,-0.141261,-0.060906,-0.031746,-0.153846,-0.061050,0.004536,0.019112,0.401382,0.003652,0.018300,0.400383,0.019643,0.401863,-2.137586,0.000,0.000,0.000,0.007098,0,0.000
12.8760,0.232659,0.325740,0.303233,-0.120880,0.010990,-0.164837,0.230975,0.318606,0.300478,-0.033675,-0.142681,-0.055093,-0.002442,-0.144078,-0.026862,0.004614,0.019154,0.401335,0.003652,0.018300,0.400383,0.019702,0.401819,-2.137605,0.000,0.000,0.000,0.007063,0,0.000
12.8865,0.233041,0.325740,0.303233,0.120880,-0.098900,-0.010990,0.231032,0.318640,0.300514,-0.040168,-0.141991,-0.054382,-0.026862,-0.158731,-0.095238,0.004614,0.019067,0.401362,0.003652,0.018300,0.400383,0.019617,0.401841,-2.137619,0.000,0.000,0.000,0.007134,0,0.000
12.8966,0.233041,0.325358,0.303233,-0.098900,-0.098900,-0.032967,0.230997,0.318583,0.300480,-0.040872,-0.135514,-0.055066,-0.046398,-0.139194,-0.100122,0.004535,0.019021,0.401343,0.003651,0.018300,0.400383,0.019554,0.401819,-2.137642,0.008,0.000,-0.000,0.006718,0,0.000
12.9065,0.233041,0.325740,0.303233,-0.076923,0.098900,-0.120880,0.231032,0.318639,0.300516,-0.040175,-0.142020,-0.054345,-0.070818,-0.148962,-0.105006,0.004614,0.019067,0.401362,0.003651,0.018300,0.400383,0.019617,0.401841,-2.137657,0.032,0.000,-0.000,0.007157,0,0.000
12.9174,0.232659,0.325358,0.303233,0.054947,-0.230770,-0.164837,0.230940,0.318546,0.300446,-0.034389,-0.136238,-0.055734,0.056166,-0.139194,-0.070818,0.004535,0.019109,0.401316,0.003651,0.018300,0.400383,0.019640,0.401797,-2.137674,0.055,0.000,-0.000,0.006720,0,0.000
12.9267,0.232659,0.325358,0.303233,0.230770,0.098900,0.010990,0.230940,0.318546,0.300447,-0.034391,-0.136248,-0.055721,0.007326,-0.148962,-0.065934,0.004535,0.019109,0.401316,0.003650,0.018300,0.400383,0.019640,0.401797,-2.137688,0.063,0.000,-0.000,0.006812,0,0.000
12.9374,0.232659,0.325358,0.303233,0.164837,0.098900,-0.252747,0.230939,0.318545,0.300448,-0.034395,-0.136262,-0.055703,-0.017094,-0.163614,-0.070818,0.004535,0.019109,0.401316,0.003650,0.018300,0.400383,0.019640,0.401797,-2.137707,0.063,0.000,-0.000,0.006812,0,0.000
12.9468,0.232659,0.325358,0.303233,-0.076923,0.054947,0.032967,0.230939,0.318545,0.300448,-0.034397,-0.136269,-0.055693,-0.070818,-0.144078,-0.036630,0.004535,0.019109,0.401316,0.003650,0.018300,0.400383,0.019640,0.401797,-2.137717,0.063,0.000,-0.000,0.006813,0,0.000
12.9554,0.232659,0.325358,0.303233,0.054947,0.032967,-0.164837,0.230939,0.318545,0.300449,-0.034399,-0.136275,-0.055686,-0.007326,-0.153846,-0.021978,0.004535,0.019109,0.401316,0.003650,0.018300,0.400383,0.019640,0.401797,-2.137725,0.063,0.000,-0.000,0.006813,0,0.000
12.9658,0.232659,0.325740,0.303233,0.098900,0.164837,-0.164837,0.230974,0.318601,0.300484,-0.033701,-0.142775,-0.054973,-0.085470,-0.183150,-0.070818,0.004614,0.019154,0.401335,0.003649,0.018300,0.400383,0.019702,0.401819,-2.137733,0.063,0.000,-0.000,0.007195,0,0.000
12.9758,0.232659,0.325358,0.303614,0.362637,0.054947,-0.032967,0.230974,0.318579,0.300506,-0.033704,-0.135581,-0.062163,0.031746,-0.129426,-0.100122,0.004457,0.019154,0.401337,0.003649,0.018301,0.400383,0.019666,0.401819,-2.137741,0.063,0.000,-0.000,0.006757,0,0.000
12.9859,0.232659,0.325358,0.303233,-0.076923,0.142857,-0.120880,0.230939,0.318544,0.300449,-0.034401,-0.136283,-0.055676,-0.036630,-0.163614,-0.085470,0.004535,0.019109,0.401316,0.003649,0.018301,0.400383,0.019640,0.401797,-2.137735,0.063,0.000,-0.000,0.006779,0,0.000
12.9957,0.232659,0.325358,0.303614,0.120880,0.362637,0.252747,0.230974,0.318579,0.300506,-0.033702,-0.135578,-0.062167,-0.046398,-0.124542,-0.075702,0.004457,0.019154,0.401337,0.003649,0.018301,0.400383,0.019666,0.401819,-2.137737,0.063,0.000,-0.000,0.006814,0,0.000
13.0061,0.232278,0.325358,0.303233,0.054947,0.010990,0.054947,0.230882,0.318509,0.300415,-0.027914,-0.136991,-0.056364,-0.021978,-0.144078,-0.056166,0.004535,0.019197,0.401290,0.003649,0.018301,0.400383,0.019725,0.401774,-2.137747,0.063,0.000,-0.000,0.006779,0,0.000
13.0159,0.232659,0.325358,0.303233,0.032967,0.142857,0.010990,0.230939,0.318543,0.300450,-0.034405,-0.136297,-0.055658,-0.021978,-0.129426,-0.070818,0.004535,0.019109,0.401316,0.003649,0.018301,0.400383,0.019640,0.401797,-2.137755,0.063,0.000,-0.000,0.006850,0,0.000
13.0262,0.232278,0.325358,0.303233,0.032967,-0.230770,-0.384617,0.230882,0.318508,0.300416,-0.027917,-0.137003,-0.056349,0.007326,-0.148962,-0.080586,0.004535,0.019197,0.401290,0.003649,0.018301,0.400383,0.019725,0.401774,-2.137763,0.063,0.000,-0.000,0.006815,0,0.000
13.0362,0.232659,0.325358,0.303233,0.120880,0.010990,-0.076923,0.230939,0.318543,0.300451,-0.034409,-0.136313,-0.055638,-0.080586,-0.168498,-0.100122,0.004535,0.019109,0.401316,0.003649,0.018301,0.400383,0.019640,0.401797,-2.137775,0.063,0.000,-0.000,0.006850,0,0.000
13.0464,0.232278,0.325358,0.303614,-0.252747,-0.120880,0.604397,0.230917,0.318542,0.300474,-0.027224,-0.136320,-0.062812,-0.095238,-0.168498,-0.070818,0.004457,0.019242,0.401311,0.003648,0.018301,0.400383,0.019752,0.401796,-2.137793,0.071,0.000,-0.000,0.006816,0,0.000
13.0569,0.232278,0.325358,0.303233,-0.120880,0.252747,-0.230770,0.230881,0.318506,0.300418,-0.027926,-0.137036,-0.056306,0.017094,-0.148962,-0.061050,0.004535,0.019197,0.401290,0.003648,0.018301,0.400383,0.019725,0.401774,-2.137807,0.087,0.000,-0.000,0.006816,0,0.000
13.0697,0.232278,0.325358,0.303614,0.032967,-0.142857,0.274727,0.231268,0.318874,0.300812,-0.018578,-0.128096,-0.054449,0.061050,-0.173382,-0.080586,0.004457,0.019242,0.401311,0.003648,0.018301,0.400472,0.019752,0.401796,-2.137826,0.111,0.000,-0.000,0.006852,0,0.028
13.0831,0.232278,0.325358,0.303233,0.098900,-0.032967,-0.142857,0.231610,0.319195,0.301117,-0.010010,-0.119975,-0.039018,-0.041514,-0.158731,-0.080586,0.004535,0.019197,0.401290,0.003648,0.018301,0.400567,0.019725,0.401774,-2.137838,0.119,0.000,-0.000,0.006484,0,0.057
13.0933,0.232659,0.325358,0.303614,0.362637,-0.098900,0.098900,0.232079,0.319622,0.301570,-0.006531,-0.109734,-0.035884,0.002442,-0.148962,-0.105006,0.004457,0.019154,0.401337,0.003648,0.018301,0.400662,0.019666,0.401819,-2.137838,0.119,0.000,-0.000,0.006163,0,0.087
13.1069,0.232278,0.324977,0.303614,0.186813,0.054947,0.010990,0.232439,0.319957,0.301934,0.010378,-0.093355,-0.026551,0.031746,-0.100122,-0.070818,0.004379,0.019196,0.401292,0.003647,0.018301,0.400776,0.019689,0.401774,-2.137865,0.142,0.000,-0.000,0.005355,0,0.123
13.1229,0.232659,0.324977,0.303233,0.186813,-0.010990,0.010990,0.232913,0.320385,0.302346,0.014311,-0.082760,-0.008643,-0.036630,-0.114774,-0.051282,0.004457,0.019063,0.401297,0.003647,0.018301,0.400890,0.019577,0.401775,-2.137868,0.142,0.000,-0.000,0.005020,0,0.158
13.1338,0.232659,0.324977,0.303614,-0.076923,-0.318680,0.318680,0.233425,0.320872,0.302860,0.026750,-0.070865,-0.003824,0.017094,-0.109890,-0.061050,0.004379,0.019109,0.401318,0.003647,0.018301,0.401010,0.019604,0.401797,-2.137873,0.150,0.000,-0.000,0.004592,0,0.196
13.1431,0.232659,0.325358,0.303233,0.076923,0.384617,-0.274727,0.233903,0.321345,0.303296,0.038492,-0.066874,0.014684,0.007326,-0.090354,-0.031746,0.004535,0.019109,0.401316,0.003647,0.018301,0.401130,0.019640,0.401797,-2.137873,0.150,0.000,-0.000,0.004487,0,0.233
13.1527,0.233041,0.325358,0.303614,0.076923,-0.032967,0.032967,0.234573,0.321962,0.303941,0.046911,-0.051925,0.022586,-0.036630,-0.080586,-0.026862,0.004458,0.019066,0.401364,0.003647,0.018301,0.401276,0.019581,0.401841,-2.137882,0.182,0.000,-0.000,0.004013,0,0.279
13.1636,0.233041,0.325358,0.303996,0.208790,-0.142857,0.208790,0.235236,0.322592,0.304600,0.063058,-0.036490,0.030970,0.031746,-0.085470,-0.012210,0.004380,0.019112,0.401384,0.003647,0.018301,0.401434,0.019607,0.401863,-2.137881,0.198,0.000,-0.000,0.003396,0,0.328
13.1730,0.233422,0.325358,0.304377,0.142857,0.208790,0.010990,0.235981,0.323280,0.305317,0.073331,-0.019765,0.040647,0.021978,-0.080586,-0.065934,0.004302,0.019069,0.401431,0.003647,0.018301,0.401599,0.019549,0.401907,-2.137879,0.206,0.000,-0.000,0.002767,0,0.379
13.1833,0.233804,0.325358,0.304377,0.296703,0.076923,-0.230770,0.236741,0.323981,0.306025,0.084141,-0.002563,0.058004,0.026862,-0.061050,-0.021978,0.004302,0.018982,0.401458,0.003647,0.018301,0.401776,0.019463,0.401929,-2.137872,0.221,0.000,-0.000,0.002177,0,0.435
13.1930,0.234185,0.325358,0.305140,0.120880,-0.252747,0.142857,0.237596,0.324776,0.306872,0.096964,0.016629,0.062981,0.002442,-0.061050,-0.036630,0.004146,0.018985,0.401526,0.003647,0.018301,0.401960,0.019432,0.401996,-2.137881,0.229,0.000,-0.000,0.002556,0,0.492
13.2034,0.234568,0.325740,0.305903,-0.054947,-0.076923,0.362637,0.238512,0.325652,0.307778,0.111089,0.029917,0.069259,-0.002442,-0.036630,-0.017094,0.004069,0.019033,0.401612,0.003647,0.018301,0.402150,0.019463,0.402084,-2.137888,0.237,0.000,-0.000,0.003029,0,0.551
13.2134,0.234949,0.325740,0.306666,-0.164837,-0.032967,0.362637,0.239392,0.326471,0.308649,0.124530,0.049703,0.074826,0.021978,-0.026862,-0.012210,0.003913,0.019036,0.401680,0.003647,0.018301,0.402340,0.019434,0.402150,-2.137894,0.237,0.000,-0.000,0.003563,0,0.611
13.2235,0.235712,0.326121,0.307048,0.054947,0.208790,0.076923,0.240379,0.327393,0.309581,0.132713,0.064166,0.089482,0.002442,-0.026862,-0.041514,0.003914,0.018951,0.401773,0.003646,0.018301,0.402542,0.019351,0.402238,-2.137897,0.253,0.000,-0.000,0.003680,0,0.674
13.2339,0.236093,0.326503,0.308192,-0.362637,0.494507,-0.098900,0.241380,0.328352,0.310591,0.148791,0.079350,0.090434,-0.012210,0.041514,-0.061050,0.003759,0.019045,0.401880,0.003647,0.018301,0.402745,0.019413,0.402349,-2.137888,0.253,0.000,-0.000,0.004286,0,0.737
13.2437,0.237238,0.326503,0.308955,0.120880,-0.032967,0.274727,0.242449,0.329312,0.311603,0.151094,0.102311,0.099180,0.031746,0.017094,-0.056166,0.003603,0.018872,0.402001,0.003647,0.018301,0.402954,0.019213,0.402459,-2.137890,0.261,0.000,-0.000,0.004142,0,0.802
13.2537,0.238001,0.326884,0.309718,0.252747,0.142857,0.054947,0.243496,0.330295,0.312615,0.160593,0.118083,0.107920,0.012210,0.012210,-0.061050,0.003526,0.018833,0.402114,0.003647,0.018301,0.403162,0.019160,0.402570,-2.137879,0.261,0.000,-0.000,0.004448,0,0.867
13.2637,0.238764,0.327266,0.311244,-0.186813,0.076923,0.736263,0.244613,0.331348,0.313740,0.171492,0.135266,0.103667,-0.002442,0.021978,-0.031746,0.003292,0.018885,0.402268,0.003647,0.018301,0.403371,0.019169,0.402724,-2.137873,0.261,0.000,-0.000,0.004732,0,0.933
13.2737,0.239908,0.327647,0.312007,0.362637,-0.076923,0.142857,0.245766,0.332412,0.314835,0.175727,0.152911,0.114305,0.002442,0.017094,-0.065934,0.003215,0.018757,0.402407,0.003647,0.018301,0.403593,0.019031,0.402857,-2.137874,0.277,0.000,-0.000,0.004704,0,1.002
13.2838,0.240671,0.328029,0.312770,0.120880,0.164837,0.054947,0.246914,0.333489,0.315944,0.187690,0.171034,0.125432,0.007326,0.026862,-0.075702,0.003137,0.018718,0.402520,0.003647,0.018301,0.403827,0.018979,0.402968,-2.137874,0.292,0.000,-0.000,0.005095,0,1.075
13.2941,0.242197,0.328791,0.314296,-0.032967,0.054947,0.230770,0.248354,0.334835,0.317343,0.190614,0.187242,0.127453,-0.012210,0.007326,-0.051282,0.002982,0.018639,0.402747,0.003647,0.018301,0.404080,0.018876,0.403189,-2.137873,0.316,0.000,-0.000,0.004717,0,1.154
13.3039,0.243723,0.329936,0.315440,0.340660,0.318680,0.142857,0.249870,0.336272,0.318792,0.195390,0.198009,0.138472,0.007326,0.012210,-0.061050,0.002984,0.018560,0.402971,0.003647,0.018301,0.404353,0.018798,0.403410,-2.137878,0.340,0.000,-0.000,0.004899,0,1.239
13.3143,0.244867,0.331080,0.316584,-0.076923,0.098900,-0.142857,0.251379,0.337723,0.320255,0.207900,0.209259,0.149968,-0.002442,0.026862,-0.065934,0.002985,0.018569,0.403170,0.003647,0.018301,0.404637,0.018807,0.403608,-2.137872,0.356,0.000,-0.000,0.005192,0,1.328
13.3242,0.246393,0.332225,0.318492,0.186813,0.120880,0.736263,0.253064,0.339326,0.321914,0.216544,0.223797,0.150360,-0.017094,-0.002442,-0.109890,0.002830,0.018581,0.403436,0.003647,0.018301,0.404935,0.018796,0.403874,-2.137875,0.372,0.000,-0.000,0.005498,0,1.421
13.3340,0.247919,0.333751,0.319255,-0.010990,0.494507,0.296703,0.254755,0.340951,0.323511,0.225634,0.231471,0.172756,-0.051282,-0.012210,-0.075702,0.002989,0.018502,0.403660,0.003647,0.018301,0.405252,0.018742,0.404095,-2.137885,0.395,0.000,-0.000,0.005576,0,1.520
13.3440,0.249445,0.335276,0.320781,0.098900,0.494507,-0.164837,0.256591,0.342719,0.325292,0.237980,0.242338,0.183917,-0.012210,-0.036630,-0.065934,0.002991,0.018515,0.403925,0.003647,0.018301,0.405587,0.018755,0.404360,-2.137880,0.419,0.000,-0.000,0.005675,0,1.624
13.3542,0.250971,0.337565,0.322688,-0.318680,0.406593,0.384617,0.258531,0.344633,0.327200,0.252431,0.240895,0.189989,-0.026862,-0.051282,-0.061050,0.003073,0.018664,0.404248,0.003647,0.018301,0.405923,0.018915,0.404691,-2.137877,0.419,0.000,-0.000,0.005620,0,1.729
13.3647,0.252878,0.339091,0.323832,-0.076923,0.186813,0.142857,0.260387,0.346400,0.328960,0.257567,0.251751,0.208357,-0.095238,-0.075702,-0.056166,0.003154,0.018542,0.404519,0.003647,0.018301,0.406258,0.018808,0.404956,-2.137874,0.419,0.000,-0.000,0.005653,0,1.834
13.3745,0.254785,0.341380,0.325740,0.054947,0.296703,0.340660,0.262408,0.348373,0.330927,0.266125,0.251589,0.215730,-0.031746,-0.090354,-0.046398,0.003236,0.018603,0.404870,0.003647,0.018301,0.406600,0.018883,0.405310,-2.137877,0.427,0.000,-0.000,0.005602,0,1.941
13.3843,0.257074,0.344050,0.327266,0.450550,0.472527,0.076923,0.264486,0.350402,0.332907,0.268179,0.244919,0.231007,-0.046398,-0.119658,-0.080586,0.003476,0.018576,0.405245,0.003647,0.018301,0.406942,0.018899,0.405686,-2.137867,0.427,0.000,-0.000,0.005334,0,2.047
13.3949,0.258600,0.345958,0.328791,0.252747,0.604397,0.384617,0.266380,0.352248,0.334746,0.281831,0.249854,0.243463,-0.031746,-0.080586,-0.036630,0.003558,0.018634,0.405530,0.003647,0.018301,0.407284,0.018971,0.405973,-2.137858,0.427,0.000,-0.000,0.005886,0,2.154
13.4047,0.260889,0.348628,0.331080,0.560440,0.230770,0.340660,0.268526,0.354348,0.336839,0.285285,0.244592,0.245717,-0.021978,-0.139194,-0.061050,0.003641,0.018699,0.405946,0.003647,0.018301,0.407625,0.019050,0.406393,-2.137845,0.427,0.000,-0.000,0.005491,0,2.261
13.4148,0.262796,0.351298,0.333369,0.208790,0.076923,0.406593,0.270616,0.356412,0.338896,0.295242,0.238619,0.247267,-0.036630,-0.139194,-0.070818,0.003724,0.018852,0.406337,0.003648,0.018301,0.407967,0.019217,0.406791,-2.137834,0.427,0.000,-0.000,0.005730,0,2.367
13.4248,0.265085,0.353969,0.335276,0.428570,0.362637,0.186813,0.272727,0.358475,0.340931,0.297985,0.232636,0.256028,-0.041514,-0.124542,-0.070818,0.003886,0.018871,0.406733,0.003648,0.018301,0.408309,0.019267,0.407189,-2.137822,0.427,0.000,-0.000,0.005531,0,2.474
13.4360,0.267374,0.356257,0.337565,-0.032967,0.120880,0.296703,0.274837,0.360518,0.342987,0.300725,0.233883,0.257551,-0.041514,-0.119658,-0.090354,0.003891,0.018889,0.407131,0.003648,0.018301,0.408651,0.019286,0.407588,-2.137794,0.427,0.000,-0.000,0.005353,0,2.581
13.4450,0.269281,0.358546,0.339091,0.318680,0.340660,0.494507,0.276821,0.362454,0.344896,0.308558,0.232991,0.271407,-0.041514,-0.100122,-0.065934,0.004053,0.018905,0.407461,0.003649,0.018301,0.408993,0.019335,0.407920,-2.137783,0.427,0.000,-0.000,0.005556,0,2.688
13.4550,0.271570,0.360836,0.341380,-0.054947,0.626373,0.560440,0.278931,0.364496,0.346952,0.311287,0.234202,0.272942,-0.031746,-0.075702,-0.026862,0.004057,0.018924,0.407859,0.003649,0.018301,0.409335,0.019354,0.408318,-2.137771,0.427,0.000,-0.000,0.005251,0,2.794
13.4657,0.274240,0.363125,0.343669,0.516483,0.692307,0.274727,0.281097,0.366573,0.349042,0.307497,0.236131,0.275179,0.012210,-0.036630,-0.046398,0.004062,0.018853,0.408284,0.003649,0.018301,0.409677,0.019285,0.408739,-2.137762,0.427,0.000,-0.000,0.004691,0,2.901
13.4755,0.276148,0.364651,0.345576,0.054947,0.054947,0.120880,0.283045,0.368432,0.350937,0.314608,0.248966,0.281108,-0.021978,-0.041514,-0.026862,0.003985,0.018822,0.408597,0.003649,0.018301,0.410018,0.019239,0.409049,-2.137764,0.427,0.000,-0.000,0.004949,0,3.008
13.4855,0.278437,0.366558,0.347484,0.274727,0.516483,0.648350,0.285083,0.370382,0.352901,0.315907,0.255992,0.288442,-0.031746,-0.056166,-0.007326,0.003989,0.018747,0.408955,0.003649,0.018301,0.410360,0.019167,0.409404,-2.137758,0.427,0.000,-0.000,0.004608,0,3.114
13.4955,0.280725,0.368847,0.349391,0.142857,0.186813,0.318680,0.287157,0.372388,0.354900,0.317908,0.256497,0.296486,-0.061050,-0.061050,-0.021978,0.004072,0.018719,0.409333,0.003649,0.018301,0.410702,0.019157,0.409781,-2.137751,0.427,0.000,-0.000,0.004358,0,3.221
13.5056,0.283396,0.370754,0.351680,0.142857,0.142857,0.362637,0.289286,0.374408,0.356956,0.313386,0.264931,0.298013,-0.124542,-0.036630,-0.012210,0.003997,0.018601,0.409739,0.003649,0.018301,0.411044,0.019026,0.410180,-2.137753,0.427,0.000,-0.000,0.003761,0,3.328
13.5158,0.285684,0.372280,0.353587,0.824177,0.054947,0.362637,0.291288,0.376302,0.358884,0.313960,0.278472,0.304636,-0.061050,-0.026862,-0.021978,0.003920,0.018480,0.410078,0.003649,0.018301,0.411386,0.018891,0.410513,-2.137753,0.427,0.000,-0.000,0.003601,0,3.435
13.5259,0.287973,0.374569,0.355876,0.362637,0.450550,0.186813,0.293396,0.378343,0.360940,0.316652,0.279677,0.306158,-0.051282,-0.036630,-0.012210,0.003924,0.018498,0.410476,0.003649,0.018301,0.411728,0.018910,0.410912,-2.137752,0.427,0.000,-0.000,0.003315,0,3.541
13.5359,0.290262,0.376858,0.358165,0.120880,0.362637,0.626373,0.295503,0.380383,0.362995,0.319339,0.280876,0.307680,-0.026862,-0.012210,-0.046398,0.003928,0.018516,0.410875,0.003649,0.018301,0.412069,0.018928,0.411311,-2.137755,0.427,0.000,-0.000,0.003134,0,3.648
13.5460,0.292932,0.379146,0.360073,0.428570,0.164837,0.384617,0.297631,0.382423,0.365029,0.314795,0.282070,0.316416,-0.007326,-0.070818,0.012210,0.004012,0.018397,0.411279,0.003649,0.018301,0.412411,0.018830,0.411710,-2.137758,0.427,0.000,-0.000,0.002922,0,3.755
13.5560,0.295603,0.381817,0.362743,0.494507,0.208790,0.780220,0.299863,0.384590,0.367210,0.312367,0.278156,0.312830,-0.041514,-0.056166,0.002442,0.004017,0.018418,0.411745,0.003649,0.018301,0.412753,0.018851,0.412176,-2.137762,0.427,0.000,-0.000,0.002286,0,3.861
13.5664,0.297511,0.383724,0.364269,0.032967,-0.032967,0.120880,0.301809,0.386469,0.369083,0.319423,0.283747,0.325972,-0.036630,-0.031746,0.017094,0.004100,0.018386,0.412056,0.003649,0.018301,0.413095,0.018838,0.412486,-2.137758,0.427,0.000,-0.000,0.002941,0,3.968
13.5762,0.300181,0.386394,0.366939,0.274727,0.230770,0.978024,0.304041,0.388636,0.371264,0.316989,0.279834,0.322370,-0.021978,-0.046398,0.007326,0.004105,0.018407,0.412521,0.003649,0.018301,0.413437,0.018859,0.412952,-2.137751,0.427,0.000,-0.000,0.002144,0,4.075
13.5864,0.302470,0.389065,0.368847,0.362637,0.186813,0.230770,0.306147,0.390696,0.373297,0.319659,0.273786,0.331107,0.012210,-0.007326,0.002442,0.004270,0.018424,0.412918,0.003649,0.018301,0.413779,0.018913,0.413351,-2.137738,0.427,0.000,-0.000,0.002417,0,4.182
13.5965,0.304377,0.391353,0.370754,-0.098900,0.230770,0.560440,0.308162,0.392666,0.375262,0.328139,0.273542,0.338436,-0.026862,-0.070818,-0.002442,0.004355,0.018486,0.413270,0.003649,0.018301,0.414120,0.018992,0.413706,-2.137742,0.427,0.000,-0.000,0.002543,0,4.288
13.6066,0.307048,0.394024,0.373043,0.230770,0.230770,0.230770,0.310358,0.394797,0.377386,0.324983,0.268903,0.341357,-0.026862,-0.070818,-0.041514,0.004441,0.018460,0.413714,0.003649,0.018300,0.414462,0.018986,0.414150,-2.137735,0.427,0.000,-0.000,0.002219,0,4.395
13.6169,0.309718,0.397076,0.375713,0.230770,0.604397,-0.032967,0.312624,0.397019,0.379601,0.323246,0.258453,0.338444,-0.026862,-0.231990,-0.041514,0.004527,0.018527,0.414199,0.003650,0.018300,0.414804,0.019072,0.414638,-2.137711,0.427,0.000,-0.000,0.002279,0,4.502
13.6267,0.312007,0.399364,0.378002,0.318680,0.648350,0.560440,0.314729,0.399060,0.381655,0.325901,0.259632,0.339933,-0.041514,-0.036630,-0.002442,0.004532,0.018545,0.414598,0.003650,0.018300,0.415146,0.019090,0.415037,-2.137700,0.427,0.000,-0.000,0.002345,0,4.608
13.6367,0.314677,0.402035,0.380672,0.296703,0.186813,0.406593,0.316960,0.401226,0.383835,0.323444,0.255704,0.336304,-0.051282,-0.065934,-0.031746,0.004537,0.018565,0.415063,0.003650,0.018300,0.415488,0.019112,0.415503,-2.137682,0.427,0.000,-0.000,0.002975,0,4.715
13.6469,0.316584,0.405086,0.382961,-0.098900,0.472527,0.076923,0.319080,0.403343,0.385924,0.334048,0.243091,0.338506,-0.002442,-0.075702,-0.007326,0.004704,0.018768,0.415473,0.003651,0.018300,0.415830,0.019349,0.415924,-2.137673,0.427,0.000,-0.000,0.003860,0,4.822
13.6570,0.319255,0.406994,0.386013,-0.142857,0.164837,0.428570,0.321275,0.405434,0.388089,0.330875,0.252945,0.326906,-0.012210,-0.017094,-0.041514,0.004466,0.018741,0.415922,0.003651,0.018300,0.416171,0.019266,0.416368,-2.137656,0.427,0.000,-0.000,0.003651,0,4.929
13.6673,0.321925,0.409283,0.389065,0.076923,0.362637,0.802197,0.323505,0.407581,0.390288,0.328408,0.256262,0.316013,0.002442,-0.012210,-0.036630,0.004309,0.018761,0.416389,0.003651,0.018300,0.416513,0.019250,0.416834,-2.137639,0.427,0.000,-0.000,0.003849,0,5.035
13.6771,0.324214,0.410427,0.390972,0.428570,0.164837,0.626373,0.325470,0.409420,0.392180,0.328196,0.276340,0.321875,-0.017094,0.007326,-0.061050,0.004149,0.018590,0.416710,0.003651,0.018300,0.416855,0.019048,0.417145,-2.137625,0.427,0.000,-0.000,0.002846,0,5.142
13.6875,0.326503,0.411953,0.393642,0.274727,0.362637,0.010990,0.327539,0.411385,0.394218,0.330116,0.291310,0.315373,0.012210,0.051282,-0.061050,0.003909,0.018560,0.417091,0.003652,0.018300,0.417197,0.018967,0.417523,-2.137614,0.427,0.000,-0.000,0.002533,0,5.249
13.6975,0.328791,0.413097,0.396313,0.296703,0.516483,0.670330,0.329573,0.413296,0.396220,0.331321,0.312829,0.308144,0.007326,0.124542,-0.056166,0.003586,0.018483,0.417454,0.003652,0.018300,0.417539,0.018827,0.417878,-2.137598,0.427,0.000,-0.000,0.002095,0,5.355
13.7076,0.331080,0.413860,0.398601,0.054947,0.274727,0.252747,0.331536,0.415115,0.398131,0.331093,0.340182,0.306734,-0.036630,0.109890,-0.080586,0.003262,0.018311,0.417776,0.003652,0.018300,0.417881,0.018599,0.418189,-2.137580,0.427,0.000,-0.000,0.002381,0,5.462
13.7174,0.333369,0.415005,0.400890,0.054947,0.164837,-0.120880,0.333535,0.416991,0.400078,0.331572,0.360995,0.306037,-0.031746,0.134310,-0.051282,0.003020,0.018186,0.418117,0.003653,0.018300,0.418222,0.018435,0.418523,-2.137564,0.427,0.000,-0.000,0.002759,0,5.569
13.7278,0.336421,0.416530,0.403561,0.560440,0.362637,0.230770,0.335714,0.419027,0.402186,0.320390,0.377409,0.300943,-0.002442,0.168498,-0.021978,0.002778,0.017972,0.418550,0.003653,0.018300,0.418564,0.018185,0.418945,-2.137554,0.427,0.000,-0.000,0.003482,0,5.676
13.7377,0.338710,0.417293,0.405849,0.604397,0.186813,0.450550,0.337677,0.420848,0.404098,0.320141,0.404774,0.299528,-0.065934,0.192918,-0.051282,0.002453,0.017799,0.418871,0.003653,0.018300,0.418906,0.017967,0.419257,-2.137546,0.427,0.000,-0.000,0.003663,0,5.782
13.7476,0.340999,0.418819,0.408138,0.186813,0.120880,-0.252747,0.339711,0.422778,0.406081,0.321314,0.419038,0.299557,-0.036630,0.105006,-0.051282,0.002291,0.017721,0.419231,0.003653,0.018300,0.419248,0.017868,0.419612,-2.137553,0.427,0.000,-0.000,0.004040,0,5.889
13.7581,0.343287,0.420345,0.410427,0.142857,-0.142857,0.032967,0.341744,0.424709,0.408064,0.322484,0.433309,0.299576,-0.046398,0.188034,-0.017094,0.002129,0.017643,0.419591,0.003653,0.018300,0.419590,0.017771,0.419967,-2.137553,0.427,0.000,-0.000,0.004346,0,5.996
13.7680,0.345958,0.422635,0.413097,0.538460,0.362637,0.560440,0.343938,0.426821,0.410209,0.319254,0.435896,0.295205,-0.026862,0.061050,-0.051282,0.002050,0.017614,0.420037,0.003653,0.018300,0.419932,0.017733,0.420411,-2.137560,0.427,0.000,-0.000,0.005033,0,6.102
13.7778,0.348246,0.425305,0.415386,0.186813,0.450550,-0.032967,0.346076,0.428917,0.412301,0.322563,0.430502,0.297395,-0.031746,0.046398,-0.061050,0.002134,0.017678,0.420456,0.003652,0.018300,0.420273,0.017806,0.420833,-2.137581,0.427,0.000,-0.000,0.005177,0,6.209
13.7876,0.350154,0.426831,0.417293,-0.428570,0.098900,0.406593,0.348019,0.430777,0.414195,0.329550,0.443325,0.303260,-0.031746,0.124542,-0.026862,0.002053,0.017644,0.420769,0.003652,0.018300,0.420615,0.017763,0.421143,-2.137603,0.427,0.000,-0.000,0.004993,0,6.316
13.7982,0.353206,0.429120,0.419582,0.428570,0.208790,0.406593,0.350232,0.432889,0.416320,0.319038,0.445921,0.306155,0.002442,0.075702,-0.041514,0.002056,0.017476,0.421220,0.003652,0.018300,0.420957,0.017596,0.421588,-2.137616,0.427,0.000,-0.000,0.005388,0,6.423
13.8079,0.355876,0.432172,0.421872,0.318680,0.604397,0.252747,0.352462,0.435076,0.418482,0.316510,0.434695,0.309750,-0.021978,0.075702,-0.026862,0.002222,0.017494,0.421685,0.003651,0.018300,0.421299,0.017635,0.422054,-2.137623,0.427,0.000,-0.000,0.005643,0,6.529
13.8181,0.358165,0.434461,0.424161,0.296703,0.098900,0.098900,0.354565,0.437118,0.420537,0.319093,0.435859,0.311200,-0.041514,0.046398,0.007326,0.002224,0.017510,0.422084,0.003651,0.018300,0.421641,0.017651,0.422453,-2.137627,0.427,0.000,-0.000,0.005703,0,6.636
13.8282,0.360454,0.437131,0.426068,0.736263,0.516483,0.186813,0.356669,0.439180,0.422573,0.321660,0.429750,0.319920,0.007326,0.041514,-0.017094,0.002392,0.017526,0.422482,0.003652,0.018300,0.421983,0.017689,0.422852,-2.137622,0.427,0.000,-0.000,0.005889,0,6.743
13.8382,0.363125,0.440564,0.428738,0.846153,0.912086,0.428570,0.358969,0.441460,0.424825,0.320567,0.412697,0.317666,-0.021978,0.021978,-0.012210,0.002560,0.017640,0.422986,0.003652,0.018300,0.422324,0.017825,0.423362,-2.137594,0.427,0.000,-0.000,0.006456,0,6.849
13.8484,0.365795,0.443234,0.431027,0.824177,0.098900,0.054947,0.361163,0.443595,0.426950,0.317315,0.408040,0.320521,-0.026862,-0.021978,-0.036630,0.002645,0.017611,0.423431,0.003653,0.018300,0.422666,0.017809,0.423805,-2.137559,0.427,0.000,-0.000,0.006826,0,6.956
13.8586,0.367321,0.445905,0.432935,0.164837,0.384617,0.230770,0.363157,0.445588,0.428914,0.333013,0.400504,0.327767,0.007326,-0.051282,-0.051282,0.002813,0.017813,0.423776,0.003653,0.018300,0.423008,0.018034,0.424159,-2.137515,0.427,0.000,-0.000,0.006157,0,7.063
13.8686,0.369991,0.449338,0.435223,0.494507,0.582417,0.230770,0.365473,0.447881,0.431159,0.332432,0.383902,0.333247,-0.021978,-0.061050,-0.031746,0.003065,0.017880,0.424259,0.003654,0.018300,0.423363,0.018141,0.424647,-2.137469,0.443,0.000,-0.000,0.006834,0,7.174
13.8786,0.372661,0.452771,0.437894,0.428570,0.252747,-0.120880,0.367824,0.450210,0.433459,0.332572,0.368018,0.332166,-0.080586,-0.085470,-0.046398,0.003235,0.017995,0.424763,0.003655,0.018299,0.423717,0.018283,0.425156,-2.137420,0.443,0.000,-0.000,0.007189,0,7.284
13.8887,0.374569,0.456204,0.439801,0.164837,0.494507,0.142857,0.370019,0.452420,0.435603,0.345004,0.349823,0.343370,-0.046398,-0.124542,-0.041514,0.003571,0.018200,0.425172,0.003656,0.018299,0.424078,0.018547,0.425576,-2.137378,0.451,0.000,-0.000,0.006745,0,7.397
13.8992,0.378002,0.460400,0.442853,0.406593,0.428570,0.076923,0.372661,0.455038,0.438174,0.336030,0.324718,0.340413,-0.026862,-0.105006,-0.021978,0.003826,0.018273,0.425787,0.003657,0.018299,0.424451,0.018669,0.426196,-2.137342,0.466,0.000,-0.000,0.007983,0,7.513
13.9090,0.379528,0.462689,0.444760,-0.318680,0.274727,-0.032967,0.374745,0.457094,0.440226,0.354087,0.326637,0.349957,0.036630,-0.002442,0.041514,0.003912,0.018428,0.426111,0.003657,0.018299,0.424825,0.018839,0.426528,-2.137342,0.466,0.000,-0.000,0.007652,0,7.630
13.9190,0.382198,0.464597,0.446668,0.340660,0.318680,0.164837,0.376984,0.459226,0.442372,0.352342,0.337879,0.361537,0.051282,0.017094,0.036630,0.003915,0.018255,0.426496,0.003657,0.018299,0.425205,0.018670,0.426905,-2.137340,0.474,0.000,-0.000,0.007502,0,7.749
13.9291,0.384487,0.466885,0.448956,0.142857,0.362637,0.560440,0.379263,0.461436,0.444600,0.359214,0.343116,0.367182,0.026862,0.046398,0.051282,0.003919,0.018272,0.426895,0.003656,0.018299,0.425591,0.018687,0.427303,-2.137377,0.482,0.000,-0.000,0.007659,0,7.869
13.9396,0.386394,0.468411,0.450482,0.428570,0.054947,0.252747,0.381346,0.463429,0.446612,0.369753,0.359318,0.383798,0.031746,0.070818,0.061050,0.003922,0.018189,0.427186,0.003655,0.018299,0.425977,0.018607,0.427592,-2.137422,0.482,0.000,-0.000,0.007131,0,7.990
13.9495,0.388683,0.470319,0.452390,0.142857,0.098900,0.340660,0.383554,0.465548,0.448750,0.375166,0.370385,0.395308,0.021978,0.100122,0.119658,0.003925,0.018109,0.427545,0.003654,0.018300,0.426363,0.018529,0.427946,-2.137483,0.482,0.000,-0.000,0.007337,0,8.110
13.9597,0.390591,0.471845,0.454678,-0.164837,0.054947,0.164837,0.385707,0.467612,0.450874,0.387141,0.388012,0.398820,0.046398,0.144078,0.061050,0.003761,0.018122,0.427878,0.003652,0.018300,0.426749,0.018508,0.428278,-2.137571,0.482,0.000,-0.000,0.007036,0,8.231
13.9699,0.392498,0.473370,0.456586,0.318680,0.318680,0.582417,0.387825,0.469642,0.452942,0.398394,0.404936,0.408877,0.070818,0.178267,0.100122,0.003680,0.018087,0.428190,0.003651,0.018300,0.427135,0.018457,0.428588,-2.137630,0.482,0.000,-0.000,0.006791,0,8.351
13.9799,0.394787,0.474133,0.458112,0.208790,-0.252747,0.098900,0.389942,0.471609,0.454966,0.402124,0.436193,0.425971,0.051282,0.217339,0.134310,0.003514,0.017813,0.428470,0.003650,0.018300,0.427534,0.018156,0.428855,-2.137692,0.498,0.000,-0.000,0.006961,0,8.476
13.9900,0.397076,0.474896,0.460400,0.010990,0.098900,0.274727,0.392155,0.473673,0.457124,0.407922,0.469526,0.430480,0.070818,0.231990,0.168498,0.003182,0.017635,0.428791,0.003650,0.018300,0.427939,0.017920,0.429165,-2.137721,0.506,0.000,-0.000,0.007134,0,8.602
13.9999,0.399746,0.475659,0.462689,0.230770,0.186813,0.208790,0.394423,0.475775,0.459316,0.407144,0.503615,0.435690,0.070818,0.271062,0.051282,0.002849,0.017363,0.429138,0.003650,0.018300,0.428344,0.017595,0.429498,-2.137725,0.506,0.000,-0.000,0.007591,0,8.729
14.0099,0.402035,0.476422,0.464597,0.274727,-0.076923,0.120880,0.396600,0.477806,0.461417,0.412208,0.536271,0.446733,0.056166,0.349206,0.070818,0.002599,0.017136,0.429437,0.003650,0.018300,0.428749,0.017332,0.429787,-2.137713,0.506,0.000,-0.000,0.007612,0,8.855
14.0202,0.404323,0.477567,0.466504,0.428570,0.054947,0.494507,0.398864,0.479940,0.463601,0.419229,0.563550,0.459675,0.065934,0.310134,0.100122,0.002433,0.016958,0.429755,0.003650,0.018300,0.429167,0.017131,0.430097,-2.137679,0.522,0.000,-0.000,0.007723,0,8.986
14.0300,0.406994,0.478711,0.468030,0.340660,-0.098900,-0.098900,0.401147,0.482075,0.465767,0.418935,0.590828,0.479936,0.046398,0.334555,0.324786,0.002350,0.016636,0.430079,0.003651,0.018300,0.429585,0.016801,0.430407,-2.137655,0.522,0.000,-0.000,0.008130,0,9.116
14.0404,0.409664,0.480237,0.469937,0.010990,0.142857,-0.032967,0.403526,0.484324,0.468048,0.420706,0.612856,0.494938,0.021978,0.349206,0.295483,0.002268,0.016411,0.430443,0.003651,0.018300,0.430009,0.016567,0.430762,-2.137625,0.530,0.000,-0.000,0.008517,0,9.249
14.0500,0.411953,0.481381,0.471463,0.208790,-0.054947,0.340660,0.405779,0.486448,0.470204,0.427590,0.640007,0.515074,0.007326,0.358974,0.144078,0.002185,0.016183,0.430740,0.003652,0.018300,0.430433,0.016330,0.431050,-2.137605,0.530,0.000,-0.000,0.008427,0,9.381
14.0608,0.415386,0.483289,0.472226,0.736263,0.054947,0.098900,0.408196,0.488715,0.472431,0.414710,0.654692,0.552071,0.036630,0.466422,0.388278,0.002438,0.015672,0.431113,0.003652,0.018300,0.430857,0.015860,0.431405,-2.137622,0.530,0.000,-0.000,0.009607,0,9.513
14.0709,0.417675,0.484815,0.473752,0.098900,0.120880,0.296703,0.410510,0.490917,0.474648,0.422918,0.675821,0.573573,0.041514,0.349206,0.373627,0.002440,0.015491,0.431430,0.003651,0.018300,0.431287,0.015682,0.431715,-2.137629,0.538,0.000,-0.000,0.009478,0,9.648
14.0807,0.421108,0.486723,0.474896,0.318680,0.098900,0.428570,0.412988,0.493245,0.476956,0.411359,0.691834,0.604602,0.007326,0.407814,0.510379,0.002610,0.015027,0.431822,0.003651,0.018300,0.431718,0.015252,0.432092,-2.137649,0.538,0.000,-0.000,0.010598,0,9.782
14.0907,0.423398,0.487867,0.475659,0.252747,0.032967,-0.010990,0.415195,0.495320,0.479029,0.417333,0.718105,0.638565,-0.021978,0.422466,0.339438,0.002695,0.014700,0.432077,0.003651,0.018300,0.432148,0.014945,0.432336,-2.137664,0.538,0.000,-0.000,0.010410,0,9.917
14.1010,0.426068,0.489393,0.476804,0.098900,-0.186813,0.450550,0.417578,0.497569,0.481278,0.419419,0.740420,0.668620,-0.041514,0.446886,0.573871,0.002781,0.014375,0.432398,0.003650,0.018300,0.432591,0.014642,0.432646,-2.137700,0.553,0.000,-0.000,0.010873,0,10.055
14.1106,0.429501,0.490919,0.478330,0.384617,-0.032967,0.472527,0.420106,0.499927,0.483654,0.409047,0.764943,0.693561,-0.007326,0.500610,0.349206,0.002783,0.013908,0.432790,0.003649,0.018301,0.433034,0.014183,0.433022,-2.137738,0.553,0.000,-0.000,0.011924,0,10.193
14.1209,0.431409,0.492445,0.479092,0.296703,0.098900,0.230770,0.422343,0.502070,0.485779,0.423556,0.785063,0.728760,0.036630,0.471307,0.593407,0.002953,0.013724,0.433038,0.003649,0.018301,0.433478,0.014038,0.433265,-2.137777,0.553,0.000,-0.000,0.011303,0,10.332
14.1312,0.434461,0.494352,0.480237,0.318680,0.208790,-0.120880,0.424841,0.504434,0.488128,0.420360,0.802089,0.760949,0.075702,0.520146,0.266178,0.003123,0.013351,0.433402,0.003647,0.018301,0.433927,0.013711,0.433619,-2.137860,0.561,0.000,-0.000,0.012118,0,10.472
14.1410,0.437131,0.495878,0.481763,0.274727,-0.076923,-0.208790,0.427285,0.506745,0.490459,0.423749,0.825738,0.785057,0.036630,0.393163,0.617826,0.003125,0.013072,0.433743,0.003646,0.018301,0.434376,0.013440,0.433951,-2.137915,0.561,0.000,-0.000,0.012290,0,10.612
14.1513,0.440183,0.497404,0.483289,0.208790,0.318680,0.252747,0.429784,0.509094,0.492826,0.420538,0.850144,0.809887,0.031746,0.564102,0.822955,0.003127,0.012697,0.434108,0.003645,0.018301,0.434826,0.013077,0.434305,-2.137950,0.561,0.000,-0.000,0.012898,0,10.752
14.1615,0.442471,0.498548,0.484052,0.252747,0.164837,0.076923,0.432115,0.511291,0.495023,0.429529,0.879394,0.846889,0.056166,0.715507,1.067155,0.003213,0.012368,0.434360,0.003645,0.018301,0.435288,0.012778,0.434548,-2.137974,0.577,0.000,-0.000,0.012688,0,10.897
14.1714,0.445523,0.500074,0.485960,0.648350,0.098900,0.472527,0.434726,0.513750,0.497517,0.428886,0.906354,0.866875,0.041514,0.632479,0.388278,0.003130,0.012040,0.434745,0.003645,0.018301,0.435756,0.012441,0.434923,-2.137971,0.585,0.000,-0.000,0.013408,0,11.043
14.1813,0.447812,0.501600,0.487104,0.252747,0.230770,-0.450550,0.437155,0.516065,0.499830,0.439951,0.930362,0.898609,0.061050,0.676435,0.446886,0.003216,0.011807,0.435038,0.003645,0.018301,0.436225,0.012237,0.435210,-2.137971,0.585,0.000,-0.000,0.013086,0,11.189
14.1914,0.450482,0.502745,0.488630,0.406593,-0.208790,0.384617,0.439638,0.518398,0.502198,0.444405,0.962447,0.923759,0.056166,0.774115,1.311356,0.003133,0.011477,0.435357,0.003645,0.018301,0.436693,0.011897,0.435520,-2.137988,0.585,0.000,-0.000,0.013328,0,11.335
14.2017,0.452390,0.503889,0.489775,-0.120880,0.098900,0.208790,0.442002,0.520646,0.504464,0.461928,0.992912,0.954632,0.070818,0.700854,1.169719,0.003135,0.011290,0.435605,0.003645,0.018301,0.437168,0.011717,0.435762,-2.138004,0.593,0.000,-0.000,0.014509,0,11.484
14.2116,0.455441,0.505415,0.491682,0.516483,0.010990,0.890110,0.444688,0.523179,0.507033,0.463085,1.021663,0.976464,0.075702,0.671551,0.568987,0.003052,0.010961,0.435989,0.003644,0.018302,0.437655,0.011378,0.436137,-2.138024,0.609,0.000,-0.000,0.015231,0,11.636
14.2217,0.458112,0.506941,0.493208,0.208790,0.252747,0.010990,0.447283,0.525639,0.509513,0.470088,1.048927,1.004182,0.080586,0.808303,0.114774,0.003054,0.010678,0.436327,0.003643,0.018302,0.438142,0.011106,0.436468,-2.138064,0.609,0.000,-0.000,0.016238,0,11.788
14.2318,0.461163,0.508085,0.493589,0.604397,0.318680,-0.824177,0.449813,0.527995,0.511853,0.468121,1.081903,1.052321,0.075702,0.920635,0.720390,0.003224,0.010104,0.436604,0.003643,0.018302,0.438636,0.010606,0.436733,-2.138100,0.617,0.000,-0.000,0.017554,0,11.942
14.2418,0.463452,0.509230,0.495497,0.274727,-0.010990,-0.318680,0.452429,0.530473,0.514390,0.483546,1.117552,1.073775,0.095238,0.676435,0.178267,0.003056,0.009917,0.436918,0.003642,0.018302,0.439143,0.010377,0.437042,-2.138168,0.632,0.000,-0.000,0.018766,0,12.100
14.2519,0.466123,0.510755,0.495878,0.032967,0.274727,-0.142857,0.454990,0.532895,0.516782,0.490121,1.144334,1.123182,0.100122,0.842491,1.379731,0.003312,0.009486,0.437191,0.003640,0.018302,0.439649,0.010048,0.437306,-2.138260,0.632,0.000,-0.000,0.019718,0,12.258
14.2620,0.469556,0.511518,0.497785,0.714287,0.054947,0.560440,0.457759,0.535452,0.519418,0.485558,1.189413,1.146756,0.061050,0.974359,0.793651,0.003059,0.008959,0.437557,0.003638,0.018303,0.440162,0.009467,0.437659,-2.138363,0.640,0.000,-0.000,0.021377,0,12.418
14.2719,0.472607,0.512663,0.498548,0.714287,0.054947,-0.626373,0.460400,0.537917,0.521889,0.486097,1.224913,1.190165,0.070818,0.910867,0.671551,0.003145,0.008430,0.437853,0.003636,0.018303,0.440674,0.008998,0.437946,-2.138453,0.640,0.000,-0.000,0.022789,0,12.578
14.2821,0.475278,0.513807,0.500074,0.142857,-0.054947,0.758244,0.463060,0.540421,0.524436,0.494725,1.261168,1.219623,0.070818,0.984127,1.663004,0.003061,0.008095,0.438168,0.003634,0.018303,0.441187,0.008655,0.438254,-2.138554,0.640,0.000,-0.000,0.024110,0,12.739
14.2919,0.477567,0.514570,0.500837,-0.054947,0.428570,-0.340660,0.465555,0.542759,0.526800,0.507718,1.301799,1.260822,0.090354,1.057387,1.882784,0.003062,0.007710,0.438396,0.003632,0.018304,0.441700,0.008296,0.438474,-2.138661,0.640,0.000,-0.000,0.025851,0,12.899
14.3023,0.481000,0.515333,0.503507,-0.010990,-0.186813,1.329670,0.468398,0.545395,0.529547,0.504590,1.348471,1.271155,0.041514,1.140415,1.394383,0.002639,0.007277,0.438802,0.003631,0.018304,0.442212,0.007741,0.438870,-2.138734,0.640,0.000,-0.000,0.027426,0,13.059
14.3123,0.484052,0.516477,0.505796,0.230770,0.032967,1.175823,0.471186,0.548014,0.532238,0.508068,1.387083,1.288056,0.026862,1.252748,0.158731,0.002385,0.006941,0.439183,0.003631,0.018304,0.442725,0.007340,0.439244,-2.138752,0.640,0.000,-0.000,0.028917,0,13.219
14.3226,0.487104,0.517240,0.506178,0.406593,-0.076923,1.087914,0.473757,0.550395,0.534616,0.507031,1.428578,1.337283,-0.002442,1.277167,1.413919,0.002470,0.006311,0.439434,0.003631,0.018304,0.443238,0.006777,0.439486,-2.138736,0.640,0.000,-0.000,0.030774,0,13.379
14.3324,0.490156,0.518385,0.507704,0.626373,0.120880,0.164837,0.476473,0.552944,0.537197,0.508994,1.465739,1.367403,0.041514,1.203907,0.168498,0.002386,0.005875,0.439770,0.003632,0.018304,0.443750,0.006341,0.439816,-2.138704,0.640,0.000,-0.000,0.032011,0,13.539
14.3426,0.492826,0.519148,0.507704,0.384617,0.098900,-1.000000,0.478952,0.555253,0.539484,0.513810,1.505754,1.422512,0.183150,1.326007,1.179487,0.002557,0.005291,0.439975,0.003632,0.018304,0.444263,0.005877,0.440014,-2.138671,0.640,0.000,-0.000,0.033796,0,13.699
14.3530,0.494352,0.519529,0.509611,-0.142857,0.208790,-0.450550,0.481413,0.557586,0.541899,0.541502,1.553976,1.441465,0.188034,1.340659,0.466422,0.002217,0.005195,0.440197,0.003634,0.018304,0.444776,0.005649,0.440233,-2.138593,0.640,0.000,-0.000,0.035724,0,13.859
14.3630,0.497023,0.520674,0.509992,0.098900,0.252747,0.076923,0.483967,0.559989,0.544279,0.547805,1.588153,1.490714,0.256411,1.472528,2.195360,0.002388,0.004709,0.440443,0.003635,0.018303,0.445288,0.005280,0.440475,-2.138545,0.640,0.000,-0.000,0.036912,0,14.019
14.3728,0.499311,0.521818,0.512663,0.384617,0.560440,0.604397,0.486685,0.562580,0.546953,0.565233,1.626155,1.499455,0.148962,1.457875,0.490843,0.002048,0.004614,0.440797,0.003636,0.018303,0.445801,0.005048,0.440826,-2.138487,0.640,0.000,-0.000,0.038171,0,14.179
14.3828,0.501982,0.522581,0.513044,0.472527,0.120880,-0.868134,0.489201,0.564929,0.549298,0.570742,1.666957,1.547978,0.378510,1.413919,0.984127,0.002134,0.004077,0.441021,0.003636,0.018303,0.446314,0.004601,0.441045,-2.138465,0.640,0.000,-0.000,0.039999,0,14.339
14.3927,0.504270,0.523725,0.514570,0.186813,0.186813,0.538460,0.491809,0.567408,0.551811,0.585882,1.702666,1.576653,0.251526,1.428572,2.415141,0.002050,0.003834,0.441309,0.003636,0.018303,0.446826,0.004347,0.441330,-2.138456,0.640,0.000,-0.000,0.041203,0,14.499
14.4030,0.505796,0.524870,0.515333,-0.208790,0.230770,-0.340660,0.494235,0.569740,0.554139,0.612773,1.735357,1.617056,0.354091,1.404151,2.571429,0.002136,0.003688,0.441506,0.003637,0.018303,0.447339,0.004262,0.441527,-2.138421,0.640,0.000,-0.000,0.042538,0,14.659
14.4128,0.508085,0.525633,0.518003,0.340660,0.032967,1.241756,0.496918,0.572278,0.556779,0.629423,1.780025,1.625063,0.490843,1.526252,1.203907,0.001710,0.003543,0.441838,0.003637,0.018303,0.447852,0.003934,0.441855,-2.138397,0.640,0.000,-0.000,0.044107,0,14.819
14.4230,0.509992,0.526777,0.519148,-0.054947,0.120880,-0.428570,0.499435,0.574684,0.559203,0.650410,1.814214,1.659641,0.485958,1.570208,0.329670,0.001710,0.003348,0.442080,0.003637,0.018303,0.448364,0.003759,0.442096,-2.138423,0.640,0.000,-0.000,0.045501,0,14.979
14.4333,0.511900,0.527922,0.520674,-0.120880,0.406593,0.956043,0.501989,0.577128,0.561683,0.672153,1.849172,1.687607,0.310134,1.565324,0.310134,0.001625,0.003202,0.442344,0.003636,0.018303,0.448877,0.003591,0.442359,-2.138458,0.640,0.000,-0.000,0.046762,0,15.140
14.4434,0.514189,0.528684,0.520292,0.384617,0.274727,-1.351650,0.504377,0.579366,0.563886,0.682696,1.887696,1.748738,0.481074,1.658119,1.702076,0.001882,0.002662,0.442500,0.003636,0.018303,0.449390,0.003260,0.442512,-2.138482,0.640,0.000,-0.000,0.048443,0,15.300
14.4533,0.516096,0.529447,0.522200,0.076923,-0.142857,1.219780,0.506932,0.581794,0.566384,0.704427,1.930097,1.769300,0.310134,1.726496,2.336997,0.001626,0.002515,0.442764,0.003635,0.018303,0.449902,0.002995,0.442774,-2.138497,0.640,0.000,-0.000,0.049918,0,15.460
14.4635,0.517622,0.530210,0.524488,0.384617,-0.274727,0.032967,0.509470,0.584224,0.568900,0.733550,1.972518,1.782442,0.608059,1.809524,0.236875,0.001285,0.002516,0.443028,0.003635,0.018303,0.450415,0.002825,0.443037,-2.138511,0.640,0.000,-0.000,0.051584,0,15.620
14.4734,0.519148,0.530973,0.526396,0.098900,0.230770,1.175823,0.511970,0.586615,0.571363,0.761906,2.014149,1.802255,0.583638,1.829060,0.373627,0.001028,0.002468,0.443269,0.003634,0.018304,0.450928,0.002674,0.443277,-2.138571,0.640,0.000,-0.000,0.053250,0,15.780
14.4834,0.520674,0.532118,0.527159,0.076923,0.208790,-0.978024,0.514397,0.588948,0.573700,0.788731,2.046813,1.842786,0.808303,1.819292,0.437119,0.001114,0.002321,0.443466,0.003633,0.018304,0.451440,0.002575,0.443474,-2.138651,0.640,0.000,-0.000,0.054497,0,15.940
14.4935,0.522581,0.532881,0.527540,0.186813,0.010990,-0.604397,0.516803,0.591224,0.575984,0.807371,2.086086,1.890000,0.964591,1.731380,3.147741,0.001200,0.001976,0.443642,0.003630,0.018304,0.451953,0.002312,0.443648,-2.138774,0.640,0.000,-0.000,0.056067,0,16.100
14.5039,0.524107,0.533644,0.529447,-0.362637,-0.032967,-1.681320,0.519304,0.593615,0.578451,0.835706,2.127717,1.909868,0.549451,1.789988,1.018315,0.000943,0.001928,0.443883,0.003628,0.018305,0.452466,0.002146,0.443888,-2.138879,0.640,0.000,-0.000,0.057580,0,16.260
14.5142,0.526014,0.534788,0.529829,0.164837,0.186813,-0.692307,0.521749,0.595948,0.580772,0.855091,2.160362,1.957852,0.876678,2.058608,3.582417,0.001115,0.001632,0.444080,0.003626,0.018305,0.452978,0.001977,0.444085,-2.138993,0.640,0.000,-0.000,0.058827,0,16.420
14.5243,0.527922,0.535551,0.533262,0.076923,-0.032967,1.945053,0.524455,0.598527,0.583503,0.879818,2.205837,1.951965,0.241758,1.926740,2.170940,0.000515,0.001683,0.444430,0.003623,0.018306,0.453491,0.001760,0.444434,-2.139180,0.640,0.000,-0.000,0.060397,0,16.580
14.5339,0.529447,0.536695,0.535551,-0.230770,0.274727,0.318680,0.527031,0.601013,0.586065,0.909656,2.241596,1.965953,0.720390,2.117216,0.158731,0.000258,0.001733,0.444714,0.003620,0.018306,0.454004,0.001752,0.444717,-2.139328,0.640,0.000,-0.000,0.061832,0,16.740
14.5439,0.530592,0.537840,0.535169,0.274727,0.560440,-1.857143,0.529290,0.603193,0.588205,0.940769,2.271105,2.025763,0.964591,2.156288,1.545788,0.000601,0.001536,0.444823,0.003617,0.018307,0.454516,0.001649,0.444826,-2.139511,0.640,0.000,-0.000,0.063173,0,16.900
14.5543,0.531736,0.538221,0.537458,0.274727,-0.208790,-0.780220,0.531738,0.605532,0.590657,0.975745,2.319418,2.037477,1.096459,2.087912,0.290598,0.000172,0.001586,0.445041,0.003614,0.018308,0.455029,0.001595,0.445044,-2.139670,0.640,0.000,-0.000,0.064972,0,17.060
14.5645,0.533644,0.539366,0.537840,0.142857,0.076923,-0.978024,0.534183,0.607864,0.592986,0.995078,2.352020,2.085575,0.329670,2.112332,3.157509,0.000344,0.001289,0.445238,0.003610,0.018308,0.455542,0.001334,0.445240,-2.139896,0.640,0.000,-0.000,0.066166,0,17.220
14.5745,0.534407,0.540129,0.540892,-0.252747,0.010990,1.945053,0.536687,0.610294,0.595555,1.038981,2.394403,2.084076,0.930403,2.131868,2.884005,-0.000172,0.001587,0.445498,0.003605,0.018309,0.456054,0.001596,0.445501,-2.140182,0.640,0.000,-0.000,0.067735,0,17.381
14.5845,0.535551,0.540892,0.540892,-0.340660,0.120880,0.054947,0.538946,0.612458,0.597714,1.070073,2.431350,2.136466,0.510379,2.131868,3.807082,0.000000,0.001389,0.445608,0.003601,0.018310,0.456567,0.001389,0.445610,-2.140376,0.640,0.000,-0.000,0.069402,0,17.541
14.5946,0.536695,0.541273,0.545088,0.032967,-0.010990,1.923077,0.541582,0.614983,0.600456,1.108867,2.483472,2.115090,1.428572,2.317461,1.037851,-0.000861,0.001688,0.445932,0.003593,0.018312,0.457080,0.001895,0.445936,-2.140794,0.640,0.000,-0.000,0.071185,0,17.701
14.6050,0.538603,0.542036,0.545469,-0.010990,0.098900,-0.912086,0.543988,0.617258,0.602751,1.127366,2.522673,2.162469,0.339438,2.473749,0.876678,-0.000775,0.001341,0.446108,0.003587,0.018313,0.457592,0.001549,0.446111,-2.141131,0.640,0.000,-0.000,0.072947,0,17.861
14.6149,0.539747,0.542417,0.547377,0.802197,0.208790,-0.296703,0.546398,0.619556,0.605158,1.161508,2.570138,2.180932,0.720390,2.439560,0.407814,-0.001120,0.001342,0.446303,0.003581,0.018314,0.458105,0.001748,0.446306,-2.141487,0.640,0.000,-0.000,0.074840,0,18.021
14.6247,0.540892,0.542799,0.550429,0.516483,0.032967,0.956043,0.548923,0.621976,0.607724,1.198010,2.620100,2.179261,0.847375,2.463981,0.339438,-0.001725,0.001492,0.446561,0.003577,0.018315,0.458617,0.002281,0.446567,-2.141672,0.640,0.000,-0.000,0.076757,0,18.181
14.6349,0.542036,0.543180,0.551955,0.362637,0.054947,1.791210,0.551297,0.624242,0.610065,1.231400,2.666926,2.204171,0.686203,2.503053,0.998779,-0.001984,0.001443,0.446734,0.003575,0.018315,0.459130,0.002453,0.446741,-2.141823,0.640,0.000,-0.000,0.078795,0,18.341
14.6450,0.542799,0.543562,0.553100,-0.494507,-0.032967,-0.428570,0.553579,0.626435,0.612313,1.270696,2.712235,2.234939,1.052503,2.512821,0.344322,-0.002157,0.001444,0.446863,0.003573,0.018316,0.459643,0.002596,0.446871,-2.141917,0.640,0.000,-0.000,0.080681,0,18.501
14.6553,0.544706,0.544325,0.553100,1.021976,-0.230770,-0.934067,0.555952,0.628685,0.614544,1.288456,2.750895,2.288798,1.169719,2.703297,3.728938,-0.001985,0.001046,0.447017,0.003572,0.018316,0.460155,0.002243,0.447023,-2.141966,0.640,0.000,-0.000,0.082111,0,18.661
14.6653,0.545469,0.545088,0.555007,0.648350,0.274727,-1.681320,0.558349,0.631015,0.616939,1.330097,2.791207,2.306964,1.697191,2.664225,1.496947,-0.002244,0.001196,0.447211,0.003572,0.018316,0.460668,0.002543,0.447218,-2.141959,0.640,0.000,-0.000,0.083597,0,18.821
14.6752,0.547759,0.545469,0.556914,0.142857,0.230770,0.780220,0.560931,0.633445,0.619444,1.344281,2.841376,2.327373,0.241758,2.556777,3.450550,-0.002591,0.000899,0.447470,0.003573,0.018315,0.461181,0.002742,0.447479,-2.141888,0.640,0.000,-0.000,0.085546,0,18.981
14.6852,0.548903,0.546232,0.560347,-0.428570,-0.120880,0.340660,0.563537,0.635975,0.622091,1.382381,2.885778,2.319461,0.847375,2.669109,0.490843,-0.003197,0.001149,0.447769,0.003577,0.018315,0.461693,0.003398,0.447782,-2.141718,0.640,0.000,-0.000,0.087213,0,19.141
14.6955,0.549666,0.546996,0.560729,0.274727,-0.032967,-0.538460,0.565783,0.638155,0.624255,1.420893,2.922968,2.364098,2.258852,2.732601,3.304029,-0.003111,0.001100,0.447878,0.003579,0.018314,0.462206,0.003300,0.447891,-2.141575,0.640,0.000,-0.000,0.088979,0,19.301
14.7051,0.550811,0.547759,0.562636,-0.560440,0.208790,-1.263737,0.568240,0.640534,0.626681,1.455926,2.964262,2.382839,1.892551,2.698413,2.122100,-0.003372,0.001151,0.448093,0.003583,0.018314,0.462719,0.003563,0.448107,-2.141343,0.640,0.000,-0.000,0.090396,0,19.461
14.7156,0.553100,0.548140,0.565688,0.780220,-0.120880,1.439560,0.570939,0.643090,0.629348,1.472474,3.016995,2.383075,1.262515,2.835165,3.001221,-0.003980,0.001003,0.448413,0.003588,0.018313,0.463231,0.004104,0.448432,-2.141110,0.640,0.000,-0.000,0.092393,0,19.622
14.7255,0.553862,0.548903,0.567977,-0.252747,0.274727,-0.494507,0.573376,0.645468,0.631790,1.514887,3.058254,2.394294,1.155067,2.932845,0.832723,-0.004328,0.001204,0.448626,0.003591,0.018312,0.463744,0.004493,0.448648,-2.140917,0.640,0.000,-0.000,0.094186,0,19.782
14.7358,0.554625,0.549285,0.569884,-0.296703,0.076923,0.032967,0.575738,0.647750,0.634141,1.555754,3.105365,2.411461,1.301587,2.986569,1.032967,-0.004677,0.001305,0.448795,0.003594,0.018312,0.464257,0.004855,0.448821,-2.140790,0.640,0.000,-0.000,0.096183,0,19.942
14.7457,0.556914,0.550429,0.570647,1.065933,-0.010990,0.076923,0.578286,0.650182,0.636558,1.569152,3.139932,2.453414,1.277167,2.903541,3.157509,-0.004591,0.000956,0.449035,0.003596,0.018311,0.464769,0.004690,0.449059,-2.140653,0.640,0.000,-0.000,0.097320,0,20.102
14.7557,0.557677,0.551192,0.573699,-0.450550,-0.142857,0.340660,0.580801,0.652636,0.639122,1.613140,3.182745,2.451420,1.052503,3.069597,0.993895,-0.005115,0.001258,0.449287,0.003597,0.018311,0.465282,0.005267,0.449318,-2.140603,0.640,0.000,-0.000,0.098990,0,20.262
14.7658,0.559203,0.552337,0.574462,0.186813,0.208790,0.032967,0.583235,0.654987,0.641467,1.639834,3.215609,2.491878,2.151404,3.050061,3.250305,-0.005029,0.001108,0.449484,0.003597,0.018311,0.465794,0.005150,0.449513,-2.140610,0.640,0.000,-0.000,0.100300,0,20.422
14.7761,0.561492,0.553100,0.577895,0.076923,0.340660,0.472527,0.586014,0.657636,0.644245,1.657910,3.262430,2.486413,0.583638,3.079365,0.612943,-0.005640,0.001061,0.449843,0.003597,0.018311,0.466307,0.005739,0.449880,-2.140621,0.640,0.000,-0.000,0.101887,0,20.582
14.7858,0.562636,0.553481,0.579421,0.296703,0.054947,0.802197,0.588390,0.659913,0.646586,1.691192,3.309421,2.511096,0.818070,3.167277,0.735043,-0.005902,0.001013,0.450013,0.003596,0.018311,0.466820,0.005989,0.450052,-2.140674,0.640,0.000,-0.000,0.104155,0,20.742
14.7961,0.563399,0.554244,0.579421,0.340660,0.340660,-1.021976,0.590596,0.662047,0.648712,1.728827,3.345656,2.562709,1.877900,3.123321,3.318681,-0.005729,0.000912,0.450102,0.003592,0.018312,0.467332,0.005802,0.450139,-2.140865,0.640,0.000,-0.000,0.105669,0,20.902
14.8062,0.564544,0.554625,0.582854,-0.252747,-0.252747,1.241756,0.593171,0.664522,0.651346,1.766157,3.396710,2.554217,1.155067,3.186813,1.492064,-0.006428,0.001116,0.450372,0.003588,0.018313,0.467845,0.006524,0.450419,-2.141064,0.640,0.000,-0.000,0.107421,0,21.062
14.8162,0.565307,0.555388,0.584762,-0.186813,0.120880,1.549450,0.595570,0.666856,0.653749,1.807738,3.437027,2.572292,1.433455,3.123321,1.472528,-0.006692,0.001268,0.450561,0.003586,0.018313,0.468358,0.006811,0.450613,-2.141196,0.640,0.000,-0.000,0.109134,0,21.222
14.8264,0.566832,0.555770,0.585143,0.516483,0.032967,-1.109890,0.597888,0.669051,0.655971,1.831968,3.482353,2.617993,1.565324,3.352870,3.006105,-0.006693,0.000967,0.450692,0.003582,0.018314,0.468870,0.006762,0.450742,-2.141407,0.640,0.000,-0.000,0.111086,0,21.382
14.8366,0.567977,0.556151,0.588576,-0.010990,0.076923,1.461540,0.600463,0.671527,0.658608,1.869268,3.533417,2.609478,1.829060,3.377289,1.863248,-0.007393,0.001172,0.450960,0.003578,0.018315,0.469383,0.007485,0.451022,-2.141653,0.640,0.000,-0.000,0.112900,0,21.542
14.8466,0.569503,0.556533,0.589721,0.406593,-0.340660,-1.285713,0.602856,0.673798,0.660945,1.895017,3.580287,2.641847,1.482295,3.440782,2.141636,-0.007569,0.000972,0.451129,0.003571,0.018316,0.469895,0.007631,0.451194,-2.141993,0.640,0.000,-0.000,0.114994,0,21.702
14.8568,0.570647,0.556914,0.592009,0.472527,0.406593,-0.692307,0.605311,0.676145,0.663425,1.929846,3.628708,2.653599,1.462759,3.479854,2.112332,-0.008007,0.001025,0.451337,0.003561,0.018318,0.470408,0.008072,0.451409,-2.142554,0.640,0.000,-0.000,0.116884,0,21.862
14.8669,0.571792,0.557296,0.594680,-0.010990,-0.230770,1.109890,0.607801,0.678518,0.665979,1.965391,3.677672,2.658960,2.034188,3.538462,2.449328,-0.008534,0.001129,0.451563,0.003543,0.018321,0.470921,0.008608,0.451645,-2.143538,0.640,0.000,-0.000,0.118849,0,22.023
14.8769,0.573699,0.558059,0.596587,0.780220,0.032967,-0.626373,0.610367,0.680953,0.668529,1.986789,3.720081,2.679930,1.555555,3.611722,2.219780,-0.008799,0.000980,0.451816,0.003529,0.018324,0.471433,0.008853,0.451903,-2.144323,0.640,0.000,-0.000,0.120459,0,22.183
14.8867,0.574080,0.558440,0.600402,-0.274727,-0.076923,1.681320,0.612857,0.683346,0.671202,2.037986,3.769434,2.664136,2.063492,3.631258,1.907204,-0.009590,0.001438,0.452055,0.003498,0.018330,0.471946,0.009698,0.452159,-2.146008,0.640,0.000,-0.000,0.122513,0,22.343
14.8970,0.574843,0.559203,0.603072,-0.516483,0.098900,2.208790,0.615326,0.685714,0.673784,2.080924,3.810446,2.670010,1.848596,3.592185,2.170940,-0.010033,0.001693,0.452280,0.003466,0.018336,0.472459,0.010174,0.452395,-2.147731,0.640,0.000,-0.000,0.124142,0,22.503
14.9069,0.576751,0.559966,0.604979,0.802197,-0.208790,-1.000000,0.617884,0.688113,0.676384,2.102131,3.852125,2.691903,1.951159,3.504273,1.184371,-0.010298,0.001545,0.452533,0.003430,0.018343,0.472971,0.010414,0.452652,-2.149696,0.640,0.000,-0.000,0.125748,0,22.663
14.9171,0.577132,0.561110,0.607650,-0.516483,0.054947,1.153847,0.620334,0.690486,0.678986,2.152508,3.885374,2.698121,1.936508,3.738706,3.172161,-0.010655,0.001950,0.452758,0.003391,0.018350,0.473484,0.010832,0.452888,-2.151826,0.640,0.000,-0.000,0.127003,0,22.823
14.9273,0.578658,0.562255,0.611465,0.362637,0.054947,-0.098900,0.623074,0.693096,0.681885,2.185246,3.923491,2.686767,1.853479,3.582417,0.993895,-0.011277,0.002208,0.453106,0.003349,0.018358,0.473996,0.011491,0.453251,-2.154123,0.640,0.000,-0.000,0.128231,0,22.983
14.9372,0.580184,0.563018,0.614517,0.824177,-0.076923,-0.098900,0.625692,0.695567,0.684626,2.215468,3.966607,2.687881,1.946276,3.943834,0.813187,-0.011809,0.002314,0.453391,0.003307,0.018365,0.474509,0.012033,0.453551,-2.156410,0.640,0.000,-0.000,0.130079,0,23.143
14.9473,0.580947,0.564162,0.616806,-0.164837,-0.252747,0.142857,0.628160,0.697942,0.687209,2.258358,3.999868,2.701486,2.263736,3.694750,4.002442,-0.012079,0.002569,0.453618,0.003268,0.018372,0.475022,0.012349,0.453786,-2.158526,0.640,0.000,-0.000,0.131405,0,23.303
14.9577,0.583617,0.564925,0.622146,0.714287,0.098900,1.153847,0.631197,0.700798,0.690401,2.273507,4.050850,2.664523,1.575091,3.870574,0.813187,-0.013142,0.002682,0.454078,0.003234,0.018378,0.475534,0.013413,0.454276,-2.160391,0.640,0.000,-0.000,0.133017,0,23.463
14.9678,0.585524,0.565307,0.625580,1.000000,-0.142857,1.373627,0.633876,0.703317,0.693167,2.297040,4.102785,2.658177,1.511600,3.968254,0.720390,-0.013852,0.002690,0.454376,0.003205,0.018384,0.476047,0.014111,0.454595,-2.161979,0.640,0.000,-0.000,0.135491,0,23.623
14.9780,0.586669,0.566451,0.627487,-0.560440,0.516483,-1.417583,0.636370,0.705724,0.695697,2.332550,4.136678,2.678479,2.273504,3.894994,1.829060,-0.014034,0.002794,0.454604,0.003183,0.018387,0.476560,0.014310,0.454830,-2.163173,0.640,0.000,-0.000,0.136866,0,23.783
14.9874,0.589339,0.566832,0.632065,1.329670,0.252747,1.373627,0.639299,0.708477,0.698699,2.345381,4.193415,2.653247,2.341880,4.109890,3.264957,-0.015011,0.002755,0.454998,0.003166,0.018390,0.477072,0.015262,0.455254,-2.164081,0.640,0.000,-0.000,0.138891,0,23.943
14.9977,0.591246,0.566832,0.635498,0.978024,-0.076923,0.714287,0.641948,0.710973,0.701393,2.368222,4.252723,2.645329,2.449328,4.124542,3.162393,-0.015809,0.002715,0.455268,0.003153,0.018393,0.477585,0.016041,0.455551,-2.164794,0.640,0.000,-0.000,0.141645,0,24.103
15.0077,0.593917,0.567214,0.640839,1.021976,0.098900,0.340660,0.644960,0.713822,0.704498,2.382672,4.311387,2.606332,3.079365,4.212454,3.548230,-0.016966,0.002781,0.455692,0.003141,0.018395,0.478097,0.017193,0.456016,-2.165422,0.640,0.000,-0.000,0.143759,0,24.264
15.0180,0.595824,0.566832,0.644272,1.197803,-0.274727,-0.186813,0.647569,0.716261,0.707152,2.404623,4.377422,2.597484,3.289377,4.241758,3.509158,-0.017853,0.002692,0.455933,0.003128,0.018397,0.478610,0.018055,0.456290,-2.166151,0.640,0.000,-0.000,0.146989,0,24.424
15.0279,0.599257,0.567214,0.650757,-0.076923,-0.186813,1.703297,0.650819,0.719312,0.710526,2.408073,4.440238,2.540153,0.622710,4.295482,0.974359,-0.019281,0.002713,0.456444,0.003111,0.018400,0.479123,0.019471,0.456859,-2.167068,0.640,0.000,-0.000,0.149047,0,24.584
15.0380,0.601546,0.567977,0.654190,0.912086,0.362637,-0.648350,0.653602,0.721945,0.713367,2.425671,4.486639,2.534984,2.952381,4.349206,1.653235,-0.019910,0.002673,0.456777,0.003087,0.018404,0.479635,0.020088,0.457218,-2.168391,0.640,0.000,-0.000,0.151335,0,24.744
15.0481,0.603454,0.568740,0.658005,0.252747,0.230770,-0.626373,0.656374,0.724571,0.716255,2.450883,4.532852,2.522849,2.781441,4.290598,1.091575,-0.020630,0.002787,0.457103,0.003053,0.018409,0.480148,0.020817,0.457577,-2.170228,0.640,0.000,-0.000,0.153206,0,24.904
15.0584,0.607268,0.569503,0.662964,0.120880,-0.274727,1.549450,0.659553,0.727512,0.719542,2.444923,4.585581,2.495034,1.238095,4.261294,2.810745,-0.021617,0.002551,0.457586,0.003010,0.018417,0.480660,0.021767,0.458103,-2.172573,0.640,0.000,-0.000,0.155068,0,25.064
15.0685,0.610321,0.571029,0.668304,0.846153,0.120880,0.010990,0.662734,0.730509,0.722904,2.454703,4.623664,2.460788,2.522589,4.368742,0.852259,-0.022523,0.002669,0.458089,0.002957,0.018425,0.481173,0.022681,0.458651,-2.175425,0.640,0.000,-0.000,0.156483,0,25.224
15.0785,0.612991,0.572554,0.672120,0.648350,0.538460,0.120880,0.665692,0.733283,0.726015,2.467866,4.657164,2.452937,2.327229,4.393162,0.925519,-0.023073,0.002681,0.458505,0.002896,0.018435,0.481686,0.023228,0.459093,-2.178776,0.640,0.000,-0.000,0.157955,0,25.384
15.0884,0.616424,0.574462,0.675935,-0.054947,0.252747,1.021976,0.668810,0.736190,0.729274,2.468476,4.685491,2.448024,1.638583,4.290598,3.225885,-0.023534,0.002539,0.458989,0.002826,0.018446,0.482198,0.023671,0.459599,-2.182552,0.640,0.000,-0.000,0.158822,0,25.544
15.0988,0.619858,0.577132,0.682420,0.714287,0.340660,1.395603,0.672299,0.739499,0.733034,2.476541,4.706207,2.397874,2.542125,4.393162,0.446886,-0.024455,0.002864,0.459632,0.002751,0.018457,0.482711,0.024622,0.460291,-2.186609,0.640,0.000,-0.000,0.159058,0,25.704
15.1085,0.623672,0.579039,0.685471,0.142857,-0.142857,-1.175823,0.675386,0.742342,0.736232,2.468547,4.733214,2.407400,1.687424,4.256410,1.291820,-0.024737,0.002516,0.460104,0.002671,0.018469,0.483223,0.024865,0.460776,-2.190918,0.640,0.000,-0.000,0.160460,0,25.864
15.1186,0.625961,0.581710,0.690049,0.054947,0.560440,0.142857,0.678501,0.745309,0.739600,2.492656,4.746853,2.388707,1.916972,4.290598,0.114774,-0.025211,0.002885,0.460602,0.002589,0.018480,0.483736,0.025376,0.461300,-2.195384,0.640,0.000,-0.000,0.160632,0,26.024
15.1292,0.629394,0.584762,0.692338,0.780220,0.450550,-1.373627,0.681585,0.748207,0.742783,2.492478,4.751211,2.413659,2.244200,4.148962,2.468864,-0.025053,0.002681,0.461098,0.002507,0.018492,0.484249,0.025196,0.461786,-2.199791,0.640,0.000,-0.000,0.160547,0,26.184
15.1390,0.632446,0.588958,0.696916,0.164837,0.560440,1.703297,0.684986,0.751466,0.746446,2.506588,4.739140,2.400785,1.780220,4.192918,3.045177,-0.025179,0.003045,0.461741,0.002408,0.018505,0.484761,0.025362,0.462437,-2.205148,0.640,0.000,-0.000,0.159249,0,26.344
15.1486,0.635879,0.593154,0.703019,0.054947,0.758244,1.351650,0.688625,0.755012,0.750291,2.517508,4.732806,2.359815,2.434677,4.173382,0.241758,-0.025667,0.003520,0.462465,0.002351,0.018512,0.485274,0.025908,0.463190,-2.208270,0.640,0.000,-0.000,0.158312,0,26.505
15.1593,0.639694,0.596969,0.704926,0.560440,0.076923,-0.978024,0.691706,0.757906,0.753467,2.508853,4.720730,2.391995,1.824176,4.080586,1.555555,-0.025242,0.003260,0.463018,0.002258,0.018524,0.485761,0.025452,0.463717,-2.213276,0.609,0.000,-0.000,0.158043,0,26.657
15.1694,0.642364,0.601165,0.709123,0.516483,1.021976,0.208790,0.694928,0.761044,0.756881,2.526690,4.705550,2.381407,2.024420,4.021978,0.720390,-0.025278,0.003676,0.463621,0.002187,0.018532,0.486248,0.025544,0.464324,-2.217118,0.609,0.000,-0.000,0.156741,0,26.809
15.1795,0.645416,0.605361,0.712556,0.362637,0.186813,0.692307,0.698079,0.764122,0.760130,2.534952,4.688888,2.383073,1.951159,4.031746,3.108669,-0.025130,0.003883,0.464214,0.002134,0.018538,0.486723,0.025428,0.464910,-2.219959,0.593,0.000,-0.000,0.155683,0,26.957
15.1894,0.648468,0.610321,0.718278,0.054947,0.340660,0.604397,0.701567,0.767517,0.763902,2.549950,4.662730,2.347602,2.405373,3.929182,0.432235,-0.025355,0.004511,0.464947,0.002045,0.018548,0.487198,0.025753,0.465659,-2.224737,0.593,0.000,-0.000,0.153801,0,27.105
15.1997,0.651520,0.614517,0.722474,0.032967,0.560440,1.527473,0.704804,0.770655,0.767306,2.559812,4.647128,2.336348,2.278389,4.153846,0.593407,-0.025389,0.004826,0.465567,0.001976,0.018556,0.487672,0.025844,0.466284,-2.228487,0.593,0.000,-0.000,0.153000,0,27.253
15.2097,0.655716,0.617950,0.725907,1.307693,0.472527,-0.604397,0.708060,0.773763,0.770598,2.546203,4.646763,2.338663,2.136752,4.280830,1.711843,-0.025413,0.004626,0.466172,0.001927,0.018561,0.488147,0.025831,0.466887,-2.231102,0.593,0.000,-0.000,0.152704,0,27.402
15.2200,0.659912,0.621765,0.731629,0.010990,0.274727,1.483517,0.711588,0.777124,0.774327,2.537881,4.643426,2.301898,1.643468,4.285714,2.244200,-0.025899,0.004797,0.466888,0.001852,0.018569,0.488615,0.026340,0.467630,-2.235138,0.585,0.000,-0.000,0.151998,0,27.548
15.2298,0.663345,0.625198,0.735063,0.098900,0.824177,0.450550,0.714626,0.780037,0.777453,2.535185,4.638545,2.300297,1.457875,4.227106,2.791209,-0.025925,0.004804,0.467446,0.001796,0.018574,0.489065,0.026366,0.468189,-2.238172,0.561,0.000,-0.000,0.151926,0,27.688
15.2400,0.667541,0.628250,0.742311,0.956043,0.274727,1.439560,0.718057,0.783313,0.781098,2.523831,4.648359,2.229025,2.537241,4.236874,0.344322,-0.026957,0.005090,0.468164,0.001744,0.018579,0.489482,0.027433,0.468967,-2.240988,0.522,0.000,-0.000,0.151787,0,27.819
15.2500,0.672120,0.630539,0.746126,-0.208790,0.098900,-1.021976,0.720891,0.785949,0.783972,2.491745,4.660391,2.213055,1.155067,4.192918,1.076923,-0.027336,0.004690,0.468722,0.001696,0.018584,0.489856,0.027736,0.469542,-2.243545,0.466,0.000,-0.000,0.152774,0,27.935
15.2604,0.675935,0.633591,0.751085,0.780220,0.230770,-0.010990,0.722972,0.787949,0.786168,2.456823,4.640033,2.156095,2.463981,3.992674,3.304029,-0.027819,0.004759,0.469329,0.001664,0.018586,0.490014,0.028223,0.470176,-2.245274,0.198,0.000,-0.000,0.152358,0,27.985
15.2704,0.679368,0.636261,0.756044,0.802197,0.252747,-1.241756,0.724325,0.789209,0.787703,2.390915,4.587839,2.062584,2.595849,4.148962,1.496947,-0.028392,0.004880,0.469885,0.001616,0.018591,0.490014,0.028808,0.470768,-2.247870,-0.047,0.000,-0.000,0.151688,0,27.585
15.2799,0.683564,0.639313,0.761385,-0.076923,0.384617,0.692307,0.725904,0.790703,0.789416,2.313715,4.532481,1.964736,1.111111,4.056166,3.450550,-0.028967,0.004900,0.470523,0.001582,0.018594,0.490014,0.029379,0.471440,-2.249699,0.000,0.000,-0.000,0.149897,0,27.185
15.2900,0.686234,0.642364,0.769396,0.318680,0.274727,2.890110,0.727550,0.792338,0.791369,2.269586,4.479864,1.816133,2.737485,4.290598,1.101343,-0.030199,0.005714,0.471164,0.001550,0.018596,0.490014,0.030735,0.472165,-2.251422,0.000,0.000,-0.000,0.148339,0,26.785
15.3005,0.689286,0.645416,0.774355,-0.054947,0.142857,0.560440,0.728909,0.793662,0.792882,2.211865,4.421088,1.722440,1.780220,4.041514,-0.290598,-0.030689,0.005993,0.471717,0.001519,0.018599,0.490014,0.031268,0.472753,-2.253066,0.000,0.000,-0.000,0.146921,0,26.385
15.3103,0.691193,0.648468,0.778170,-0.076923,0.736263,2.362637,0.729966,0.794743,0.794077,2.171976,4.357420,1.646356,1.746032,4.095238,1.062271,-0.030905,0.006419,0.472165,0.001497,0.018601,0.490014,0.031564,0.473219,-2.254282,0.000,0.000,-0.000,0.145194,0,25.985
15.3204,0.693864,0.651901,0.783129,0.582417,0.076923,0.978024,0.731323,0.796089,0.795619,2.122258,4.291219,1.553415,2.083028,4.026862,-0.271062,-0.031309,0.006853,0.472719,0.001461,0.018604,0.490014,0.032051,0.473804,-2.256179,0.000,0.000,-0.000,0.142842,0,25.585
15.3307,0.696153,0.655334,0.786562,-0.252747,0.428570,-0.340660,0.732445,0.797237,0.796842,2.075823,4.221100,1.485948,1.746032,3.865690,0.046398,-0.031343,0.007172,0.473199,0.001441,0.018605,0.490014,0.032153,0.474290,-2.257256,0.000,0.000,-0.000,0.140755,0,25.185
15.3405,0.698441,0.658768,0.789614,0.648350,0.032967,-0.692307,0.733526,0.798327,0.798032,2.028637,4.149858,1.425858,1.863248,3.714286,0.998779,-0.031283,0.007438,0.473666,0.001411,0.018607,0.490014,0.032155,0.474756,-2.258889,0.000,0.000,-0.000,0.138470,0,24.785
15.3505,0.699586,0.661819,0.794191,1.000000,0.362637,0.758244,0.734564,0.799422,0.799272,2.004304,4.086620,1.335086,2.180708,3.743590,-0.090354,-0.031691,0.008183,0.474088,0.001389,0.018609,0.490014,0.032730,0.475217,-2.260071,0.000,0.000,-0.000,0.136508,0,24.385
15.3609,0.700730,0.666016,0.796862,-0.472527,0.538460,-0.208790,0.735517,0.800486,0.800333,1.978395,3.999109,1.280481,1.619047,3.601954,0.246642,-0.031364,0.008806,0.474525,0.001373,0.018610,0.490014,0.032577,0.475642,-2.260919,0.000,0.000,-0.000,0.133407,0,23.985
15.3707,0.701875,0.670593,0.799533,0.494507,0.516483,-0.054947,0.736518,0.801618,0.801437,1.953467,3.905143,1.226799,1.726496,3.362638,1.076923,-0.030948,0.009480,0.474986,0.001361,0.018611,0.490014,0.032367,0.476088,-2.261592,0.000,0.000,-0.000,0.129893,0,23.585
15.3810,0.702256,0.675553,0.802585,-0.120880,0.428570,0.120880,0.737489,0.802774,0.802552,1.943768,3.803774,1.165492,2.087912,3.289377,1.780220,-0.030537,0.010467,0.475437,0.001351,0.018612,0.490014,0.032282,0.476532,-2.262096,0.000,0.000,-0.000,0.126065,0,23.185
15.3911,0.703019,0.680131,0.806399,0.428570,0.230770,1.307693,0.738566,0.804007,0.803786,1.928254,3.711964,1.090778,1.741148,3.421246,1.394383,-0.030402,0.011410,0.475906,0.001343,0.018612,0.490014,0.032472,0.477012,-2.262547,0.000,0.000,-0.000,0.122643,0,22.785
15.4010,0.702638,0.683946,0.808307,-0.230770,0.428570,-0.274727,0.739153,0.804762,0.804495,1.926651,3.626423,1.045255,1.560439,3.177045,1.159951,-0.029979,0.012290,0.476193,0.001335,0.018613,0.490014,0.032400,0.477294,-2.262985,0.000,0.000,-0.000,0.120062,0,22.385
15.4109,0.702638,0.688523,0.811740,0.252747,0.406593,0.714287,0.740073,0.805869,0.805589,1.923809,3.532242,0.975802,1.921856,3.162393,1.306471,-0.029750,0.013386,0.476598,0.001326,0.018614,0.490014,0.032623,0.477713,-2.263432,0.000,0.000,-0.000,0.116238,0,21.985
15.4210,0.702256,0.691956,0.814792,-0.142857,0.186813,1.087914,0.740753,0.806700,0.806440,1.923989,3.456265,0.909512,2.175824,3.094017,0.661782,-0.029698,0.014380,0.476890,0.001317,0.018614,0.490014,0.032996,0.478030,-2.263943,0.000,0.000,-0.000,0.113912,0,21.585
15.4310,0.702256,0.695008,0.816699,-0.076923,0.626373,0.670330,0.741319,0.807382,0.807114,1.914010,3.385315,0.863447,2.019536,3.069597,1.081807,-0.029451,0.015056,0.477144,0.001307,0.018615,0.490014,0.033076,0.478289,-2.264459,0.000,0.000,-0.000,0.111691,0,21.185
15.4415,0.701875,0.698060,0.819369,-0.010990,-0.054947,1.021976,0.741916,0.808114,0.807866,1.912509,3.315393,0.803210,1.750916,2.893773,0.593407,-0.029393,0.015945,0.477396,0.001298,0.018616,0.490014,0.033440,0.478565,-2.264955,0.000,0.000,-0.000,0.109322,0,20.785
