wall_time_s,t_s,phase,gait_mode,driver_mode_est,switch_loop,prop_enable,props_active,prop_ctrl_mode,rm_stage,rm_target_rad,rm_lt_pending,rm_rt_pending,rt_first_hop_l0_active,stance,compress_active,push_started,touchdown,liftoff,apex,status,q0,q1,q2,qd0,qd1,qd2,tau_meas0,tau_meas1,tau_meas2,qd_kin0,qd_kin1,qd_kin2,tau0,tau1,tau2,tau_raw0,tau_raw1,tau_raw2,tau_out_scale_applied,f_tau_delta0,f_tau_delta1,f_tau_delta2,f_contact_w0,f_contact_w1,f_contact_w2,f_contact_b0,f_contact_b1,f_contact_b2,thrust0,thrust1,thrust2,pwm0,pwm1,pwm2,pwm3,pwm4,pwm5,foot_vicon0,foot_vicon1,foot_vicon2,foot_b0,foot_b1,foot_b2,foot_vrel_b0,foot_vrel_b1,foot_vrel_b2,J_inv_det,J_inv_cond,A_tau_f_det,A_tau_f_cond,foot_des_b0,foot_des_b1,foot_des_b2,foot_des_w0,foot_des_w1,foot_des_w2,p_foot_des_w0,p_foot_des_w1,p_foot_des_w2,leg_len_m,q_shift_m,qd_shift_mps,comp_m,comp_tgt_m,comp_tgt_act_m,z_now_m,s_stance,p_hat_w0,p_hat_w1,p_hat_w2,v_hat_w0,v_hat_w1,v_hat_w2,v_meas_foot_w0,v_meas_foot_w1,v_meas_foot_w2,desired_vx_w,desired_vy_w,imu_quat_w,imu_quat_x,imu_quat_y,imu_quat_z,imu_gyro_x,imu_gyro_y,imu_gyro_z,imu_acc_x,imu_acc_y,imu_acc_z,imu_rpy_roll,imu_rpy_pitch,imu_rpy_yaw,q_hat_w,q_hat_x,q_hat_y,q_hat_z,rpy_hat_roll,rpy_hat_pitch,rpy_hat_yaw,tau_des_w0,tau_des_w1,tau_des_w2,e_R0,e_R1,e_R2,tau_b_stance_des0,tau_b_stance_des1,tau_b_stance_des2,omega_b_used0,omega_b_used1,omega_b_used2,slack0,slack1,slack2,slack3,slack4,slack5,F_des_w0,F_des_w1,F_des_w2,f_ref_w0,f_ref_w1,f_ref_w2,energy_comp_fz,vz_up,energy_gate,nrc_r,nrc_r_star,nrc_f_des,nrc_h_trim,mode1_Eloss_j,fl_ev_xy,fl_tilt_cmd_deg,rpy_des_roll,rpy_des_pitch,fl_lat_force_n,prop_energy_fz,thrust_sum_ref,thrust_sum,F_total_w0,F_total_w1,F_total_w2,tau_contact_w0,tau_contact_w1,tau_contact_w2,tau_props_w0,tau_props_w1,tau_props_w2,tau_total_w0,tau_total_w1,tau_total_w2,tau_b_att_des0,tau_b_att_des1,tau_b_att_des2,tau_b_leg_des0,tau_b_leg_des1,tau_b_leg_des2,tau_b_leg_act0,tau_b_leg_act1,tau_b_leg_act2,tau_b_res_des0,tau_b_res_des1,tau_b_res_des2,tau_b_att_des_xy_norm,tau_b_leg_des_xy_norm,tau_props_xy_norm,leg_att_share,tau_cap_scale,prop_fz_assist_n,z_apex_actual_m,h_apex_phys_m,v_to_cmd_m_s,desired_vz_from_apex_m_s,hop_height_m,h_com_flight_m,h_leg_relative_m,h_foot_clear_m,h_com_imu_m,h_leg_imu_m,h_foot_clear_imu_m,v_lo_imu_m_s,foot_clearance_target_m,foot_clearance_control_enable,foot_clearance_com_target_m,flight_phase_s,lo_event_q_shift_m,td_event_q_shift_m,lo_unload_delay_s,td_impact_delay_s,specific_up_mps2,fbslip_v_td_m_s,fbslip_f_brake_n,fbslip_x_c_plan_m,fbslip_x_td_m,fbslip_s_tgt_m,fbslip_f_push_n,fbslip_t_bottom_s,fbslip_sink,apex_eta,apex_e_bias,height_work_active,height_apex_energy_j,height_loss_hat_j,height_loss_meas_j,height_loss_ff_j,height_apex_confidence,height_work_req_j,height_work_leg_j,height_work_prop_j,height_x_star_m,height_x_bottom_m,height_work_extension_m,height_v_comp_td_mps,height_compression_k_n_m,height_ascent,height_leg_excess_force_n,height_brake_force_n,height_prop_push_ratio,vel_kf_x,vel_kf_y,vel_kf_z,hfb_T_st_s,hfb_k_dx,hfb_dx_att_x_m,hfb_dx_att_y_m,vz_lo_m_s,mpc_status,mpc_u0_fx,mpc_u0_fy,mpc_u0_fz,rx_motor_hz,rx_imu_hz,motor_age_ms,imu_age_ms,rm_q0,rm_q1,rm_q2,rm_qd0,rm_qd1,rm_qd2,rm_iq0,rm_iq1,rm_iq2,rm_iq_des0,rm_iq_des1,rm_iq_des2,rm_online,manip_stage,manip_tag_latched,manip_tag_id,manip_tag_age_s,manip_cmd_x,manip_cmd_y,manip_cmd_z,manip_actual_x,manip_actual_y,manip_actual_z,manip_err_m,manip_speed_mps,manip_pre_x,manip_pre_y,manip_pre_z,manip_face_x,manip_face_y,manip_face_z,manip_press_x,manip_press_y,manip_press_z,manip_wall_n_in_x,manip_wall_n_in_y,manip_wall_n_in_z,manip_kp,manip_outer_kd,manip_ak60_kd,manip_tau_max_nm,manip_target_rate_mps,mobile_tag_state,mobile_tag_cam_z_m,approach_active,push_e_m,push_v_mps,box_source,box_cx,box_cy,box_cz,box_nx,box_ny,box_nz,box_width_m,operator_event_bj,push_f_meas_n,box_dist_err_m,box_yaw_err_deg,box_ready,push_work_dist_m,push_state
1786371707.8736415,23.115416383000102,FLIGHT,hopping,0,0,0,0,1,0,0.0,0,0,0,0,0,0,0,0,0,closed_form,0.3978384733200073,0.9883631467819214,1.1104353666305542,0.07692337036132812,-0.120880126953125,0.03296661376953125,0.0024423599243164062,0.012209892272949219,0.012209892272949219,0.07692337036132812,-0.120880126953125,0.03296661376953125,-0.21751136411029137,-2.1169839520803966,-2.9833697063965983,-0.21751136411029137,-2.1169839520803966,-2.9833697063965983,1.0,4.268230091240932,-21.615165956033792,-33.634356082075726,0.0,0.0,0.0,0.0,0.0,0.0,0.0,0.0,0.0,1000.0,1000.0,1000.0,1000.0,1000.0,1000.0,-0.034686491788310465,0.16470421719658784,0.45766496366053644,-0.034686491788310465,0.16470421719658784,0.45766496366053644,-0.04255057040140692,-0.02612142652534103,0.007200535040789635,104.80684101602257,4.98614831722056,0.008168232665126424,7.166379620507944,-0.006597861326475759,0.004678672306925355,0.454928102288,0.0,0.0,0.455,-1.8909790332841166e-18,8.958240956179129e-19,1.4409777789409042,0.4876349565374917,0.03263495653749171,0.0009618947624506326,0.0,0.0,0.0,0.0,0.0,0.0,0.0,0.9859777789409042,0.0,0.0,0.0,0.04299642080369252,0.02730080840979092,-0.007899335648412801,0.0,0.0,0.3898961842060089,-0.004672038834542036,0.007561780977994204,0.9208159446716309,0.0023221750743687153,-0.0007960088551044464,0.0011631210800260305,0.0870242491364479,-0.09014809131622314,-9.828575134277344,0.010284059680998325,0.014501302503049374,2.3405959606170654,0.38989617506326646,-0.004672038724986597,0.007561780800676705,0.92081592307926,0.01028405882276369,0.014501302359868275,1.6246461360903932e-16,0.0,0.0,0.0,0.010283336912902076,0.014500410719740904,0.0,0.0,0.0,0.0,0.0023221750743687153,-0.0007960088551044464,0.0011631210800260305,0.0,0.0,0.0,0.0,0.0,0.0,0.0,0.0,0.0,0.0,0.0,0.0,0.0,-0.0,0,0.0,0.0,0.0,1.6,0.0,0.0,0.0,0.0,-0.0,0.0,0.0,0.0,0.0,0.0,0.0,0.0,0.0,0.0,-0.0,0.0,0.0,0.0,0.0,0.0,0.0,nan,nan,nan,nan,nan,nan,nan,nan,nan,nan,nan,nan,0.0,0.0,0.0,0.0,1.0,0.0,nan,nan,0.4,nan,0.01,nan,nan,nan,nan,nan,nan,nan,0.03,1,0.01,nan,nan,nan,nan,nan,9.829210947995655,nan,nan,nan,nan,nan,nan,nan,0.0,1.0,0.0,0,nan,nan,nan,nan,nan,nan,nan,nan,nan,nan,nan,nan,nan,0,nan,nan,nan,nan,nan,nan,0.12,0.0,0.0,0.11,nan,off,0.0,0.0,0.0,977.5077211610914,485.4514696306771,0.0,0.0,11.5,11.500020980834961,11.5,0.0,0.0,-0.01163552887737751,-0.06700000166893005,0.07000000029802322,-0.05900000035762787,0.0,0.0,0.0,7,idle,0,-1,nan,0.0,0.0,0.455,-0.034686491788310465,0.16470421719658784,0.45766496366053644,nan,nan,nan,nan,nan,nan,nan,nan,nan,nan,nan,nan,nan,nan,450.0,3.0,2.0,5.0,0.7,searching,nan,0,0.0,0.0,,nan,nan,nan,nan,nan,nan,nan,Y@2026-08-10 22:21:47.875 BJ,nan,nan,nan,0,nan,
1786371707.8787794,23.11900991600006,FLIGHT,hopping,0,0,0,0,1,0,0.0,0,0,0,0,0,0,0,0,0,closed_form,0.3982199430465698,0.9883631467819214,1.1104353666305542,0.23077011108398438,-0.03296661376953125,0.120880126953125,0.0024423599243164062,0.0024423599243164062,0.012209892272949219,0.12307739257812501,-0.09450607299804686,0.05934066772460938,-0.22475318346131953,-2.119342992541303,-2.985132983351104,-0.22475318346131953,-2.119342992541303,-2.985132983351104,1.0,4.2737951363061555,-21.6243654613994,-33.71655260514805,0.0,0.0,0.0,0.0,0.0,0.0,0.0,0.0,0.0,1000.0,1000.0,1000.0,1000.0,1000.0,1000.0,-0.034685629989824135,0.16462281943571355,0.4577198347006959,-0.034685629989824135,0.16462281943571355,0.4577198347006959,-0.04296703271211399,-0.029906466914058186,0.013868176766766015,104.80562348608676,4.986309874529711,0.00816638294524312,7.167417888697012,-0.006596159082328744,0.004680332856026477,0.45492810989179094,0.0,0.0,0.455,-6.659027937514647e-19,7.310751849884728e-19,1.4409777789409042,0.48765891018742485,0.03265891018742484,0.005977110664960116,0.0,0.0,0.0,0.0,0.0,0.0,0.0,0.9859777789409042,0.0,0.0,0.0,0.04303483558329782,0.030912383655886187,-0.01446541267811468,0.0,0.0,0.389891117811203,-0.004669646266847849,0.007562706246972084,0.9208180904388428,0.001858835923485458,-0.00048722029896453023,0.0003056456916965544,0.11408728361129761,-0.05602674186229706,-9.779169082641602,0.010287709534168243,0.014497561380267143,2.340607166290283,0.3898911101011957,-0.0046696461745066664,0.007562706097421305,0.9208180722298765,0.010287708399903013,0.014497560770643928,1.1011771669981714e-05,0.0,0.0,0.0,0.01028698638417382,0.014496669350632945,0.0,0.0,0.0,0.0,0.001858835923485458,-0.00048722029896453023,0.0003056456916965544,0.0,0.0,0.0,0.0,0.0,0.0,0.0,0.0,0.0,0.0,0.0,0.0,0.0,-0.0,0,0.0,0.0,0.0,1.6,0.0,0.0,0.0,0.0,-0.0,0.0,0.0,0.0,0.0,0.0,0.0,0.0,0.0,0.0,-0.0,0.0,0.0,0.0,0.0,0.0,0.0,nan,nan,nan,nan,nan,nan,nan,nan,nan,nan,nan,nan,0.0,0.0,0.0,0.0,1.0,0.0,nan,nan,0.4,nan,0.01,nan,nan,nan,nan,nan,nan,nan,0.03,1,0.01,nan,nan,nan,nan,nan,9.779854217035403,nan,nan,nan,nan,nan,nan,nan,0.0,1.0,0.0,0,nan,nan,nan,nan,nan,nan,nan,nan,nan,nan,nan,nan,nan,0,nan,nan,nan,nan,nan,nan,0.12,0.0,0.0,0.11,nan,off,0.0,0.0,0.0,977.5077211610914,485.4514696306771,0.0,0.0,11.5,11.500020980834961,11.5,0.0,0.0,-0.01163552887737751,-0.06700000166893005,0.07000000029802322,-0.05900000035762787,0.0,0.0,0.0,7,idle,0,-1,nan,0.0,0.0,0.455,-0.034685629989824135,0.16462281943571355,0.4577198347006959,nan,nan,nan,nan,nan,nan,nan,nan,nan,nan,nan,nan,nan,nan,450.0,3.0,2.0,5.0,0.7,searching,nan,0,0.0,0.0,,nan,nan,nan,nan,nan,nan,nan,,nan,nan,nan,0,nan,
1786371707.8823304,23.12251729999999,FLIGHT,hopping,0,0,0,0,1,0,0.0,0,0,0,0,0,0,0,0,0,closed_form,0.3978384733200073,0.9887446165084839,1.1104353666305542,-0.07692337036132812,0.07692337036132812,0.14285659790039062,0.0024423599243164062,-0.012209892272949219,0.012209892272949219,0.06307716369628907,-0.043077239990234356,0.08439544677734376,-0.21645473578174018,-2.1247186646483747,-2.984155069152078,-0.21645473578174018,-2.1247186646483747,-2.984155069152078,1.0,4.25173441535907,-21.659147074446395,-33.686703002136205,0.0,0.0,0.0,0.0,0.0,0.0,0.0,0.0,0.0,1000.0,1000.0,1000.0,1000.0,1000.0,1000.0,-0.03458215005395861,0.16474710013596594,0.45767463864245667,-0.03458215005395861,0.16474710013596594,0.45767463864245667,-0.03639140164511132,-0.008372579175267767,0.005954627979653979,104.80957498037463,4.9872018771881805,0.00816693547876164,7.16933810586988,-0.006594409053928814,0.00468074607403957,0.4549281310112839,0.0,0.0,0.455,-2.1912641023290736e-18,1.1207523774655638e-18,1.4409777789409044,0.4876511119253885,0.0326511119253885,0.005340738322396876,0.0,0.0,0.0,0.0,0.0,0.0,0.0,0.9859777789409042,0.0,0.0,0.0,0.03671929594426466,0.00943310160291726,-0.006717391991510015,0.0,0.0,0.3898884952068329,-0.004667719826102257,0.007562361191958189,0.9208192229270935,0.0021500326693058014,-0.0007986085838638246,0.0003402116126380861,0.10577426850795746,-0.0631248876452446,-9.807062149047852,0.010288616642355919,0.014493715018033981,2.3406128883361816,0.3898884841102408,-0.004667719693254575,0.0075623609767263,0.9208191967197152,0.010288616141132988,0.01449371415025474,1.6711990897907543e-05,0.0,0.0,0.0,0.010287894316497435,0.014492823168461653,0.0,0.0,0.0,0.0,0.0021500326693058014,-0.0007986085838638246,0.0003402116126380861,0.0,0.0,0.0,0.0,0.0,0.0,0.0,0.0,0.0,0.0,0.0,0.0,0.0,-0.0,0,0.0,0.0,0.0,1.6,0.0,0.0,0.0,0.0,-0.0,0.0,0.0,0.0,0.0,0.0,0.0,0.0,0.0,0.0,-0.0,0.0,0.0,0.0,0.0,0.0,0.0,nan,nan,nan,nan,nan,nan,nan,nan,nan,nan,nan,nan,0.0,0.0,0.0,0.0,1.0,0.0,nan,nan,0.4,nan,0.01,nan,nan,nan,nan,nan,nan,nan,0.03,1,0.01,nan,nan,nan,nan,nan,9.807695482509418,nan,nan,nan,nan,nan,nan,nan,0.0,1.0,0.0,0,nan,nan,nan,nan,nan,nan,nan,nan,nan,nan,nan,nan,nan,0,nan,nan,nan,nan,nan,nan,0.12,0.0,0.0,0.11,nan,off,0.0,0.0,0.0,977.5077211610914,485.4514696306771,0.0,0.0,11.5,11.500020980834961,11.500020980834961,0.0,0.0,0.0,0.013000000268220901,0.05999999865889549,-0.04399999976158142,0.0,0.0,0.0,7,idle,0,-1,nan,0.0,0.0,0.455,-0.03458215005395861,0.16474710013596594,0.45767463864245667,nan,nan,nan,nan,nan,nan,nan,nan,nan,nan,nan,nan,nan,nan,450.0,3.0,2.0,5.0,0.7,searching,nan,0,0.0,0.0,,nan,nan,nan,nan,nan,nan,nan,,nan,nan,nan,0,nan,
1786371707.886112,23.12629484600003,FLIGHT,hopping,0,0,0,0,1,0,0.0,0,0,0,0,0,0,0,0,0,closed_form,0.3978384733200073,0.9883631467819214,1.1104353666305542,0.120880126953125,-0.010990142822265625,-0.0549468994140625,0.0024423599243164062,-0.0073261260986328125,0.017093658447265625,0.08041805267333985,-0.033451110839843735,0.04259274291992187,-0.21799523440238094,-2.1262051579717425,-2.9793118680842268,-0.21799523440238094,-2.1262051579717425,-2.9793118680842268,1.0,4.24795017453474,-21.639139422511363,-33.672954654489295,0.0,0.0,0.0,0.0,0.0,0.0,0.0,0.0,0.0,1000.0,1000.0,1000.0,1000.0,1000.0,1000.0,-0.034686491788310465,0.16470421719658784,0.45766496366053644,-0.034686491788310465,0.16470421719658784,0.45766496366053644,-0.021456987615610584,-0.01590642452744305,0.009691962568645367,104.80684101602257,4.98614831722056,0.008168232665126415,7.166379620507945,-0.006594440546116481,0.004681473020057022,0.45492812307467456,0.0,0.0,0.455,-3.326965494034375e-18,1.6968473538134878e-18,1.4409777789409042,0.4876349565374917,0.03263495653749171,0.005250001229399504,0.0,0.0,0.0,0.0,0.0,0.0,0.0,0.9859777789409042,0.0,0.0,0.0,0.02134467069069082,0.017383609540071246,-0.010315478658343993,0.0,0.0,0.3898879885673523,-0.004667444154620171,0.007563107647001743,0.9208194017410278,0.002918949583545327,0.00030717795016244054,0.0010676118545234203,0.09674045443534851,-0.06671173125505447,-9.8136625289917,0.010290213860571384,0.014493783935904503,2.340613842010498,0.3898879885899625,-0.004667444154890843,0.0075631076474403395,0.9208194017944276,0.010290214087426003,0.014493783371124452,1.7796494085517265e-05,0.0,0.0,0.0,0.010289492089127265,0.014492892261082642,0.0,0.0,0.0,0.0,0.002918949583545327,0.00030717795016244054,0.0010676118545234203,0.0,0.0,0.0,0.0,0.0,0.0,0.0,0.0,0.0,0.0,0.0,0.0,0.0,-0.0,0,0.0,0.0,0.0,1.6,0.0,0.0,0.0,0.0,-0.0,0.0,0.0,0.0,0.0,0.0,0.0,0.0,0.0,0.0,-0.0,0.0,0.0,0.0,0.0,0.0,0.0,nan,nan,nan,nan,nan,nan,nan,nan,nan,nan,nan,nan,0.0,0.0,0.0,0.0,1.0,0.0,nan,nan,0.4,nan,0.01,nan,nan,nan,nan,nan,nan,nan,0.03,1,0.01,nan,nan,nan,nan,nan,9.814200732192587,nan,nan,nan,nan,nan,nan,nan,0.0,1.0,0.0,0,nan,nan,nan,nan,nan,nan,nan,nan,nan,nan,nan,nan,nan,0,nan,nan,nan,nan,nan,nan,0.12,0.0,0.0,0.11,nan,off,0.0,0.0,0.0,977.5077211610914,485.4514696306771,0.0,0.0,11.5,11.500020980834961,11.500020980834961,0.0,0.0,0.0,0.013000000268220901,0.05999999865889549,-0.04399999976158142,0.0,0.0,0.0,7,idle,0,-1,nan,0.0,0.0,0.455,-0.034686491788310465,0.16470421719658784,0.45766496366053644,nan,nan,nan,nan,nan,nan,nan,nan,nan,nan,nan,nan,nan,nan,450.0,3.0,2.0,5.0,0.7,searching,nan,0,0.0,0.0,,nan,nan,nan,nan,nan,nan,nan,,nan,nan,nan,0,nan,
1786371707.8895488,23.129743761000064,FLIGHT,hopping,0,0,0,0,1,0,0.0,0,0,0,0,0,0,0,0,0,closed_form,0.3978384733200073,0.9883631467819214,1.1104353666305542,0.1868133544921875,-0.14285659790039062,-0.16483688354492188,0.0024423599243164062,0.0073261260986328125,0.0073261260986328125,0.11233664321899414,-0.06627275695800781,-0.01963614501953126,-0.22209396728112277,-2.1263026196832695,-2.9732254758653927,-0.22209396728112277,-2.1263026196832695,-2.9732254758653927,1.0,4.2365033598459725,-21.6141400832923,-33.66419273800722,0.0,0.0,0.0,0.0,0.0,0.0,0.0,0.0,0.0,1000.0,1000.0,1000.0,1000.0,1000.0,1000.0,-0.034686491788310465,0.16470421719658784,0.45766496366053644,-0.034686491788310465,0.16470421719658784,0.45766496366053644,-0.012111466259670335,-0.03372588452596209,0.014950496404369447,104.80684101602257,4.98614831722056,0.008168232665126415,7.166379620507941,-0.006595508511910866,0.004684174397784409,0.4549280797858937,0.0,0.0,0.455,-8.22232766027004e-19,-9.365953206502341e-20,1.4409777789409044,0.4876349565374917,0.03263495653749171,0.003501855713108186,0.0,0.0,0.0,0.0,0.0,0.0,0.0,0.9859777789409042,0.0,0.0,0.0,0.012176902695408767,0.03527686616047048,-0.015246084758355094,0.0,0.0,0.38988444209098816,-0.0046673971228301525,0.007566281594336033,0.920820951461792,0.0029128852766007185,3.021794555024826e-06,0.0017452146857976913,0.09829927980899811,-0.08534437417984009,-9.814153671264648,0.010296153835952282,0.014496132731437683,2.3406217098236084,0.3898844155693613,-0.004667396805333604,0.007566281079644819,0.9208208888235664,0.010296152469924089,0.01449613079529156,2.5591990800882033e-05,0.0,0.0,0.0,0.010295429670038521,0.014495238933504847,0.0,0.0,0.0,0.0,0.0029128852766007185,3.021794555024826e-06,0.0017452146857976913,0.0,0.0,0.0,0.0,0.0,0.0,0.0,0.0,0.0,0.0,0.0,0.0,0.0,-0.0,0,0.0,0.0,0.0,1.6,0.0,0.0,0.0,0.0,-0.0,0.0,0.0,0.0,0.0,0.0,0.0,0.0,0.0,0.0,-0.0,0.0,0.0,0.0,0.0,0.0,0.0,nan,nan,nan,nan,nan,nan,nan,nan,nan,nan,nan,nan,0.0,0.0,0.0,0.0,1.0,0.0,nan,nan,0.4,nan,0.01,nan,nan,nan,nan,nan,nan,nan,0.03,1,0.01,nan,nan,nan,nan,nan,9.814905903431491,nan,nan,nan,nan,nan,nan,nan,0.0,1.0,0.0,0,nan,nan,nan,nan,nan,nan,nan,nan,nan,nan,nan,nan,nan,0,nan,nan,nan,nan,nan,nan,0.12,0.0,0.0,0.11,nan,off,0.0,0.0,0.0,977.5077211610914,485.4514696306771,0.0,0.0,11.5,11.500020980834961,11.500020980834961,0.0,0.0,0.0,0.013000000268220901,0.05999999865889549,-0.04399999976158142,0.0,0.0,0.0,7,idle,0,-1,nan,0.0,0.0,0.455,-0.034686491788310465,0.16470421719658784,0.45766496366053644,nan,nan,nan,nan,nan,nan,nan,nan,nan,nan,nan,nan,nan,nan,450.0,3.0,2.0,5.0,0.7,searching,nan,0,0.0,0.0,,nan,nan,nan,nan,nan,nan,nan,,nan,nan,nan,0,nan,
1786371707.8930292,23.133267113000066,FLIGHT,hopping,0,0,0,0,1,0,0.0,0,0,0,0,0,0,0,0,0,closed_form,0.3978384733200073,0.9887446165084839,1.1108168363571167,-0.03296661376953125,0.14285659790039062,0.4945068359375,0.0024423599243164062,0.0024423599243164062,0.012209892272949219,0.06874566612243652,-0.00353395050048827,0.13460674926757815,-0.21709858069959756,-2.125050292804531,-2.9901711004060827,-0.21709858069959756,-2.125050292804531,-2.9901711004060827,1.0,4.274367888734506,-21.69160596019359,-33.73248718619538,0.0,0.0,0.0,0.0,0.0,0.0,0.0,0.0,0.0,1000.0,1000.0,1000.0,1000.0,1000.0,1000.0,-0.034694046726505265,0.16479196730929266,0.45766544297032585,-0.034694046726505265,0.16479196730929266,0.45766544297032585,-0.040295025192809183,0.0007691608499889853,0.006551307009188109,104.81969692268743,4.9885751670847025,0.008165209190281224,7.172904759701868,-0.006595776274052675,0.004685139647628877,0.4549280659640872,0.0,0.0,0.455,-2.2336028212102097e-18,1.1610349977074231e-18,1.4409777789409042,0.4876655893716026,0.03266558937160258,0.009274912849100156,0.0,0.0,0.0,0.0,0.0,0.0,0.0,0.9859777789409042,0.0,0.0,0.0,0.04052416418733322,0.0005450361689314576,-0.007555871304977431,0.0,0.0,0.38988196849823,-0.004667274653911591,0.007567360531538725,0.9208219647407532,0.0025623696856200695,-2.0298673916840926e-05,0.001973028527572751,0.10681689530611038,-0.08269097656011581,-9.80937385559082,0.010298275388777256,0.014496720395982265,2.3406269550323486,0.3898819512445534,-0.004667274447367934,0.007567360196655859,0.920821923991076,0.01029827432142923,0.014496719345355054,3.09564189399972e-05,0.0,0.0,0.0,0.01029755125366003,0.014495827247770012,0.0,0.0,0.0,0.0,0.0025623696856200695,-2.0298673916840926e-05,0.001973028527572751,0.0,0.0,0.0,0.0,0.0,0.0,0.0,0.0,0.0,0.0,0.0,0.0,0.0,-0.0,0,0.0,0.0,0.0,1.6,0.0,0.0,0.0,0.0,-0.0,0.0,0.0,0.0,0.0,0.0,0.0,0.0,0.0,0.0,-0.0,0.0,0.0,0.0,0.0,0.0,0.0,nan,nan,nan,nan,nan,nan,nan,nan,nan,nan,nan,nan,0.0,0.0,0.0,0.0,1.0,0.0,nan,nan,0.4,nan,0.01,nan,nan,nan,nan,nan,nan,nan,0.03,1,0.01,nan,nan,nan,nan,nan,9.810222935294778,nan,nan,nan,nan,nan,nan,nan,0.0,1.0,0.0,0,nan,nan,nan,nan,nan,nan,nan,nan,nan,nan,nan,nan,nan,0,nan,nan,nan,nan,nan,nan,0.12,0.0,0.0,0.11,nan,off,0.0,0.0,0.0,977.5077211610914,485.4514696306771,0.0,0.0,11.5,11.500020980834961,11.5,0.0,0.0,-0.01163552887737751,0.010999999940395355,0.035999998450279236,-0.00800000037997961,0.0,0.0,0.0,7,idle,0,-1,nan,0.0,0.0,0.455,-0.034694046726505265,0.16479196730929266,0.45766544297032585,nan,nan,nan,nan,nan,nan,nan,nan,nan,nan,nan,nan,nan,nan,450.0,3.0,2.0,5.0,0.7,searching,nan,0,0.0,0.0,,nan,nan,nan,nan,nan,nan,nan,,nan,nan,nan,0,nan,
1786371707.8970602,23.137354600999934,FLIGHT,hopping,0,0,0,0,1,0,0.0,0,0,0,0,0,0,0,0,0,closed_form,0.3978384733200073,0.9883631467819214,1.1104353666305542,0.010990142822265625,0.07692337036132812,-0.07692337036132812,0.0024423599243164062,-0.0073261260986328125,0.017093658447265625,0.05141900913238524,0.02060324575805665,0.07114771337890627,-0.2147180491886896,-2.130537449749136,-2.979849105491127,-0.2147180491886896,-2.130537449749136,-2.979849105491127,1.0,4.241859441328458,-21.660779262255225,-33.682170419944875,0.0,0.0,0.0,0.0,0.0,0.0,0.0,0.0,0.0,1000.0,1000.0,1000.0,1000.0,1000.0,1000.0,-0.034686491788310465,0.16470421719658784,0.45766496366053644,-0.034686491788310465,0.16470421719658784,0.45766496366053644,-0.015114432810508338,-0.0002842275412318861,0.006204746130773824,104.80684101602257,4.98614831722056,0.008168232665126415,7.16637962050794,-0.0065961540958604905,0.004685476196365556,0.4549280570199611,0.0,0.0,0.455,-5.4019006076176595e-19,4.028749225462818e-19,1.4409777789409042,0.4876349565374917,0.03263495653749171,0.006802523163842904,0.0,0.0,0.0,0.0,0.0,0.0,0.0,0.9859777789409042,0.0,0.0,0.0,0.015259355259629659,0.0013390869155002654,-0.006750158809731102,0.0,0.0,0.38988012075424194,-0.004667527973651886,0.007567853666841984,0.9208227396011353,0.002047488233074546,-8.749917469685897e-06,0.0014402697561308742,0.12592637538909912,-0.07143013179302216,-9.81340217590332,0.0102990148589015,0.014497551135718822,2.3406310081481934,0.389880104271595,-0.004667527776326575,0.007567853346901947,0.920822700672256,0.01029901422994936,0.014497549810221236,3.497347017956234e-05,0.0,0.0,0.0,0.010298291022077778,0.01449665754812034,0.0,0.0,0.0,0.0,0.002047488233074546,-8.749917469685897e-06,0.0014402697561308742,0.0,0.0,0.0,0.0,0.0,0.0,0.0,0.0,0.0,0.0,0.0,0.0,0.0,-0.0,0,0.0,0.0,0.0,1.6,0.0,0.0,0.0,0.0,-0.0,0.0,0.0,0.0,0.0,0.0,0.0,0.0,0.0,0.0,-0.0,0.0,0.0,0.0,0.0,0.0,0.0,nan,nan,nan,nan,nan,nan,nan,nan,nan,nan,nan,nan,0.0,0.0,0.0,0.0,1.0,0.0,nan,nan,0.4,nan,0.01,nan,nan,nan,nan,nan,nan,nan,0.03,1,0.01,nan,nan,nan,nan,nan,9.814411645270713,nan,nan,nan,nan,nan,nan,nan,0.0,1.0,0.0,0,nan,nan,nan,nan,nan,nan,nan,nan,nan,nan,nan,nan,nan,0,nan,nan,nan,nan,nan,nan,0.12,0.0,0.0,0.11,nan,off,0.0,0.0,0.0,977.5077211610914,485.4514696306771,0.0,0.0,11.5,11.500020980834961,11.5,0.0,0.0,-0.01163552887737751,0.010999999940395355,0.035999998450279236,-0.00800000037997961,0.0,0.0,0.0,7,idle,0,-1,nan,0.0,0.0,0.455,-0.034686491788310465,0.16470421719658784,0.45766496366053644,nan,nan,nan,nan,nan,nan,nan,nan,nan,nan,nan,nan,nan,nan,450.0,3.0,2.0,5.0,0.7,searching,nan,0,0.0,0.0,,nan,nan,nan,nan,nan,nan,nan,,nan,nan,nan,0,nan,
1786371707.9009447,23.141142804000047,FLIGHT,hopping,0,0,0,0,1,0,0.0,0,0,0,0,0,0,0,0,0,closed_form,0.3978384733200073,0.9883631467819214,1.1104353666305542,-0.1868133544921875,-0.03296661376953125,-0.120880126953125,0.0024423599243164062,-0.0024423599243164062,0.012209892272949219,-0.020050699954986588,0.004532287899780279,0.013539361279296877,-0.20761207802101364,-2.132006486538431,-2.9745186335685547,-0.20761207802101364,-2.132006486538431,-2.9745186335685547,1.0,4.223736673786491,-21.64595459532054,-33.610505250122266,0.0,0.0,0.0,0.0,0.0,0.0,0.0,0.0,0.0,1000.0,1000.0,1000.0,1000.0,1000.0,1000.0,-0.034686491788310465,0.16470421719658784,0.45766496366053644,-0.034686491788310465,0.16470421719658784,0.45766496366053644,-0.002776307036510696,0.0063798381629344356,-0.003095784908444633,104.80684101602257,4.98614831722056,0.008168232665126415,7.166379620507942,-0.006594400306976884,0.004686250709837442,0.4549280744676854,0.0,0.0,0.455,-2.939283014518499e-19,2.0379195717155077e-18,1.4409777789409042,0.4876349565374917,0.03263495653749171,-0.00055317134737165,0.0,0.0,0.0,0.0,0.0,0.0,0.0,0.9859777789409042,0.0,0.0,0.0,0.003713627351132491,-0.00533761437760033,0.0026702514729784843,0.0,0.0,0.3898767828941345,-0.004665448796004057,0.007567869033664465,0.9208241701126099,0.002245283452793956,-0.0015178871108219028,0.0012344594579190016,0.15815429389476776,-0.09055999666452408,-9.81334114074707,0.010300716385245323,0.014493696391582489,2.3406383991241455,0.38987676395438275,-0.004665448569362087,0.007567868666026362,0.9208241253800636,0.010300716150913597,0.014493694924165213,4.2229136737780995e-05,0.0,0.0,0.0,0.010299993051127648,0.014492803042240146,0.0,0.0,0.0,0.0,0.002245283452793956,-0.0015178871108219028,0.0012344594579190016,0.0,0.0,0.0,0.0,0.0,0.0,0.0,0.0,0.0,0.0,0.0,0.0,0.0,-0.0,0,0.0,0.0,0.0,1.6,0.0,0.0,0.0,0.0,-0.0,0.0,0.0,0.0,0.0,0.0,0.0,0.0,0.0,0.0,-0.0,0.0,0.0,0.0,0.0,0.0,0.0,nan,nan,nan,nan,nan,nan,nan,nan,nan,nan,nan,nan,0.0,0.0,0.0,0.0,1.0,0.0,nan,nan,0.4,nan,0.01,nan,nan,nan,nan,nan,nan,nan,0.03,1,0.01,nan,nan,nan,nan,nan,9.815014744675704,nan,nan,nan,nan,nan,nan,nan,0.0,1.0,0.0,0,nan,nan,nan,nan,nan,nan,nan,nan,nan,nan,nan,nan,nan,0,nan,nan,nan,nan,nan,nan,0.12,0.0,0.0,0.11,nan,off,0.0,0.0,0.0,977.5077211610914,485.4514696306771,0.0,0.0,11.5,11.500020980834961,11.5,0.0,0.0,-0.01163552887737751,0.010999999940395355,0.035999998450279236,-0.00800000037997961,0.0,0.0,0.0,7,idle,0,-1,nan,0.0,0.0,0.455,-0.034686491788310465,0.16470421719658784,0.45766496366053644,nan,nan,nan,nan,nan,nan,nan,nan,nan,nan,nan,nan,nan,nan,450.0,3.0,2.0,5.0,0.7,searching,nan,0,0.0,0.0,,nan,nan,nan,nan,nan,nan,nan,,nan,nan,nan,0,nan,
1786371707.9046118,23.144789940999964,FLIGHT,hopping,0,0,0,0,1,0,0.0,0,0,0,0,0,0,0,0,0,closed_form,0.3978384733200073,0.9883631467819214,1.1104353666305542,-0.09889984130859375,-0.16483688354492188,-0.25274658203125,0.0024423599243164062,-0.012209892272949219,0.0073261260986328125,-0.04370544236106874,-0.04627846353363037,-0.0663464217138672,-0.20582775144235463,-2.1310118271703637,-2.96799180714226,-0.20582775144235463,-2.1310118271703637,-2.96799180714226,1.0,4.209127104093449,-21.614845527244597,-33.551737819734456,0.0,0.0,0.0,0.0,0.0,0.0,0.0,0.0,0.0,1000.0,1000.0,1000.0,1000.0,1000.0,1000.0,-0.034686491788310465,0.16470421719658784,0.45766496366053644,-0.034686491788310465,0.16470421719658784,0.45766496366053644,0.006702576209025453,-0.0036828298097490767,-0.0058630521783331205,104.80684101602257,4.98614831722056,0.008168232665126415,7.166379620507939,-0.006593726405078693,0.0046860286059625875,0.45492808652357253,0.0,0.0,0.455,7.331555399221421e-19,2.439447379883671e-19,1.4409777789409042,0.4876349565374917,0.03263495653749171,-0.007223395227170729,0.0,0.0,0.0,0.0,0.0,0.0,0.0,0.9859777789409042,0.0,0.0,0.0,-0.006130276109412465,0.004352447381173799,0.005772664758567582,0.0,0.0,0.3898760974407196,-0.0046648671850562096,0.007567351683974266,0.920824408531189,0.0015598703175783157,-0.0009212105651386082,0.0004120861121919006,0.12907354533672333,-0.09092400968074799,-9.791726112365723,0.01030022744089365,0.014492213726043701,2.34063982963562,0.38987609968254955,-0.0046648672118797035,0.007567351727487361,0.9208244138260294,0.010300227712207352,0.014492213665528967,4.3666354110975316e-05,0.0,0.0,0.0,0.010299504774538067,0.014491322014909193,0.0,0.0,0.0,0.0,0.0015598703175783157,-0.0009212105651386082,0.0004120861121919006,0.0,0.0,0.0,0.0,0.0,0.0,0.0,0.0,0.0,0.0,0.0,0.0,0.0,-0.0,0,0.0,0.0,0.0,1.6,0.0,0.0,0.0,0.0,-0.0,0.0,0.0,0.0,0.0,0.0,0.0,0.0,0.0,0.0,-0.0,0.0,0.0,0.0,0.0,0.0,0.0,nan,nan,nan,nan,nan,nan,nan,nan,nan,nan,nan,nan,0.0,0.0,0.0,0.0,1.0,0.0,nan,nan,0.4,nan,0.01,nan,nan,nan,nan,nan,nan,nan,0.03,1,0.01,nan,nan,nan,nan,nan,9.792985433441439,nan,nan,nan,nan,nan,nan,nan,0.0,1.0,0.0,0,nan,nan,nan,nan,nan,nan,nan,nan,nan,nan,nan,nan,nan,0,nan,nan,nan,nan,nan,nan,0.12,0.0,0.0,0.11,nan,off,0.0,0.0,0.0,977.5077211610914,485.4514696306771,0.0,0.0,11.5,11.500020980834961,11.5,0.0,0.0,0.0,-0.020999999716877937,-0.06700000166893005,0.004999999888241291,0.0,0.0,0.0,7,idle,0,-1,nan,0.0,0.0,0.455,-0.034686491788310465,0.16470421719658784,0.45766496366053644,nan,nan,nan,nan,nan,nan,nan,nan,nan,nan,nan,nan,nan,nan,450.0,3.0,2.0,5.0,0.7,searching,nan,0,0.0,0.0,,nan,nan,nan,nan,nan,nan,nan,,nan,nan,nan,0,nan,
1786371707.9082062,23.148404020000008,FLIGHT,hopping,0,0,0,0,1,0,0.0,0,0,0,0,0,0,0,0,0,closed_form,0.3978384733200073,0.9883631467819214,1.1104353666305542,0.3846168518066406,0.1868133544921875,0.16483688354492188,0.0024423599243164062,-0.012209892272949219,0.0073261260986328125,0.08479124588924408,0.023649081874115005,0.003008569863769524,-0.21905479494351715,-2.134991602708855,-2.970962791153365,-0.21905479494351715,-2.134991602708855,-2.970962791153365,1.0,4.218838860820448,-21.64347077032024,-33.686287220028426,0.0,0.0,0.0,0.0,0.0,0.0,0.0,0.0,0.0,1000.0,1000.0,1000.0,1000.0,1000.0,1000.0,-0.034686491788310465,0.16470421719658784,0.45766496366053644,-0.034686491788310465,0.16470421719658784,0.45766496366053644,0.005776035993296187,-0.015077081392798241,0.012725991500661116,104.80684101602257,4.98614831722056,0.008168232665126424,7.16637962050794,-0.006592981842483406,0.004684435867817843,0.4549281137180082,0.0,0.0,0.455,-2.7805774037915246e-18,1.4461600559566634e-18,1.4409777789409042,0.4876349565374917,0.03263495653749171,0.0064405372956324765,0.0,0.0,0.0,0.0,0.0,0.0,0.0,0.9859777789409042,0.0,0.0,0.0,-0.005679296755980606,0.015651362793361434,-0.012622650036688216,0.0,0.0,0.3898748755455017,-0.004664806183427572,0.007565414533019066,0.9208249449729919,0.0009366534650325775,-0.0004661846614908427,0.00041047396371141076,0.12590129673480988,-0.10194806009531021,-9.7864990234375,0.01029672659933567,0.014490576460957527,2.3406424522399902,0.3898748767580283,-0.0046648061979353075,0.00756541455654781,0.9208249478367947,0.010296726391299417,0.01449057709238303,4.630136030331493e-05,0.0,0.0,0.0,0.010296003945222083,0.01448968591824269,0.0,0.0,0.0,0.0,0.0009366534650325775,-0.0004661846614908427,0.00041047396371141076,0.0,0.0,0.0,0.0,0.0,0.0,0.0,0.0,0.0,0.0,0.0,0.0,0.0,-0.0,0,0.0,0.0,0.0,1.6,0.0,0.0,0.0,0.0,-0.0,0.0,0.0,0.0,0.0,0.0,0.0,0.0,0.0,0.0,-0.0,0.0,0.0,0.0,0.0,0.0,0.0,nan,nan,nan,nan,nan,nan,nan,nan,nan,nan,nan,nan,0.0,0.0,0.0,0.0,1.0,0.0,nan,nan,0.4,nan,0.01,nan,nan,nan,nan,nan,nan,nan,0.03,1,0.01,nan,nan,nan,nan,nan,9.787826757688425,nan,nan,nan,nan,nan,nan,nan,0.0,1.0,0.0,0,nan,nan,nan,nan,nan,nan,nan,nan,nan,nan,nan,nan,nan,0,nan,nan,nan,nan,nan,nan,0.12,0.0,0.0,0.11,nan,off,0.0,0.0,0.0,977.5077211610914,485.4514696306771,0.0,0.0,11.5,11.500020980834961,11.5,0.0,0.0,0.0,-0.020999999716877937,-0.06700000166893005,0.004999999888241291,0.0,0.0,0.0,7,idle,0,-1,nan,0.0,0.0,0.455,-0.034686491788310465,0.16470421719658784,0.45766496366053644,nan,nan,nan,nan,nan,nan,nan,nan,nan,nan,nan,nan,nan,nan,450.0,3.0,2.0,5.0,0.7,searching,nan,0,0.0,0.0,,nan,nan,nan,nan,nan,nan,nan,,nan,nan,nan,0,nan,
1786371707.9118505,23.152039316000092,FLIGHT,hopping,0,0,0,0,1,0,0.0,0,0,0,0,0,0,0,0,0,closed_form,0.3978384733200073,0.9883631467819214,1.1104353666305542,-0.20878982543945312,0.010990142822265625,-0.120880126953125,0.0024423599243164062,-0.0073261260986328125,0.0073261260986328125,-0.003283075509365088,0.01985140015856019,-0.03415803918129884,-0.20994004909331387,-2.136647115885044,-2.967549053523997,-0.20994004909331387,-2.136647115885044,-2.967549053523997,1.0,4.203623898212795,-21.637542425328597,-33.61389725578211,0.0,0.0,0.0,0.0,0.0,0.0,0.0,0.0,0.0,1000.0,1000.0,1000.0,1000.0,1000.0,1000.0,-0.034686491788310465,0.16470421719658784,0.45766496366053644,-0.034686491788310465,0.16470421719658784,0.45766496366053644,0.015438326714923574,-0.0010862154894806075,0.0008556128931989034,104.80684101602257,4.98614831722056,0.008168232665126415,7.166379620507939,-0.006594474331337936,0.004683859096602214,0.4549280980245741,0.0,0.0,0.455,-1.0914710133301437e-18,5.689714515933516e-20,1.4409777789409042,0.4876349565374917,0.03263495653749171,-0.0006620149288374078,0.0,0.0,0.0,0.0,0.0,0.0,0.0,0.9859777789409042,0.0,0.0,0.0,-0.015355568518388062,0.0021272761214045166,-0.0009743071287134288,0.0,0.0,0.38987281918525696,-0.004666580818593502,0.007565460167825222,0.9208258390426636,0.0021843877620995045,9.258909267373383e-05,0.0008559275302104652,0.1261056363582611,-0.07816363126039505,-9.799659729003906,0.010295459069311619,0.014493857510387897,2.340646982192993,0.38987280862902723,-0.004666580692240762,0.007565459962982177,0.9208258141103046,0.01029545905147699,0.01449385763215832,5.07936664425675e-05,0.0,0.0,0.0,0.010294736494375428,0.014492966121142096,0.0,0.0,0.0,0.0,0.0021843877620995045,9.258909267373383e-05,0.0008559275302104652,0.0,0.0,0.0,0.0,0.0,0.0,0.0,0.0,0.0,0.0,0.0,0.0,0.0,-0.0,0,0.0,0.0,0.0,1.6,0.0,0.0,0.0,0.0,-0.0,0.0,0.0,0.0,0.0,0.0,0.0,0.0,0.0,0.0,-0.0,0.0,0.0,0.0,0.0,0.0,0.0,nan,nan,nan,nan,nan,nan,nan,nan,nan,nan,nan,nan,0.0,0.0,0.0,0.0,1.0,0.0,nan,nan,0.4,nan,0.01,nan,nan,nan,nan,nan,nan,nan,0.03,1,0.01,nan,nan,nan,nan,nan,9.800743449716625,nan,nan,nan,nan,nan,nan,nan,0.0,1.0,0.0,0,nan,nan,nan,nan,nan,nan,nan,nan,nan,nan,nan,nan,nan,0,nan,nan,nan,nan,nan,nan,0.12,0.0,0.0,0.11,nan,off,0.0,0.0,0.0,977.5077211610914,485.4514696306771,0.0,0.0,11.5,11.500020980834961,11.5,0.0,0.0,0.0,-0.020999999716877937,-0.06700000166893005,0.004999999888241291,0.0,0.0,0.0,7,idle,0,-1,nan,0.0,0.0,0.455,-0.034686491788310465,0.16470421719658784,0.45766496366053644,nan,nan,nan,nan,nan,nan,nan,nan,nan,nan,nan,nan,nan,nan,450.0,3.0,2.0,5.0,0.7,searching,nan,0,0.0,0.0,,nan,nan,nan,nan,nan,nan,nan,,nan,nan,nan,0,nan,
1786371707.9155738,23.155774363000056,FLIGHT,hopping,0,0,0,0,1,0,0.0,0,0,0,0,0,0,0,0,0,closed_form,0.3978384733200073,0.9887446165084839,1.1104353666305542,0.23077011108398438,0.16483688354492188,-0.07692337036132812,0.0024423599243164062,-0.017093658447265625,0.017093658447265625,0.06693288046863977,0.0633470451744687,-0.04698763853530763,-0.21856021780954027,-2.144614956649982,-2.961497711107289,-0.21856021780954027,-2.144614956649982,-2.961497711107289,1.0,4.177154419324102,-21.65351571159783,-33.691820734639904,0.0,0.0,0.0,0.0,0.0,0.0,0.0,0.0,0.0,1000.0,1000.0,1000.0,1000.0,1000.0,1000.0,-0.03458215005395861,0.16474710013596594,0.45767463864245667,-0.03458215005395861,0.16474710013596594,0.45767463864245667,0.03125780237827405,-0.012684503229771956,0.012363916515681377,104.80957498037463,4.9872018771881805,0.00816693547876164,7.169338105869881,-0.006594737074795863,0.0046839428255744525,0.454928093353797,0.0,0.0,0.455,-4.411800971123683e-19,-3.7999403989991373e-19,1.4409777789409042,0.4876511119253885,0.0326511119253885,0.005101913697528811,0.0,0.0,0.0,0.0,0.0,0.0,0.0,0.9859777789409042,0.0,0.0,0.0,-0.031207690984306622,0.013697128475497951,-0.012073630601093266,0.0,0.0,0.389871209859848,-0.004666823893785477,0.007565649226307869,0.9208264946937561,0.0018384660361334682,-5.069022881798446e-05,0.0012499617878347635,0.12227680534124374,-0.07975355535745621,-9.819458961486816,0.010295643471181393,0.014494434930384159,2.3406503200531006,0.38987120753991106,-0.004666823866015441,0.007565649181288311,0.9208264892143584,0.010295643186471148,0.014494435150969206,5.427330647140162e-05,0.0,0.0,0.0,0.010294920566852649,0.014493543550251045,0.0,0.0,0.0,0.0,0.0018384660361334682,-5.069022881798446e-05,0.0012499617878347635,0.0,0.0,0.0,0.0,0.0,0.0,0.0,0.0,0.0,0.0,0.0,0.0,0.0,-0.0,0,0.0,0.0,0.0,1.6,0.0,0.0,0.0,0.0,-0.0,0.0,0.0,0.0,0.0,0.0,0.0,0.0,0.0,0.0,-0.0,0.0,0.0,0.0,0.0,0.0,0.0,nan,nan,nan,nan,nan,nan,nan,nan,nan,nan,nan,nan,0.0,0.0,0.0,0.0,1.0,0.0,nan,nan,0.4,nan,0.01,nan,nan,nan,nan,nan,nan,nan,0.03,1,0.01,nan,nan,nan,nan,nan,9.820500412285835,nan,nan,nan,nan,nan,nan,nan,0.0,1.0,0.0,0,nan,nan,nan,nan,nan,nan,nan,nan,nan,nan,nan,nan,nan,0,nan,nan,nan,nan,nan,nan,0.12,0.0,0.0,0.11,nan,off,0.0,0.0,0.0,977.5077211610914,485.4514696306771,0.0,0.0,11.5,11.5,11.5,0.0,0.0,0.008726646192371845,-0.013000000268220901,0.010999999940395355,-0.03500000014901161,0.0,0.0,0.0,7,idle,0,-1,nan,0.0,0.0,0.455,-0.03458215005395861,0.16474710013596594,0.45767463864245667,nan,nan,nan,nan,nan,nan,nan,nan,nan,nan,nan,nan,nan,nan,450.0,3.0,2.0,5.0,0.7,searching,nan,0,0.0,0.0,,nan,nan,nan,nan,nan,nan,nan,,nan,nan,nan,0,nan,
1786371707.9193885,23.159703408000006,FLIGHT,hopping,0,0,0,0,1,0,0.0,0,0,0,0,0,0,0,0,0,closed_form,0.3978384733200073,0.9883631467819214,1.1104353666305542,0.2967033386230469,0.0549468994140625,-0.120880126953125,0.0024423599243164062,-0.0073261260986328125,0.0073261260986328125,0.13586401791496192,0.06082700144634683,-0.06915538506065284,-0.22542056142662725,-2.143639286066116,-2.9592647171040403,-0.22542056142662725,-2.143639286066116,-2.9592647171040403,1.0,4.185489064592222,-21.63292323766423,-33.7143731210823,0.0,0.0,0.0,0.0,0.0,0.0,0.0,0.0,0.0,1000.0,1000.0,1000.0,1000.0,1000.0,1000.0,-0.034686491788310465,0.16470421719658784,0.45766496366053644,-0.034686491788310465,0.16470421719658784,0.45766496366053644,0.03722059252037449,-0.03028274737097946,0.022757633121648812,104.80684101602257,4.98614831722056,0.008168232665126415,7.166379620507941,-0.006593866239359502,0.004683727860650471,0.45492810819001367,0.0,0.0,0.455,-2.071948082562221e-18,1.9558032447494371e-19,1.4409777789409042,0.4876349565374917,0.03263495653749171,0.008483032856952209,0.0,0.0,0.0,0.0,0.0,0.0,0.0,0.9859777789409042,0.0,0.0,0.0,-0.037291972951745266,0.03144055356111345,-0.022210183994793284,0.0,0.0,0.38987046480178833,-0.004666040651500225,0.007565054576843977,0.92082679271698,0.0020319740287959576,-0.0006212747539393604,-0.0001710540964268148,0.12405342608690262,-0.10357404500246048,-9.797270774841309,0.010295170359313488,0.014492521062493324,2.3406519889831543,0.38987047191764296,-0.004666040736664068,0.007565054714920167,0.9208268095237663,0.010295170375771568,0.014492521025895341,5.586467258801399e-05,0.0,0.0,0.0,0.010294447948840501,0.014491629712205089,0.0,0.0,0.0,0.0,0.0020319740287959576,-0.0006212747539393604,-0.0001710540964268148,0.0,0.0,0.0,0.0,0.0,0.0,0.0,0.0,0.0,0.0,0.0,0.0,0.0,-0.0,0,0.0,0.0,0.0,1.6,0.0,0.0,0.0,0.0,-0.0,0.0,0.0,0.0,0.0,0.0,0.0,0.0,0.0,0.0,-0.0,0.0,0.0,0.0,0.0,0.0,0.0,nan,nan,nan,nan,nan,nan,nan,nan,nan,nan,nan,nan,0.0,0.0,0.0,0.0,1.0,0.0,nan,nan,0.4,nan,0.01,nan,nan,nan,nan,nan,nan,nan,0.03,1,0.01,nan,nan,nan,nan,nan,9.798586732664253,nan,nan,nan,nan,nan,nan,nan,0.0,1.0,0.0,0,nan,nan,nan,nan,nan,nan,nan,nan,nan,nan,nan,nan,nan,0,nan,nan,nan,nan,nan,nan,0.12,0.0,0.0,0.11,nan,off,0.0,0.0,0.0,977.5077211610914,485.4514696306771,0.0,0.0,11.5,11.5,11.5,0.0,0.0,0.008726646192371845,-0.013000000268220901,0.010999999940395355,-0.03500000014901161,0.0,0.0,0.0,7,idle,0,-1,nan,0.0,0.0,0.455,-0.034686491788310465,0.16470421719658784,0.45766496366053644,nan,nan,nan,nan,nan,nan,nan,nan,nan,nan,nan,nan,nan,nan,450.0,3.0,2.0,5.0,0.7,searching,nan,0,0.0,0.0,,nan,nan,nan,nan,nan,nan,nan,,nan,nan,nan,0,nan,
1786371707.9245205,23.16474081900011,FLIGHT,hopping,0,0,0,0,1,0,0.0,0,0,0,0,0,0,0,0,0,closed_form,0.3978384733200073,0.9887446165084839,1.1104353666305542,0.25274658203125,0.1868133544921875,0.120880126953125,0.0024423599243164062,-0.017093658447265625,-0.0024423599243164062,0.17092878714984833,0.09862290736009904,-0.01214473145651948,-0.22947748031462667,-2.1467158335999392,-2.9625291612168096,-0.22947748031462667,-2.1467158335999392,-2.9625291612168096,1.0,4.183392603431639,-21.666074437459624,-33.786421494176274,0.0,0.0,0.0,0.0,0.0,0.0,0.0,0.0,0.0,1000.0,1000.0,1000.0,1000.0,1000.0,1000.0,-0.03458215005395861,0.16474710013596594,0.45767463864245667,-0.03458215005395861,0.16474710013596594,0.45767463864245667,0.030922441783462807,-0.026806813288320176,0.027381404379009225,104.80957498037463,4.9872018771881805,0.00816693547876164,7.169338105869883,-0.0065952462762720486,0.00468416253595166,0.45492808370982346,0.0,0.0,0.455,-9.639902401649211e-19,-1.305958489769642e-18,1.4409777789409044,0.4876511119253885,0.0326511119253885,0.014448988031501818,0.0,0.0,0.0,0.0,0.0,0.0,0.0,0.9859777789409042,0.0,0.0,0.0,-0.031127564330500533,0.02805950748755746,-0.026980611900474162,0.0,0.0,0.3898671865463257,-0.004667277913540602,0.0075660692527890205,0.9208281636238098,0.0020329956896603107,2.26020642912772e-06,0.001165633904747665,0.15203915536403656,-0.10419222712516785,-9.795034408569336,0.010296125896275043,0.014495554380118847,2.3406591415405273,0.3898671945472962,-0.004667278009323869,0.007566069408062147,0.9208281825213196,0.01029612630980282,0.0144955543926697,6.299414168668719e-05,0.0,0.0,0.0,0.010295403555690152,0.014494662608668064,0.0,0.0,0.0,0.0,0.0020329956896603107,2.26020642912772e-06,0.001165633904747665,0.0,0.0,0.0,0.0,0.0,0.0,0.0,0.0,0.0,0.0,0.0,0.0,0.0,-0.0,0,0.0,0.0,0.0,1.6,0.0,0.0,0.0,0.0,-0.0,0.0,0.0,0.0,0.0,0.0,0.0,0.0,0.0,0.0,-0.0,0.0,0.0,0.0,0.0,0.0,0.0,nan,nan,nan,nan,nan,nan,nan,nan,nan,nan,nan,nan,0.0,0.0,0.0,0.0,1.0,0.0,nan,nan,0.4,nan,0.01,nan,nan,nan,nan,nan,nan,nan,0.03,1,0.01,nan,nan,nan,nan,nan,9.796762686510618,nan,nan,nan,nan,nan,nan,nan,0.0,1.0,0.0,0,nan,nan,nan,nan,nan,nan,nan,nan,nan,nan,nan,nan,nan,0,nan,nan,nan,nan,nan,nan,0.12,0.0,0.0,0.11,nan,off,0.0,0.0,0.0,977.5077211610914,485.4514696306771,0.0,0.0,11.5,11.5,11.500041961669922,0.0,0.0,0.0,0.020999999716877937,0.00800000037997961,-0.0729999989271164,0.0,0.0,0.0,7,idle,0,-1,nan,0.0,0.0,0.455,-0.03458215005395861,0.16474710013596594,0.45767463864245667,nan,nan,nan,nan,nan,nan,nan,nan,nan,nan,nan,nan,nan,nan,450.0,3.0,2.0,5.0,0.7,searching,nan,0,0.0,0.0,,nan,nan,nan,nan,nan,nan,nan,,nan,nan,nan,0,nan,
1786371707.9283285,23.16852441300008,FLIGHT,hopping,0,0,0,0,1,0,0.0,0,0,0,0,0,0,0,0,0,closed_form,0.3978384733200073,0.9883631467819214,1.1100538969039917,-0.14285659790039062,0.03296661376953125,-0.4285697937011719,0.0024423599243164062,-0.0024423599243164062,0.0073261260986328125,0.07679317163477661,0.0789260192829287,-0.13707225012991522,-0.2193882765844103,-2.1507632098496865,-2.9481274748524395,-0.2193882765844103,-2.1507632098496865,-2.9481274748524395,1.0,4.138841169172897,-21.61278291716281,-33.64900531097251,0.0,0.0,0.0,0.0,0.0,0.0,0.0,0.0,0.0,1000.0,1000.0,1000.0,1000.0,1000.0,1000.0,-0.03457462163367939,0.16465933881229222,0.4576741448200911,-0.03457462163367939,0.16465933881229222,0.4576741448200911,0.061946112498656336,-0.02363609086024456,0.016336858991114537,104.79672846884704,4.984776632627974,0.008169958148003737,7.162821031126067,-0.0065946283163356,0.004684632408294897,0.4549280878298993,0.0,0.0,0.455,1.746192104784514e-20,5.892423348444103e-19,1.4409777789409044,0.4876204724537466,0.03262047245374661,0.002959866442990972,0.0,0.0,0.0,0.0,0.0,0.0,0.0,0.9859777789409042,0.0,0.0,0.0,-0.061693037270819706,0.024822903171508214,-0.015519985749528592,0.0,0.0,0.3898668587207794,-0.004666454624384642,0.007566278800368309,0.9208284020423889,0.002211113227531314,-0.0009740062523633242,0.00024476618273183703,0.14689365029335022,-0.11408279091119766,-9.808015823364258,0.010297160595655441,0.014494197443127632,2.3406598567962646,0.38986683183743615,-0.004666454302608377,0.007566278278634118,0.9208283385464916,0.010297158956771598,0.014494196096275726,6.378434020769825e-05,0.0,0.0,0.0,0.010296436195038582,0.014493304413902949,0.0,0.0,0.0,0.0,0.002211113227531314,-0.0009740062523633242,0.00024476618273183703,0.0,0.0,0.0,0.0,0.0,0.0,0.0,0.0,0.0,0.0,0.0,0.0,0.0,-0.0,0,0.0,0.0,0.0,1.6,0.0,0.0,0.0,0.0,-0.0,0.0,0.0,0.0,0.0,0.0,0.0,0.0,0.0,0.0,-0.0,0.0,0.0,0.0,0.0,0.0,0.0,nan,nan,nan,nan,nan,nan,nan,nan,nan,nan,nan,nan,0.0,0.0,0.0,0.0,1.0,0.0,nan,nan,0.4,nan,0.01,nan,nan,nan,nan,nan,nan,nan,0.03,1,0.01,nan,nan,nan,nan,nan,9.809769294271963,nan,nan,nan,nan,nan,nan,nan,0.0,1.0,0.0,0,nan,nan,nan,nan,nan,nan,nan,nan,nan,nan,nan,nan,nan,0,nan,nan,nan,nan,nan,nan,0.12,0.0,0.0,0.11,nan,off,0.0,0.0,0.0,977.5077211610914,485.4514696306771,0.0,0.0,11.5,11.5,11.500041961669922,0.0,0.0,0.0,0.020999999716877937,0.00800000037997961,-0.0729999989271164,0.0,0.0,0.0,7,idle,0,-1,nan,0.0,0.0,0.455,-0.03457462163367939,0.16465933881229222,0.4576741448200911,nan,nan,nan,nan,nan,nan,nan,nan,nan,nan,nan,nan,nan,nan,450.0,3.0,2.0,5.0,0.7,searching,nan,0,0.0,0.0,,nan,nan,nan,nan,nan,nan,nan,,nan,nan,nan,0,nan,
1786371707.931693,23.171880490000113,FLIGHT,hopping,0,0,0,0,1,0,0.0,0,0,0,0,0,0,0,0,0,closed_form,0.3978384733200073,0.9883631467819214,1.1104353666305542,-0.07692337036132812,-0.27472686767578125,0.14285659790039062,0.0024423599243164062,0.0024423599243164062,-0.0024423599243164062,0.030678209035945186,-0.027169846804684296,-0.05309359572082346,-0.21372701323166088,-2.1325225028830332,-2.9676828229106516,-0.21372701323166088,-2.1325225028830332,-2.9676828229106516,1.0,4.211281389243238,-21.61953717756657,-33.61363982273219,0.0,0.0,0.0,0.0,0.0,0.0,0.0,0.0,0.0,1000.0,1000.0,1000.0,1000.0,1000.0,1000.0,-0.034686491788310465,0.16470421719658784,0.45766496366053644,-0.034686491788310465,0.16470421719658784,0.45766496366053644,0.008209293470498119,-0.015844864403602787,0.0050033790150575295,104.80684101602257,4.98614831722056,0.008168232665126415,7.166379620507939,-0.006593294136559622,0.004684465069050736,0.4549281088913342,0.0,0.0,0.455,6.424268925900949e-19,2.2061068340057384e-19,1.4409777789409042,0.4876349565374917,0.03263495653749171,-0.0012398543121693963,0.0,0.0,0.0,0.0,0.0,0.0,0.0,0.9859777789409042,0.0,0.0,0.0,-0.007590387306195139,0.01664849606174374,-0.004940644016998422,0.0,0.0,0.38986632227897644,-0.00466518010944128,0.007565534673631191,0.9208285808563232,0.00162670505233109,-0.001442743930965662,0.000194796099094674,0.14288097620010376,-0.09171630442142487,-9.806429862976074,0.010296790860593319,0.014491263777017593,2.34066104888916,0.38986631725173676,-0.004665180049284819,0.007565534576075302,0.9208285689824431,0.010296790682407948,0.014491263525059726,6.4894030149001e-05,0.0,0.0,0.0,0.010296068178339191,0.014490372255861207,0.0,0.0,0.0,0.0,0.00162670505233109,-0.001442743930965662,0.000194796099094674,0.0,0.0,0.0,0.0,0.0,0.0,0.0,0.0,0.0,0.0,0.0,0.0,0.0,-0.0,0,0.0,0.0,0.0,1.6,0.0,0.0,0.0,0.0,-0.0,0.0,0.0,0.0,0.0,0.0,0.0,0.0,0.0,0.0,-0.0,0.0,0.0,0.0,0.0,0.0,0.0,nan,nan,nan,nan,nan,nan,nan,nan,nan,nan,nan,nan,0.0,0.0,0.0,0.0,1.0,0.0,nan,nan,0.4,nan,0.01,nan,nan,nan,nan,nan,nan,nan,0.03,1,0.01,nan,nan,nan,nan,nan,9.80789514432119,nan,nan,nan,nan,nan,nan,nan,0.0,1.0,0.0,0,nan,nan,nan,nan,nan,nan,nan,nan,nan,nan,nan,nan,nan,0,nan,nan,nan,nan,nan,nan,0.12,0.0,0.0,0.11,nan,off,0.0,0.0,0.0,977.5077211610914,485.4514696306771,0.0,2.187013626098633,11.5,11.5,11.500041961669922,0.0,0.0,0.0,0.020999999716877937,0.00800000037997961,-0.0729999989271164,0.0,0.0,0.0,7,idle,0,-1,nan,0.0,0.0,0.455,-0.034686491788310465,0.16470421719658784,0.45766496366053644,nan,nan,nan,nan,nan,nan,nan,nan,nan,nan,nan,nan,nan,nan,450.0,3.0,2.0,5.0,0.7,searching,nan,0,0.0,0.0,,nan,nan,nan,nan,nan,nan,nan,,nan,nan,nan,0,nan,
1786371707.935004,23.17521122000013,FLIGHT,hopping,0,0,0,0,1,0,0.0,0,0,0,0,0,0,0,0,0,closed_form,0.3978384733200073,0.9883631467819214,1.1100538969039917,-0.16483688354492188,-0.16483688354492188,-0.40659332275390625,0.0024423599243164062,0.0073261260986328125,0.012209892272949219,-0.027976318738314937,-0.06846995782675558,-0.15914351383074832,-0.20802718041900634,-2.1352267421743822,-2.955418396706575,-0.20802718041900634,-2.1352267421743822,-2.955418396706575,1.0,4.167780204302565,-21.57523767116288,-33.51477930458666,0.0,0.0,0.0,0.0,0.0,0.0,0.0,0.0,0.0,1000.0,1000.0,1000.0,1000.0,1000.0,1000.0,-0.03457462163367939,0.16465933881229222,0.4576741448200911,-0.03457462163367939,0.16465933881229222,0.4576741448200911,0.02787311736611903,-0.0204514260722773,-0.0019376819575713479,104.79672846884704,4.984776632627974,0.00816995814800373,7.1628210311260645,-0.006593294136559622,0.004684465069050736,0.4549281088913342,0.0,0.0,0.455,6.424268925900949e-19,2.2061068340057384e-19,1.4409777789409042,0.4876204724537466,0.03262047245374661,-0.010701043145546159,0.0,0.0,0.0,0.0,0.0,0.0,0.0,0.9859777789409042,0.0,0.0,0.0,-0.027151174373737545,0.021182068825693498,0.0023316023968759014,0.0,0.0,0.38986632227897644,-0.00466518010944128,0.007565534673631191,0.9208285808563232,0.00162670505233109,-0.001442743930965662,0.000194796099094674,0.14288097620010376,-0.09171630442142487,-9.806429862976074,0.010296790860593319,0.014491263777017593,2.34066104888916,0.38986631725173676,-0.004665180049284819,0.007565534576075302,0.9208285689824431,0.010296790682407948,0.014491263525059726,6.4894030149001e-05,0.0,0.0,0.0,0.010296068178339191,0.014490372255861207,0.0,0.0,0.0,0.0,0.00162670505233109,-0.001442743930965662,0.000194796099094674,0.0,0.0,0.0,0.0,0.0,0.0,0.0,0.0,0.0,0.0,0.0,0.0,0.0,-0.0,0,0.0,0.0,0.0,1.6,0.0,0.0,0.0,0.0,-0.0,0.0,0.0,0.0,0.0,0.0,0.0,0.0,0.0,0.0,-0.0,0.0,0.0,0.0,0.0,0.0,0.0,nan,nan,nan,nan,nan,nan,nan,nan,nan,nan,nan,nan,0.0,0.0,0.0,0.0,1.0,0.0,nan,nan,0.4,nan,0.01,nan,nan,nan,nan,nan,nan,nan,0.03,1,0.01,nan,nan,nan,nan,nan,9.80789514432119,nan,nan,nan,nan,nan,nan,nan,0.0,1.0,0.0,0,nan,nan,nan,nan,nan,nan,nan,nan,nan,nan,nan,nan,nan,0,nan,nan,nan,nan,nan,nan,0.12,0.0,0.0,0.11,nan,off,0.0,0.0,0.0,977.5077211610914,485.4514696306771,0.0,0.0,11.5,11.5,11.5,0.0,0.0,-0.02327105775475502,0.0,0.0010000000474974513,-0.0020000000949949026,0.0,0.0,0.0,7,idle,0,-1,nan,0.0,0.0,0.455,-0.03457462163367939,0.16465933881229222,0.4576741448200911,nan,nan,nan,nan,nan,nan,nan,nan,nan,nan,nan,nan,nan,nan,450.0,3.0,2.0,5.0,0.7,searching,nan,0,0.0,0.0,,nan,nan,nan,nan,nan,nan,nan,,nan,nan,nan,0,nan,
1786371707.9387684,23.178980254000145,FLIGHT,hopping,0,0,0,0,1,0,0.0,0,0,0,0,0,0,0,0,0,closed_form,0.3978384733200073,0.9883631467819214,1.1100538969039917,-0.25274658203125,-0.07692337036132812,-0.3186798095703125,0.0024423599243164062,0.0024423599243164062,0.021978378295898438,-0.09540739772619547,-0.07100598158712734,-0.2070044025526176,-0.2012617371671344,-2.1376615060229596,-2.9504291314553344,-0.2012617371671344,-2.1376615060229596,-2.9504291314553344,1.0,4.1494566011711775,-21.56605705619732,-33.45384019488022,0.0,0.0,0.0,0.0,0.0,0.0,0.0,0.0,0.0,1000.0,1000.0,1000.0,1000.0,1000.0,1000.0,-0.03457462163367939,0.16465933881229222,0.4576741448200911,-0.03457462163367939,0.16465933881229222,0.4576741448200911,0.04106094886202808,-0.01197985289962306,-0.010551901164455943,104.79672846884704,4.984776632627974,0.00816995814800373,7.162821031126063,-0.006592116002402925,0.0046842074724873835,0.4549281286169999,0.0,0.0,0.455,-1.109722771079205e-18,-1.356831892702944e-19,1.4409777789409044,0.4876204724537466,0.03262047245374661,-0.016860641081457656,0.0,0.0,0.0,0.0,0.0,0.0,0.0,0.9859777789409042,0.0,0.0,0.0,-0.04038133082838733,0.012570417444990658,0.011055788038255144,0.0,0.0,0.38986673951148987,-0.004664095118641853,0.007564771454781294,0.9208284616470337,0.0015715521294623613,-0.0013434792635962367,-0.0005489680333994329,0.1178046390414238,-0.08862514048814774,-9.79910945892334,0.010296224616467953,0.014488675631582737,2.3406600952148438,0.38986671808694956,-0.00466409486233352,0.007564771039070655,0.9208284110442905,0.010296224060265001,0.014488673947372766,6.401517357305422e-05,0.0,0.0,0.0,0.010295501809139091,0.014487783060916677,0.0,0.0,0.0,0.0,0.0015715521294623613,-0.0013434792635962367,-0.0005489680333994329,0.0,0.0,0.0,0.0,0.0,0.0,0.0,0.0,0.0,0.0,0.0,0.0,0.0,-0.0,0,0.0,0.0,0.0,1.6,0.0,0.0,0.0,0.0,-0.0,0.0,0.0,0.0,0.0,0.0,0.0,0.0,0.0,0.0,-0.0,0.0,0.0,0.0,0.0,0.0,0.0,nan,nan,nan,nan,nan,nan,nan,nan,nan,nan,nan,nan,0.0,0.0,0.0,0.0,1.0,0.0,nan,nan,0.4,nan,0.01,nan,nan,nan,nan,nan,nan,nan,0.03,1,0.01,nan,nan,nan,nan,nan,9.800180766269548,nan,nan,nan,nan,nan,nan,nan,0.0,1.0,0.0,0,nan,nan,nan,nan,nan,nan,nan,nan,nan,nan,nan,nan,nan,0,nan,nan,nan,nan,nan,nan,0.12,0.0,0.0,0.11,nan,off,0.0,0.0,0.0,977.5077211610914,485.4514696306771,0.0,0.0,11.5,11.5,11.5,0.0,0.0,-0.02327105775475502,0.0,0.0010000000474974513,-0.0020000000949949026,0.0,0.0,0.0,7,idle,0,-1,nan,0.0,0.0,0.455,-0.03457462163367939,0.16465933881229222,0.4576741448200911,nan,nan,nan,nan,nan,nan,nan,nan,nan,nan,nan,nan,nan,nan,450.0,3.0,2.0,5.0,0.7,searching,nan,0,0.0,0.0,,nan,nan,nan,nan,nan,nan,nan,,nan,nan,nan,0,nan,
1786371707.9424522,23.182646623999936,FLIGHT,hopping,0,0,0,0,1,0,0.0,0,0,0,0,0,0,0,0,0,closed_form,0.3978384733200073,0.9883631467819214,1.1104353666305542,0.0549468994140625,0.010990142822265625,-0.09889984130859375,0.0024423599243164062,0.0024423599243164062,0.0024423599243164062,-0.05030110858411807,-0.04640714426430945,-0.17457303417941045,-0.2062360239259865,-2.1374727796632773,-2.954792479508665,-0.2062360239259865,-2.1374727796632773,-2.954792479508665,1.0,4.171520683537917,-21.588992297662983,-33.51564594762736,0.0,0.0,0.0,0.0,0.0,0.0,0.0,0.0,0.0,1000.0,1000.0,1000.0,1000.0,1000.0,1000.0,-0.034686491788310465,0.16470421719658784,0.45766496366053644,-0.034686491788310465,0.16470421719658784,0.45766496366053644,0.03839076855540545,-0.0150214442665145,-0.004205476670912595,104.80684101602257,4.98614831722056,0.008168232665126415,7.166379620507944,-0.006591662257442248,0.004681653089224312,0.4549281614860043,0.0,0.0,0.455,-1.858799844449121e-18,5.729269903721158e-19,1.4409777789409042,0.4876349565374917,0.03263495653749171,-0.011751486533657284,0.0,0.0,0.0,0.0,0.0,0.0,0.0,0.9859777789409042,0.0,0.0,0.0,-0.03829039810482716,0.015968476609998068,0.00457191082734672,0.0,0.0,0.38986635208129883,-0.004664733074605465,0.0075619895942509174,0.9208285808563232,0.0022075525484979153,-0.000296438520308584,-0.0005857798387296498,0.14784595370292664,-0.08007575571537018,-9.787692070007324,0.010290609672665596,0.01448767725378275,2.340660810470581,0.3898663537911882,-0.004664733095064213,0.007561989627416554,0.9208285848949253,0.010290608995638512,0.014487676601027677,6.477589101005898e-05,0.0,0.0,0.0,0.010289887410984966,0.014486786264333348,0.0,0.0,0.0,0.0,0.0022075525484979153,-0.000296438520308584,-0.0005857798387296498,0.0,0.0,0.0,0.0,0.0,0.0,0.0,0.0,0.0,0.0,0.0,0.0,0.0,-0.0,0,0.0,0.0,0.0,1.6,0.0,0.0,0.0,0.0,-0.0,0.0,0.0,0.0,0.0,0.0,0.0,0.0,0.0,0.0,-0.0,0.0,0.0,0.0,0.0,0.0,0.0,nan,nan,nan,nan,nan,nan,nan,nan,nan,nan,nan,nan,0.0,0.0,0.0,0.0,1.0,0.0,nan,nan,0.4,nan,0.01,nan,nan,nan,nan,nan,nan,nan,0.03,1,0.01,nan,nan,nan,nan,nan,9.789112518904684,nan,nan,nan,nan,nan,nan,nan,0.0,1.0,0.0,0,nan,nan,nan,nan,nan,nan,nan,nan,nan,nan,nan,nan,nan,0,nan,nan,nan,nan,nan,nan,0.12,0.0,0.0,0.11,nan,off,0.0,0.0,0.0,977.5077211610914,485.4514696306771,0.0,0.0,11.5,11.5,11.5,0.0,0.0,-0.02327105775475502,0.0,0.0010000000474974513,-0.0020000000949949026,0.0,0.0,0.0,7,idle,0,-1,nan,0.0,0.0,0.455,-0.034686491788310465,0.16470421719658784,0.45766496366053644,nan,nan,nan,nan,nan,nan,nan,nan,nan,nan,nan,nan,nan,nan,450.0,3.0,2.0,5.0,0.7,searching,nan,0,0.0,0.0,,nan,nan,nan,nan,nan,nan,nan,,nan,nan,nan,0,nan,
1786371707.9460711,23.18632640400002,FLIGHT,hopping,0,0,0,0,1,0,0.0,0,0,0,0,0,0,0,0,0,closed_form,0.3978384733200073,0.9883631467819214,1.1104353666305542,0.14285659790039062,0.03296661376953125,0.010990142822265625,0.0024423599243164062,-0.0073261260986328125,0.012209892272949219,0.007646203361234553,-0.022595016854157234,-0.11890408107890763,-0.21195230761729064,-2.136928523084567,-2.959577192962005,-0.21195230761729064,-2.136928523084567,-2.959577192962005,1.0,4.186436319519318,-21.605778571029823,-33.58050973858906,0.0,0.0,0.0,0.0,0.0,0.0,0.0,0.0,0.0,1000.0,1000.0,1000.0,1000.0,1000.0,1000.0,-0.034686491788310465,0.16470421719658784,0.45766496366053644,-0.034686491788310465,0.16470421719658784,0.45766496366053644,0.028707826134379368,-0.018158556316579318,0.0033931623360236884,104.80684101602257,4.98614831722056,0.008168232665126415,7.166379620507938,-0.006591963065412508,0.00468327875867846,0.45492814039473617,0.0,0.0,0.455,-2.5789656914197485e-19,7.471147631080101e-19,1.4409777789409044,0.4876349565374917,0.03263495653749171,-0.004990686227834149,0.0,0.0,0.0,0.0,0.0,0.0,0.0,0.9859777789409042,0.0,0.0,0.0,-0.028785281162854434,0.01966463254627465,-0.0033046696187096058,0.0,0.0,0.38986656069755554,-0.004664339125156403,0.0075637646950781345,0.9208284616470337,0.0032354446593672037,-7.101750816218555e-05,-0.00035089394077658653,0.14189428091049194,-0.09321147948503494,-9.788893699645996,0.010294182226061821,0.014488337561488152,2.340660333633423,0.38986656897730393,-0.004664339224214794,0.007563764855712759,0.9208284812030273,0.010294182558427506,0.014488337786836846,6.432799315801912e-05,0.0,0.0,0.0,0.010293460547689984,0.014487447096818862,0.0,0.0,0.0,0.0,0.0032354446593672037,-7.101750816218555e-05,-0.00035089394077658653,0.0,0.0,0.0,0.0,0.0,0.0,0.0,0.0,0.0,0.0,0.0,0.0,0.0,-0.0,0,0.0,0.0,0.0,1.6,0.0,0.0,0.0,0.0,-0.0,0.0,0.0,0.0,0.0,0.0,0.0,0.0,0.0,0.0,-0.0,0.0,0.0,0.0,0.0,0.0,0.0,nan,nan,nan,nan,nan,nan,nan,nan,nan,nan,nan,nan,0.0,0.0,0.0,0.0,1.0,0.0,nan,nan,0.4,nan,0.01,nan,nan,nan,nan,nan,nan,nan,0.03,1,0.01,nan,nan,nan,nan,nan,9.790362867038668,nan,nan,nan,nan,nan,nan,nan,0.0,1.0,0.0,0,nan,nan,nan,nan,nan,nan,nan,nan,nan,nan,nan,nan,nan,0,nan,nan,nan,nan,nan,nan,0.12,0.0,0.0,0.11,nan,off,0.0,0.0,0.0,977.5077211610914,485.4514696306771,0.0,0.0,11.5,11.5,11.5,0.0,0.0,-0.01163552887737751,0.014999999664723873,-0.09000000357627869,-0.020999999716877937,0.0,0.0,0.0,7,idle,0,-1,nan,0.0,0.0,0.455,-0.034686491788310465,0.16470421719658784,0.45766496366053644,nan,nan,nan,nan,nan,nan,nan,nan,nan,nan,nan,nan,nan,nan,450.0,3.0,2.0,5.0,0.7,searching,nan,0,0.0,0.0,,nan,nan,nan,nan,nan,nan,nan,,nan,nan,nan,0,nan,
1786371707.9498332,23.19001315900001,FLIGHT,hopping,0,0,0,0,1,0,0.0,0,0,0,0,0,0,0,0,0,closed_form,0.3978384733200073,0.9883631467819214,1.1104353666305542,0.010990142822265625,-0.120880126953125,0.120880126953125,0.0024423599243164062,-0.0024423599243164062,0.012209892272949219,0.008649385199543875,-0.05208054988384757,-0.04696881866929782,-0.21123970617272847,-2.1292248778866676,-2.9702456294192645,-0.21123970617272847,-2.1292248778866676,-2.9702456294192645,1.0,4.219667254132617,-21.615748991527486,-33.59086320706904,0.0,0.0,0.0,0.0,0.0,0.0,0.0,0.0,0.0,1000.0,1000.0,1000.0,1000.0,1000.0,1000.0,-0.034686491788310465,0.16470421719658784,0.45766496366053644,-0.034686491788310465,0.16470421719658784,0.45766496366053644,-0.0004486726499085792,-0.01322501342083685,0.0010539259964075362,104.80684101602257,4.98614831722056,0.008168232665126415,7.166379620507944,-0.006588980339420372,0.004685095986678765,0.454928164893846,0.0,0.0,0.455,1.407286778218146e-18,1.7151659222942202e-19,1.4409777789409042,0.4876349565374917,0.03263495653749171,-0.0034458308973398387,0.0,0.0,0.0,0.0,0.0,0.0,0.0,0.9859777789409042,0.0,0.0,0.0,0.001181942882331645,0.014126517263125119,-0.0011886313654798622,0.0,0.0,0.3898692727088928,-0.0046605197712779045,0.007564339321106672,0.920827329158783,0.00210378784686327,-0.002411256544291973,-0.002139367861673236,0.15369825065135956,-0.09926974773406982,-9.80047607421875,0.010298175737261772,0.014481781050562859,2.3406546115875244,0.3898692805838309,-0.004660519865415369,0.007564339473898154,0.9208273477585002,0.010298176118994003,0.014481781657314336,5.8445066908866136e-05,0.0,0.0,0.0,0.010297454175980013,0.01448089153102844,0.0,0.0,0.0,0.0,0.00210378784686327,-0.002411256544291973,-0.002139367861673236,0.0,0.0,0.0,0.0,0.0,0.0,0.0,0.0,0.0,0.0,0.0,0.0,0.0,-0.0,0,0.0,0.0,0.0,1.6,0.0,0.0,0.0,0.0,-0.0,0.0,0.0,0.0,0.0,0.0,0.0,0.0,0.0,0.0,-0.0,0.0,0.0,0.0,0.0,0.0,0.0,nan,nan,nan,nan,nan,nan,nan,nan,nan,nan,nan,nan,0.0,0.0,0.0,0.0,1.0,0.0,nan,nan,0.4,nan,0.01,nan,nan,nan,nan,nan,nan,nan,0.03,1,0.01,nan,nan,nan,nan,nan,9.802176700173257,nan,nan,nan,nan,nan,nan,nan,0.0,1.0,0.0,0,nan,nan,nan,nan,nan,nan,nan,nan,nan,nan,nan,nan,nan,0,nan,nan,nan,nan,nan,nan,0.12,0.0,0.0,0.11,nan,off,0.0,0.0,0.0,977.5077211610914,485.4514696306771,0.0,0.0,11.5,11.5,11.5,0.0,0.0,-0.01163552887737751,0.014999999664723873,-0.09000000357627869,-0.020999999716877937,0.0,0.0,0.0,7,idle,0,-1,nan,0.0,0.0,0.455,-0.034686491788310465,0.16470421719658784,0.45766496366053644,nan,nan,nan,nan,nan,nan,nan,nan,nan,nan,nan,nan,nan,nan,450.0,3.0,2.0,5.0,0.7,searching,nan,0,0.0,0.0,,nan,nan,nan,nan,nan,nan,nan,,nan,nan,nan,0,nan,
1786371707.9536836,23.193880120000095,FLIGHT,hopping,0,0,0,0,1,0,0.0,0,0,0,0,0,0,0,0,0,closed_form,0.3978384733200073,0.9887446165084839,1.1104353666305542,0.0549468994140625,0.2967033386230469,0.20878982543945312,0.0024423599243164062,-0.0073261260986328125,0.017093658447265625,0.022538639463899467,0.05255461666822078,0.02975877456332747,-0.21293970151092467,-2.1385510064085222,-2.972219017217502,-0.21293970151092467,-2.1385510064085222,-2.972219017217502,1.0,4.205549390721153,-21.671393367718196,-33.67970758747116,0.0,0.0,0.0,0.0,0.0,0.0,0.0,0.0,0.0,1000.0,1000.0,1000.0,1000.0,1000.0,1000.0,-0.03458215005395861,0.16474710013596594,0.45767463864245667,-0.03458215005395861,0.16474710013596594,0.45767463864245667,0.005698567217718125,0.004599397505586085,0.0038578110622933637,104.80957498037463,4.9872018771881805,0.008166935478761633,7.169338105869879,-0.006586609262431475,0.004686349862283579,0.4549281863144911,0.0,0.0,0.455,4.407092515382478e-19,2.356435171552433e-19,1.4409777789409042,0.4876511119253885,0.0326511119253885,0.004770400234510527,0.0,0.0,0.0,0.0,0.0,0.0,0.0,0.9859777789409042,0.0,0.0,0.0,-0.005629862543196413,-0.0034395541227581925,-0.004204366521721361,0.0,0.0,0.3898726999759674,-0.0046575553715229034,0.007564609870314598,0.9208259582519531,0.0025312413927167654,-0.0007244592416100204,-0.001223602332174778,0.09921842813491821,-0.10080908238887787,-9.800477027893066,0.010300933383405209,0.01447657123208046,2.3406472206115723,0.3898726836555644,-0.004657555176553672,0.007564609553653591,0.9208259197053948,0.010300931547338769,0.014476569952798628,5.1056801485444026e-05,0.0,0.0,0.0,0.010300209702358539,0.014475680305564436,0.0,0.0,0.0,0.0,0.0025312413927167654,-0.0007244592416100204,-0.001223602332174778,0.0,0.0,0.0,0.0,0.0,0.0,0.0,0.0,0.0,0.0,0.0,0.0,0.0,-0.0,0,0.0,0.0,0.0,1.6,0.0,0.0,0.0,0.0,-0.0,0.0,0.0,0.0,0.0,0.0,0.0,0.0,0.0,0.0,-0.0,0.0,0.0,0.0,0.0,0.0,0.0,nan,nan,nan,nan,nan,nan,nan,nan,nan,nan,nan,nan,0.0,0.0,0.0,0.0,1.0,0.0,nan,nan,0.4,nan,0.01,nan,nan,nan,nan,nan,nan,nan,0.03,1,0.01,nan,nan,nan,nan,nan,9.80140478893045,nan,nan,nan,nan,nan,nan,nan,0.0,1.0,0.0,0,nan,nan,nan,nan,nan,nan,nan,nan,nan,nan,nan,nan,nan,0,nan,nan,nan,nan,nan,nan,0.12,0.0,0.0,0.11,nan,off,0.0,0.0,0.0,977.5077211610914,485.4514696306771,0.0,0.0,11.5,11.5,11.5,0.0,0.0,-0.01163552887737751,0.014999999664723873,-0.09000000357627869,-0.020999999716877937,0.0,0.0,0.0,7,idle,0,-1,nan,0.0,0.0,0.455,-0.03458215005395861,0.16474710013596594,0.45767463864245667,nan,nan,nan,nan,nan,nan,nan,nan,nan,nan,nan,nan,nan,nan,450.0,3.0,2.0,5.0,0.7,searching,nan,0,0.0,0.0,,nan,nan,nan,nan,nan,nan,nan,,nan,nan,nan,0,nan,
1786371707.9573247,23.197520696000048,FLIGHT,hopping,0,0,0,0,1,0,0.0,0,0,0,0,0,0,0,0,0,closed_form,0.3978384733200073,0.9883631467819214,1.1100538969039917,-0.25274658203125,-0.120880126953125,-0.4285697937011719,0.0024423599243164062,-0.0073261260986328125,0.0024423599243164062,-0.060046926984645387,0.0005241935818170382,-0.10773979591602235,-0.2041642362997528,-2.1397431053410663,-2.958069170125093,-0.2041642362997528,-2.1397431053410663,-2.958069170125093,1.0,4.165890468604141,-21.60643875952436,-33.53417552622337,0.0,0.0,0.0,0.0,0.0,0.0,0.0,0.0,0.0,1000.0,1000.0,1000.0,1000.0,1000.0,1000.0,-0.03457462163367939,0.16465933881229222,0.4576741448200911,-0.03457462163367939,0.16465933881229222,0.4576741448200911,0.031597736421904256,0.0001958620261916333,-0.006036788821857531,104.79672846884704,4.984776632627974,0.00816995814800373,7.1628210311260645,-0.006586609262431475,0.004686349862283579,0.4549281863144911,0.0,0.0,0.455,4.407092515382478e-19,2.356435171552433e-19,1.4409777789409042,0.4876204724537466,0.03262047245374661,-0.007840342329766914,0.0,0.0,0.0,0.0,0.0,0.0,0.0,0.9859777789409042,0.0,0.0,0.0,-0.03138254346873601,0.0008605168227033875,0.006109159866187156,0.0,0.0,0.3898726999759674,-0.0046575553715229034,0.007564609870314598,0.9208259582519531,0.0025312413927167654,-0.0007244592416100204,-0.001223602332174778,0.09921842813491821,-0.10080908238887787,-9.800477027893066,0.010300933383405209,0.01447657123208046,2.3406472206115723,0.3898726836555644,-0.004657555176553672,0.007564609553653591,0.9208259197053948,0.010300931547338769,0.014476569952798628,5.1056801485444026e-05,0.0,0.0,0.0,0.010300209702358539,0.014475680305564436,0.0,0.0,0.0,0.0,0.0025312413927167654,-0.0007244592416100204,-0.001223602332174778,0.0,0.0,0.0,0.0,0.0,0.0,0.0,0.0,0.0,0.0,0.0,0.0,0.0,-0.0,0,0.0,0.0,0.0,1.6,0.0,0.0,0.0,0.0,-0.0,0.0,0.0,0.0,0.0,0.0,0.0,0.0,0.0,0.0,-0.0,0.0,0.0,0.0,0.0,0.0,0.0,nan,nan,nan,nan,nan,nan,nan,nan,nan,nan,nan,nan,0.0,0.0,0.0,0.0,1.0,0.0,nan,nan,0.4,nan,0.01,nan,nan,nan,nan,nan,nan,nan,0.03,1,0.01,nan,nan,nan,nan,nan,9.80140478893045,nan,nan,nan,nan,nan,nan,nan,0.0,1.0,0.0,0,nan,nan,nan,nan,nan,nan,nan,nan,nan,nan,nan,nan,nan,0,nan,nan,nan,nan,nan,nan,0.12,0.0,0.0,0.11,nan,off,0.0,0.0,0.0,977.5077211610914,485.4514696306771,0.0,0.0,11.5,11.5,11.499978065490723,-0.01163552887737751,0.0,-0.01163552887737751,-0.020999999716877937,0.0,-0.023000000044703484,0.0,0.0,0.0,7,idle,0,-1,nan,0.0,0.0,0.455,-0.03457462163367939,0.16465933881229222,0.4576741448200911,nan,nan,nan,nan,nan,nan,nan,nan,nan,nan,nan,nan,nan,nan,450.0,3.0,2.0,5.0,0.7,searching,nan,0,0.0,0.0,,nan,nan,nan,nan,nan,nan,nan,,nan,nan,nan,0,nan,
1786371707.9612327,23.201515442000037,FLIGHT,hopping,0,0,0,0,1,0,0.0,0,0,0,0,0,0,0,0,0,closed_form,0.3978384733200073,0.9883631467819214,1.1100538969039917,-0.09889984130859375,-0.07692337036132812,-0.09889984130859375,0.0024423599243164062,-0.0024423599243164062,0.0073261260986328125,-0.0717028012818299,-0.022710075601126513,-0.10508780953379376,-0.2028431396798201,-2.1369490683390477,-2.9598967627844597,-0.2028431396798201,-2.1369490683390477,-2.9598967627844597,1.0,4.172692698737098,-21.60174754406099,-33.51813842031818,0.0,0.0,0.0,0.0,0.0,0.0,0.0,0.0,0.0,1000.0,1000.0,1000.0,1000.0,1000.0,1000.0,-0.03457462163367939,0.16465933881229222,0.4576741448200911,-0.03457462163367939,0.16465933881229222,0.4576741448200911,0.02444002704701737,0.00038239860844663834,-0.008365724723412094,104.79672846884704,4.984776632627974,0.00816995814800373,7.162821031126066,-0.006587495527840108,0.004687148107173119,0.4549281652583099,0.0,0.0,0.455,-8.259527310040426e-19,-1.3949436120220693e-18,1.4409777789409044,0.4876204724537466,0.03262047245374661,-0.009455745512947542,0.0,0.0,0.0,0.0,0.0,0.0,0.0,0.9859777789409042,0.0,0.0,0.0,-0.024318224174625362,0.00059661857528691,0.008343278543658975,0.0,0.0,0.3898739218711853,-0.004658099729567766,0.007565803360193968,0.9208253622055054,0.00233832118101418,-8.80354200489819e-05,-0.00022291496861726046,0.15106283128261566,-0.07026701420545578,-9.837212562561035,0.01030268706381321,0.014478517696261406,2.340644598007202,0.3898739292963938,-0.004658099818281989,0.00756580350428585,0.9208253797427653,0.010302686499265008,0.014478517993011905,4.8364256130235524e-05,0.0,0.0,0.0,0.010301964323946314,0.01447762795908402,0.0,0.0,0.0,0.0,0.00233832118101418,-8.80354200489819e-05,-0.00022291496861726046,0.0,0.0,0.0,0.0,0.0,0.0,0.0,0.0,0.0,0.0,0.0,0.0,0.0,-0.0,0,0.0,0.0,0.0,1.6,0.0,0.0,0.0,0.0,-0.0,0.0,0.0,0.0,0.0,0.0,0.0,0.0,0.0,0.0,-0.0,0.0,0.0,0.0,0.0,0.0,0.0,nan,nan,nan,nan,nan,nan,nan,nan,nan,nan,nan,nan,0.0,0.0,0.0,0.0,1.0,0.0,nan,nan,0.4,nan,0.01,nan,nan,nan,nan,nan,nan,nan,0.03,1,0.01,nan,nan,nan,nan,nan,9.838570417516518,nan,nan,nan,nan,nan,nan,nan,0.0,1.0,0.0,0,nan,nan,nan,nan,nan,nan,nan,nan,nan,nan,nan,nan,nan,0,nan,nan,nan,nan,nan,nan,0.12,0.0,0.0,0.11,nan,off,0.0,0.0,0.0,977.5077211610914,485.4514696306771,0.0,0.0,11.5,11.5,11.499978065490723,-0.01163552887737751,0.0,-0.01163552887737751,-0.020999999716877937,0.0,-0.023000000044703484,0.0,0.0,0.0,7,idle,0,-1,nan,0.0,0.0,0.455,-0.03457462163367939,0.16465933881229222,0.4576741448200911,nan,nan,nan,nan,nan,nan,nan,nan,nan,nan,nan,nan,nan,nan,450.0,3.0,2.0,5.0,0.7,searching,nan,0,0.0,0.0,,nan,nan,nan,nan,nan,nan,nan,,nan,nan,nan,0,nan,
1786371707.9652612,23.205477417000075,FLIGHT,hopping,0,0,0,0,1,0,0.0,0,0,0,0,0,0,0,0,0,closed_form,0.3978384733200073,0.9883631467819214,1.1104353666305542,-0.25274658203125,-0.03296661376953125,0.14285659790039062,0.0024423599243164062,-0.0024423599243164062,0.017093658447265625,-0.12601593550665594,-0.025787037051647935,-0.030704487303538426,-0.19659238224537634,-2.130910817730198,-2.972170962381231,-0.19659238224537634,-2.130910817730198,-2.972170962381231,1.0,4.213193307881443,-21.632436028546962,-33.51369017518472,0.0,0.0,0.0,0.0,0.0,0.0,0.0,0.0,0.0,1000.0,1000.0,1000.0,1000.0,1000.0,1000.0,-0.034686491788310465,0.16470421719658784,0.45766496366053644,-0.034686491788310465,0.16470421719658784,0.45766496366053644,0.001668401992898427,0.020373653180034236,-0.01804292754882529,104.80684101602257,4.98614831722056,0.008168232665126415,7.166379620507943,-0.006587119913776234,0.004686074213526631,0.4549281817602718,0.0,0.0,0.455,2.4093992233455764e-19,1.168195615881535e-18,1.4409777789409042,0.4876349565374917,0.03263495653749171,-0.010171256445097455,0.0,0.0,0.0,0.0,0.0,0.0,0.0,0.9859777789409042,0.0,0.0,0.0,-0.0013926163488838,-0.020221561554857173,0.017738184168147583,0.0,0.0,0.389875590801239,-0.004658166319131851,0.007564564235508442,0.9208247065544128,0.0008598615531809628,-0.0006397520774044096,-0.0016670156037434936,0.14395040273666382,-0.09383504837751389,-9.815607070922852,0.01030032616108656,0.014477692544460297,2.3406407833099365,0.3898755834619939,-0.004658166231443816,0.007564564093108681,0.9208246892202725,0.010300325797656731,0.014477692381067766,4.4757801608868014e-05,0.0,0.0,0.0,0.010299603932863414,0.0144768026316058,0.0,0.0,0.0,0.0,0.0008598615531809628,-0.0006397520774044096,-0.0016670156037434936,0.0,0.0,0.0,0.0,0.0,0.0,0.0,0.0,0.0,0.0,0.0,0.0,0.0,-0.0,0,0.0,0.0,0.0,1.6,0.0,0.0,0.0,0.0,-0.0,0.0,0.0,0.0,0.0,0.0,0.0,0.0,0.0,0.0,-0.0,0.0,0.0,0.0,0.0,0.0,0.0,nan,nan,nan,nan,nan,nan,nan,nan,nan,nan,nan,nan,0.0,0.0,0.0,0.0,1.0,0.0,nan,nan,0.4,nan,0.01,nan,nan,nan,nan,nan,nan,nan,0.03,1,0.01,nan,nan,nan,nan,nan,9.81710816310591,nan,nan,nan,nan,nan,nan,nan,0.0,1.0,0.0,0,nan,nan,nan,nan,nan,nan,nan,nan,nan,nan,nan,nan,nan,0,nan,nan,nan,nan,nan,nan,0.12,0.0,0.0,0.11,nan,off,0.0,0.0,0.0,977.5077211610914,485.4514696306771,0.0,0.0,11.5,11.5,11.499978065490723,-0.01163552887737751,0.0,-0.01163552887737751,-0.020999999716877937,0.0,-0.023000000044703484,0.0,0.0,0.0,7,idle,0,-1,nan,0.0,0.0,0.455,-0.034686491788310465,0.16470421719658784,0.45766496366053644,nan,nan,nan,nan,nan,nan,nan,nan,nan,nan,nan,nan,nan,nan,450.0,3.0,2.0,5.0,0.7,searching,nan,0,0.0,0.0,,nan,nan,nan,nan,nan,nan,nan,,nan,nan,nan,0,nan,
1786371707.968943,23.209134378999998,FLIGHT,hopping,0,0,0,0,1,0,0.0,0,0,0,0,0,0,0,0,0,closed_form,0.3982199430465698,0.9883631467819214,1.1100538969039917,0.3186798095703125,0.03296661376953125,-0.25274658203125,0.0024423599243164062,-0.012209892272949219,0.0024423599243164062,0.007392788016434615,-0.008160941805294177,-0.09731711572185191,-0.21375397477826255,-2.1392001943679206,-2.959734758230539,-0.21375397477826255,-2.1392001943679206,-2.959734758230539,1.0,4.17619637524813,-21.602216617929567,-33.61283025062072,0.0,0.0,0.0,0.0,0.0,0.0,0.0,0.0,0.0,1000.0,1000.0,1000.0,1000.0,1000.0,1000.0,-0.03457376340142242,0.16457793340064747,0.4577290086502298,-0.03457376340142242,0.16457793340064747,0.4577290086502298,0.026317227791524008,-0.01394592755251649,0.0031909945693835515,104.79550553371776,4.984938091754754,0.00816810969806546,7.163857826715664,-0.0065868120269783744,0.004683925645972071,0.4549282083448599,0.0,0.0,0.455,1.029668066560701e-18,-4.553569401291378e-19,1.4409777789409042,0.48764442644009337,0.032644426440093355,-0.0035773335396788526,0.0,0.0,0.0,0.0,0.0,0.0,0.0,0.9859777789409042,0.0,0.0,0.0,-0.026354066157946252,0.013879990030097414,-0.0026319276881499867,0.0,0.0,0.3898772597312927,-0.0046587614342570305,0.007562266197055578,0.9208239912986755,-8.770103158894926e-05,-0.0005972907529212534,-0.0016332847299054265,0.13856364786624908,-0.11808806657791138,-9.788625717163086,0.010295603424310684,0.014477014541625977,2.34063720703125,0.389877261186521,-0.004658761451645993,0.007562266225281958,0.920823994735678,0.010295602824927577,0.014477015635867202,4.108853520716444e-05,0.0,0.0,0.0,0.010294881508466497,0.014476126327313679,0.0,0.0,0.0,0.0,-8.770103158894926e-05,-0.0005972907529212534,-0.0016332847299054265,0.0,0.0,0.0,0.0,0.0,0.0,0.0,0.0,0.0,0.0,0.0,0.0,0.0,-0.0,0,0.0,0.0,0.0,1.6,0.0,0.0,0.0,0.0,-0.0,0.0,0.0,0.0,0.0,0.0,0.0,0.0,0.0,0.0,-0.0,0.0,0.0,0.0,0.0,0.0,0.0,nan,nan,nan,nan,nan,nan,nan,nan,nan,nan,nan,nan,0.0,0.0,0.0,0.0,1.0,0.0,nan,nan,0.4,nan,0.01,nan,nan,nan,nan,nan,nan,nan,0.03,1,0.01,nan,nan,nan,nan,nan,9.790302787018058,nan,nan,nan,nan,nan,nan,nan,0.0,1.0,0.0,0,nan,nan,nan,nan,nan,nan,nan,nan,nan,nan,nan,nan,nan,0,nan,nan,nan,nan,nan,nan,0.12,0.0,0.0,0.11,nan,off,0.0,0.0,0.0,977.5077211610914,485.4514696306771,0.0,0.0,11.5,11.5,11.5,0.0,0.0,0.0,0.02199999988079071,0.012000000104308128,0.012000000104308128,0.0,0.0,0.0,7,idle,0,-1,nan,0.0,0.0,0.455,-0.03457376340142242,0.16457793340064747,0.4577290086502298,nan,nan,nan,nan,nan,nan,nan,nan,nan,nan,nan,nan,nan,nan,450.0,3.0,2.0,5.0,0.7,searching,nan,0,0.0,0.0,,nan,nan,nan,nan,nan,nan,nan,,nan,nan,nan,0,nan,
1786371707.9725368,23.212718567000103,FLIGHT,hopping,0,0,0,0,1,0,0.0,0,0,0,0,0,0,0,0,0,closed_form,0.3978384733200073,0.9883631467819214,1.1104353666305542,-0.2967033386230469,0.07692337036132812,0.07692337036132812,0.0024423599243164062,-0.0024423599243164062,0.012209892272949219,-0.08383604997540985,0.017364351844692517,-0.04504496989689789,-0.20133454068289955,-2.1367587380710993,-2.9673629826086723,-0.20133454068289955,-2.1367587380710993,-2.9673629826086723,1.0,4.197924298733943,-21.638040544568398,-33.5547267988368,0.0,0.0,0.0,0.0,0.0,0.0,0.0,0.0,0.0,1000.0,1000.0,1000.0,1000.0,1000.0,1000.0,-0.034686491788310465,0.16470421719658784,0.45766496366053644,-0.034686491788310465,0.16470421719658784,0.45766496366053644,0.017769275295407803,0.014538789172939465,-0.010533159083146518,104.80684101602257,4.98614831722056,0.008168232665126415,7.166379620507938,-0.006587824373718847,0.0046822928671252,0.45492821049427956,0.0,0.0,0.455,4.829086126737831e-19,1.5273892533936622e-18,1.4409777789409042,0.4876349565374917,0.03263495653749171,-0.0062391175204605225,0.0,0.0,0.0,0.0,0.0,0.0,0.0,0.9859777789409042,0.0,0.0,0.0,-0.017911842354332706,-0.013966736886498429,0.010384427290249632,0.0,0.0,0.3898791968822479,-0.004660469479858875,0.007561057340353727,0.9208231568336487,0.0015868805348873138,0.00013268381007947028,-0.0014014991465955973,0.11626291275024414,-0.10988199710845947,-9.794453620910645,0.010292013175785542,0.014479240402579308,2.340632915496826,0.3898792039221974,-0.0046604695640117865,0.007561057476881816,0.9208231734607181,0.01029201406536066,0.01447924080697023,3.685544732622882e-05,0.0,0.0,0.0,0.010291292961281586,0.014478351473676822,0.0,0.0,0.0,0.0,0.0015868805348873138,0.00013268381007947028,-0.0014014991465955973,0.0,0.0,0.0,0.0,0.0,0.0,0.0,0.0,0.0,0.0,0.0,0.0,0.0,-0.0,0,0.0,0.0,0.0,1.6,0.0,0.0,0.0,0.0,-0.0,0.0,0.0,0.0,0.0,0.0,0.0,0.0,0.0,0.0,-0.0,0.0,0.0,0.0,0.0,0.0,0.0,nan,nan,nan,nan,nan,nan,nan,nan,nan,nan,nan,nan,0.0,0.0,0.0,0.0,1.0,0.0,nan,nan,0.4,nan,0.01,nan,nan,nan,nan,nan,nan,nan,0.03,1,0.01,nan,nan,nan,nan,nan,9.795722368948919,nan,nan,nan,nan,nan,nan,nan,0.0,1.0,0.0,0,nan,nan,nan,nan,nan,nan,nan,nan,nan,nan,nan,nan,nan,0,nan,nan,nan,nan,nan,nan,0.12,0.0,0.0,0.11,nan,off,0.0,0.0,0.0,977.5077211610914,485.4514696306771,0.0,0.0,11.5,11.5,11.5,0.0,0.0,0.0,0.02199999988079071,0.012000000104308128,0.012000000104308128,0.0,0.0,0.0,7,idle,0,-1,nan,0.0,0.0,0.455,-0.034686491788310465,0.16470421719658784,0.45766496366053644,nan,nan,nan,nan,nan,nan,nan,nan,nan,nan,nan,nan,nan,nan,450.0,3.0,2.0,5.0,0.7,searching,nan,0,0.0,0.0,,nan,nan,nan,nan,nan,nan,nan,,nan,nan,nan,0,nan,
1786371707.9773407,23.217555580000145,FLIGHT,hopping,0,0,0,0,1,0,0.0,0,0,0,0,0,0,0,0,0,closed_form,0.3978384733200073,0.9887446165084839,1.1100538969039917,0.1868133544921875,0.2967033386230469,-0.09889984130859375,0.0024423599243164062,0.0024423599243164062,0.0073261260986328125,-0.002641228635130631,0.10116604787819884,-0.06120143132040665,-0.21079820193164656,-2.150629134616584,-2.956049467313523,-0.21079820193164656,-2.150629134616584,-2.956049467313523,1.0,4.143738505228071,-21.65204570779632,-33.64233035952589,0.0,0.0,0.0,0.0,0.0,0.0,0.0,0.0,0.0,1000.0,1000.0,1000.0,1000.0,1000.0,1000.0,-0.03447027568066519,0.16470223028543554,0.4576837954691517,-0.03447027568066519,0.16470223028543554,0.4576837954691517,0.045611812253044885,0.0047391689398996,0.003640953055679099,104.79947080322245,4.9858299567841975,0.008168660680016086,7.165776657141296,-0.0065885027465000445,0.004681693124794211,0.45492820684262325,0.0,0.0,0.455,-5.767222699522534e-19,-2.9693908476908675e-19,1.4409777789409042,0.48763662824027687,0.032636628240276855,0.001793764279456348,0.0,0.0,0.0,0.0,0.0,0.0,0.0,0.9859777789409042,0.0,0.0,0.0,-0.04584692904427919,-0.003937781474953725,-0.0033061924307958503,0.0,0.0,0.38988110423088074,-0.00466139754280448,0.007560750935226679,0.9208223819732666,0.0017354072770103812,6.459187716245651e-05,-0.0009289602166973054,0.14464925229549408,-0.08029739558696747,-9.817793846130371,0.010290696285665035,0.014480732381343842,2.3406288623809814,0.3898810987411662,-0.004661397477169748,0.007560750828767649,0.920822369007642,0.010290695964561314,0.014480731892474896,3.273638668777855e-05,0.0,0.0,0.0,0.010289974888275695,0.014479842461595453,0.0,0.0,0.0,0.0,0.0017354072770103812,6.459187716245651e-05,-0.0009289602166973054,0.0,0.0,0.0,0.0,0.0,0.0,0.0,0.0,0.0,0.0,0.0,0.0,0.0,-0.0,0,0.0,0.0,0.0,1.6,0.0,0.0,0.0,0.0,-0.0,0.0,0.0,0.0,0.0,0.0,0.0,0.0,0.0,0.0,-0.0,0.0,0.0,0.0,0.0,0.0,0.0,nan,nan,nan,nan,nan,nan,nan,nan,nan,nan,nan,nan,0.0,0.0,0.0,0.0,1.0,0.0,nan,nan,0.4,nan,0.01,nan,nan,nan,nan,nan,nan,nan,0.03,1,0.01,nan,nan,nan,nan,nan,9.819165493036301,nan,nan,nan,nan,nan,nan,nan,0.0,1.0,0.0,0,nan,nan,nan,nan,nan,nan,nan,nan,nan,nan,nan,nan,nan,0,nan,nan,nan,nan,nan,nan,0.12,0.0,0.0,0.11,nan,off,0.0,0.0,0.0,977.5077211610914,485.4514696306771,0.0,0.0,11.5,11.5,11.500041961669922,0.0,0.0,0.0,0.017000000923871994,-0.10899999737739563,0.012000000104308128,0.0,0.0,0.0,7,idle,0,-1,nan,0.0,0.0,0.455,-0.03447027568066519,0.16470223028543554,0.4576837954691517,nan,nan,nan,nan,nan,nan,nan,nan,nan,nan,nan,nan,nan,nan,450.0,3.0,2.0,5.0,0.7,searching,nan,0,0.0,0.0,,nan,nan,nan,nan,nan,nan,nan,,nan,nan,nan,0,nan,
1786371707.981162,23.221417932000087,FLIGHT,hopping,0,0,0,0,1,0,0.0,0,0,0,0,0,0,0,0,0,closed_form,0.3978384733200073,0.9887446165084839,1.1104353666305542,-0.09889984130859375,0.07692337036132812,0.14285659790039062,0.0024423599243164062,0.0073261260986328125,0.0024423599243164062,-0.03151881243716957,0.09389324462313763,1.5977445832544845e-05,-0.20743764472326112,-2.144972508175416,-2.966645582532146,-0.20743764472326112,-2.144972508175416,-2.966645582532146,1.0,4.181730514687783,-21.67728970978417,-33.649835470341856,0.0,0.0,0.0,0.0,0.0,0.0,0.0,0.0,0.0,1000.0,1000.0,1000.0,1000.0,1000.0,1000.0,-0.03458215005395861,0.16474710013596594,0.45767463864245667,-0.03458215005395861,0.16474710013596594,0.45767463864245667,0.025606810625563574,0.017280216192996536,-0.002157509261162644,104.80957498037463,4.9872018771881805,0.00816693547876164,7.16933810586988,-0.00658932088025188,0.00468104645608035,0.454928201647703,0.0,0.0,0.455,-1.0214810597441468e-19,2.6250916517822426e-19,1.4409777789409042,0.4876511119253885,0.0326511119253885,0.0019971033486351182,0.0,0.0,0.0,0.0,0.0,0.0,0.0,0.9859777789409042,0.0,0.0,0.0,-0.025771845084116302,-0.01673421407026403,0.002140599325025449,0.0,0.0,0.3898841440677643,-0.0046624778769910336,0.007560462690889835,0.9208211302757263,0.001331818988546729,-3.248751818318851e-05,-0.001266416278667748,0.12868593633174896,-0.06675362586975098,-9.805475234985352,0.010289276018738747,0.014482531696557999,2.3406224250793457,0.389884124758018,-0.004662477646073038,0.007560462316443686,0.9208210846703261,0.010289274758343224,0.014482530177195493,2.616050384019191e-05,0.0,0.0,0.0,0.01028855369782671,0.014481640616041938,0.0,0.0,0.0,0.0,0.001331818988546729,-3.248751818318851e-05,-0.001266416278667748,0.0,0.0,0.0,0.0,0.0,0.0,0.0,0.0,0.0,0.0,0.0,0.0,0.0,-0.0,0,0.0,0.0,0.0,1.6,0.0,0.0,0.0,0.0,-0.0,0.0,0.0,0.0,0.0,0.0,0.0,0.0,0.0,0.0,-0.0,0.0,0.0,0.0,0.0,0.0,0.0,nan,nan,nan,nan,nan,nan,nan,nan,nan,nan,nan,nan,0.0,0.0,0.0,0.0,1.0,0.0,nan,nan,0.4,nan,0.01,nan,nan,nan,nan,nan,nan,nan,0.03,1,0.01,nan,nan,nan,nan,nan,9.806478340008894,nan,nan,nan,nan,nan,nan,nan,0.0,1.0,0.0,0,nan,nan,nan,nan,nan,nan,nan,nan,nan,nan,nan,nan,nan,0,nan,nan,nan,nan,nan,nan,0.12,0.0,0.0,0.11,nan,off,0.0,0.0,0.0,977.5077211610914,485.4514696306771,0.0,0.0,11.5,11.5,11.500041961669922,0.0,0.0,0.0,0.017000000923871994,-0.10899999737739563,0.012000000104308128,0.0,0.0,0.0,7,idle,0,-1,nan,0.0,0.0,0.455,-0.03458215005395861,0.16474710013596594,0.45767463864245667,nan,nan,nan,nan,nan,nan,nan,nan,nan,nan,nan,nan,nan,nan,450.0,3.0,2.0,5.0,0.7,searching,nan,0,0.0,0.0,,nan,nan,nan,nan,nan,nan,nan,,nan,nan,nan,0,nan,
1786371707.984895,23.22516689999994,FLIGHT,hopping,0,0,0,0,1,0,0.0,0,0,0,0,0,0,0,0,0,closed_form,0.3978384733200073,0.9883631467819214,1.1100538969039917,-0.120880126953125,-0.120880126953125,-0.010990142822265625,0.0024423599243164062,0.0024423599243164062,0.0024423599243164062,-0.0583272067919562,0.029461233150258823,-0.0032858586345969067,-0.20320315143179946,-2.1368080553672932,-2.9691797462079417,-0.20320315143179946,-2.1368080553672932,-2.9691797462079417,1.0,4.194077300332515,-21.639310926815657,-33.57669446774771,0.0,0.0,0.0,0.0,0.0,0.0,0.0,0.0,0.0,1000.0,1000.0,1000.0,1000.0,1000.0,1000.0,-0.03457462163367939,0.16465933881229222,0.4576741448200911,-0.03457462163367939,0.16465933881229222,0.4576741448200911,0.0088893515931998,0.01537070610515103,-0.007564307377275605,104.79672846884704,4.984776632627974,0.008169958148003737,7.162821031126067,-0.006588800219083225,0.004681720534563601,0.4549282022522997,0.0,0.0,0.455,-3.4750009931173495e-18,1.8998909309235774e-19,1.4409777789409044,0.4876204724537466,0.03262047245374661,-0.0025396874076483405,0.0,0.0,0.0,0.0,0.0,0.0,0.0,0.9859777789409042,0.0,0.0,0.0,-0.008469901571723181,-0.014368272720158748,0.007176992987421503,0.0,0.0,0.38988426327705383,-0.004661661107093096,0.007560922298580408,0.9208210706710815,0.0023728730157017708,-0.0007946235709823668,-0.0002893355558626354,0.1191927045583725,-0.07446455210447311,-9.802632331848145,0.01029075775295496,0.014481387101113796,2.3406221866607666,0.3898842473749992,-0.004661660916959775,0.007560921990196073,0.9208210331139182,0.010290756312767862,0.014481385746927785,2.589930410940359e-05,0.0,0.0,0.0,0.010290035181406983,0.01448049622568755,0.0,0.0,0.0,0.0,0.0023728730157017708,-0.0007946235709823668,-0.0002893355558626354,0.0,0.0,0.0,0.0,0.0,0.0,0.0,0.0,0.0,0.0,0.0,0.0,0.0,-0.0,0,0.0,0.0,0.0,1.6,0.0,0.0,0.0,0.0,-0.0,0.0,0.0,0.0,0.0,0.0,0.0,0.0,0.0,0.0,-0.0,0.0,0.0,0.0,0.0,0.0,0.0,nan,nan,nan,nan,nan,nan,nan,nan,nan,nan,nan,nan,0.0,0.0,0.0,0.0,1.0,0.0,nan,nan,0.4,nan,0.01,nan,nan,nan,nan,nan,nan,nan,0.03,1,0.01,nan,nan,nan,nan,nan,9.803577721337442,nan,nan,nan,nan,nan,nan,nan,0.0,1.0,0.0,0,nan,nan,nan,nan,nan,nan,nan,nan,nan,nan,nan,nan,nan,0,nan,nan,nan,nan,nan,nan,0.12,0.0,0.0,0.11,nan,off,0.0,0.0,0.0,977.5077211610914,485.4514696306771,0.0,0.0,11.5,11.5,11.500041961669922,0.0,0.0,0.0,0.017000000923871994,-0.10899999737739563,0.012000000104308128,0.0,0.0,0.0,7,idle,0,-1,nan,0.0,0.0,0.455,-0.03457462163367939,0.16465933881229222,0.4576741448200911,nan,nan,nan,nan,nan,nan,nan,nan,nan,nan,nan,nan,nan,nan,450.0,3.0,2.0,5.0,0.7,searching,nan,0,0.0,0.0,,nan,nan,nan,nan,nan,nan,nan,,nan,nan,nan,0,nan,
1786371707.9886749,23.228871289000118,FLIGHT,hopping,0,0,0,0,1,0,0.0,0,0,0,0,0,0,0,0,0,closed_form,0.3978384733200073,0.9887446165084839,1.1104353666305542,-0.25274658203125,0.07692337036132812,0.23077011108398438,0.0024423599243164062,-0.0024423599243164062,0.0073261260986328125,-0.11665301936374435,0.04369987431357962,0.06693093228097749,-0.19744264034814482,-2.1350938154085832,-2.9788463954103714,-0.19744264034814482,-2.1350938154085832,-2.9788463954103714,1.0,4.215581221322392,-21.684799731713994,-33.59202949771442,0.0,0.0,0.0,0.0,0.0,0.0,0.0,0.0,0.0,1000.0,1000.0,1000.0,1000.0,1000.0,1000.0,-0.03458215005395861,0.16474710013596594,0.45767463864245667,-0.03458215005395861,0.16474710013596594,0.45767463864245667,-0.007938106972561887,0.03766992775348421,-0.017286260014995215,104.80957498037463,4.9872018771881805,0.00816693547876164,7.169338105869876,-0.00658829239524895,0.004682727495659926,0.4549281992430411,0.0,0.0,0.455,1.520785099520626e-18,-9.958555745646723e-19,1.4409777789409042,0.4876511119253885,0.0326511119253885,-0.0029343819888060572,0.0,0.0,0.0,0.0,0.0,0.0,0.0,0.9859777789409042,0.0,0.0,0.0,0.008387820837771199,-0.036642238805883354,0.01637451851407512,0.0,0.0,0.38988491892814636,-0.004660710226744413,0.007561726961284876,0.9208207726478577,0.002677719108760357,-0.0007347184582613409,-0.0007613073685206473,0.09956467896699905,-0.09399493038654327,-9.785934448242188,0.010292970575392246,0.014480270445346832,2.340620517730713,0.3898849097109047,-0.004660710116560895,0.007561726782518627,0.9208207508787992,0.010292969596990175,0.014480269533558935,2.4469608263884714e-05,0.0,0.0,0.0,0.01029224831556484,0.014479379993983745,0.0,0.0,0.0,0.0,0.002677719108760357,-0.0007347184582613409,-0.0007613073685206473,0.0,0.0,0.0,0.0,0.0,0.0,0.0,0.0,0.0,0.0,0.0,0.0,0.0,-0.0,0,0.0,0.0,0.0,1.6,0.0,0.0,0.0,0.0,-0.0,0.0,0.0,0.0,0.0,0.0,0.0,0.0,0.0,0.0,-0.0,0.0,0.0,0.0,0.0,0.0,0.0,nan,nan,nan,nan,nan,nan,nan,nan,nan,nan,nan,nan,0.0,0.0,0.0,0.0,1.0,0.0,nan,nan,0.4,nan,0.01,nan,nan,nan,nan,nan,nan,nan,0.03,1,0.01,nan,nan,nan,nan,nan,9.786799231453864,nan,nan,nan,nan,nan,nan,nan,0.0,1.0,0.0,0,nan,nan,nan,nan,nan,nan,nan,nan,nan,nan,nan,nan,nan,0,nan,nan,nan,nan,nan,nan,0.12,0.0,0.0,0.11,nan,off,0.0,0.0,0.0,977.5077211610914,485.4514696306771,0.0,0.0,11.5,11.499979019165039,11.500020980834961,0.0,0.0,0.0,-0.006000000052154064,-0.05000000074505806,-0.008999999612569809,0.0,0.0,0.0,7,idle,0,-1,nan,0.0,0.0,0.455,-0.03458215005395861,0.16474710013596594,0.45767463864245667,nan,nan,nan,nan,nan,nan,nan,nan,nan,nan,nan,nan,nan,nan,450.0,3.0,2.0,5.0,0.7,searching,nan,0,0.0,0.0,,nan,nan,nan,nan,nan,nan,nan,,nan,nan,nan,0,nan,
1786371707.9923277,23.2325275790001,FLIGHT,hopping,0,0,0,0,1,0,0.0,0,0,0,0,0,0,0,0,0,closed_form,0.3978384733200073,0.9883631467819214,1.1100538969039917,-0.16483688354492188,-0.0549468994140625,-0.27472686767578125,0.0024423599243164062,-0.0024423599243164062,0.0024423599243164062,-0.13110817861809762,0.014105842195286978,-0.03556640770605014,-0.19568876570925386,-2.1368386115975873,-2.9669301404768933,-0.19568876570925386,-2.1368386115975873,-2.9669301404768933,1.0,4.184477381635346,-21.630863386768738,-33.511772087031545,0.0,0.0,0.0,0.0,0.0,0.0,0.0,0.0,0.0,1000.0,1000.0,1000.0,1000.0,1000.0,1000.0,-0.03457462163367939,0.16465933881229222,0.4576741448200911,-0.03457462163367939,0.16465933881229222,0.4576741448200911,0.013991261824970383,0.025375292686465236,-0.017646960170443204,104.79672846884704,4.984776632627974,0.00816995814800373,7.162821031126063,-0.006587486603204376,0.004683145686533938,0.454928206607077,0.0,0.0,0.455,1.3464573957970732e-18,-1.7092221182565777e-18,1.4409777789409044,0.4876204724537466,0.03262047245374661,-0.008986540393772727,0.0,0.0,0.0,0.0,0.0,0.0,0.0,0.9859777789409042,0.0,0.0,0.0,-0.01349806205340684,-0.02483204512604329,0.017348321052194984,0.0,0.0,0.3898865282535553,-0.004659702535718679,0.007561813108623028,0.9208201169967651,0.001616360154002905,-0.00072195049142465,-0.0005313614383339882,0.09896651655435562,-0.07304414361715317,-9.80524730682373,0.010293889790773392,0.014478499069809914,2.3406171798706055,0.3898865113666434,-0.004659702333895891,0.007561812781102935,0.9208200771138579,0.0102938885788598,0.014478498376371825,2.0991814060661585e-05,0.0,0.0,0.0,0.010293167332568263,0.014477609000887397,0.0,0.0,0.0,0.0,0.001616360154002905,-0.00072195049142465,-0.0005313614383339882,0.0,0.0,0.0,0.0,0.0,0.0,0.0,0.0,0.0,0.0,0.0,0.0,0.0,-0.0,0,0.0,0.0,0.0,1.6,0.0,0.0,0.0,0.0,-0.0,0.0,0.0,0.0,0.0,0.0,0.0,0.0,0.0,0.0,-0.0,0.0,0.0,0.0,0.0,0.0,0.0,nan,nan,nan,nan,nan,nan,nan,nan,nan,nan,nan,nan,0.0,0.0,0.0,0.0,1.0,0.0,nan,nan,0.4,nan,0.01,nan,nan,nan,nan,nan,nan,nan,0.03,1,0.01,nan,nan,nan,nan,nan,9.805884812308276,nan,nan,nan,nan,nan,nan,nan,0.0,1.0,0.0,0,nan,nan,nan,nan,nan,nan,nan,nan,nan,nan,nan,nan,nan,0,nan,nan,nan,nan,nan,nan,0.12,0.0,0.0,0.11,nan,off,0.0,0.0,0.0,977.5077211610914,485.4514696306771,0.0,0.0,11.5,11.499979019165039,11.500020980834961,0.0,0.0,0.0,-0.006000000052154064,-0.05000000074505806,-0.008999999612569809,0.0,0.0,0.0,7,idle,0,-1,nan,0.0,0.0,0.455,-0.03457462163367939,0.16465933881229222,0.4576741448200911,nan,nan,nan,nan,nan,nan,nan,nan,nan,nan,nan,nan,nan,nan,450.0,3.0,2.0,5.0,0.7,searching,nan,0,0.0,0.0,,nan,nan,nan,nan,nan,nan,nan,,nan,nan,nan,0,nan,
1786371707.9959686,23.236166971000067,FLIGHT,hopping,0,0,0,0,1,0,0.0,0,0,0,0,0,0,0,0,0,closed_form,0.3978384733200073,0.9887446165084839,1.1104353666305542,0.1868133544921875,0.20878982543945312,0.20878982543945312,0.0024423599243164062,-0.012209892272949219,0.012209892272949219,-0.03573171868501207,0.07251103716853682,0.037740462237600844,-0.20655431591540743,-2.140260276210211,-2.972630082270328,-0.20655431591540743,-2.140260276210211,-2.972630082270328,1.0,4.200563354089073,-21.68120477664217,-33.64979556609612,0.0,0.0,0.0,0.0,0.0,0.0,0.0,0.0,0.0,1000.0,1000.0,1000.0,1000.0,1000.0,1000.0,-0.03458215005395861,0.16474710013596594,0.45767463864245667,-0.03458215005395861,0.16474710013596594,0.45767463864245667,0.00868529822579237,0.020212311994665673,-0.004212321128230197,104.80957498037463,4.9872018771881805,0.00816693547876164,7.169338105869882,-0.00658846370172337,0.004682869205507511,0.45492819530345135,0.0,0.0,0.455,1.8083783635935352e-19,2.453620777089093e-19,1.4409777789409042,0.4876511119253885,0.0326511119253885,0.002259178589992959,0.0,0.0,0.0,0.0,0.0,0.0,0.0,0.9859777789409042,0.0,0.0,0.0,-0.008853053535405529,-0.019553407928049722,0.00387149405304653,0.0,0.0,0.3898860514163971,-0.004660813603550196,0.007561949547380209,0.9208202958106995,0.0015097123105078936,0.0005681269685737789,0.0002227654040325433,0.10914509743452072,-0.09380423277616501,-9.798863410949707,0.010293282568454742,0.014480646699666977,2.340618133544922,0.3898860403961947,-0.004660813471811425,0.0075619493336402865,0.920820269783541,0.010293281152490265,0.014480646070781074,2.2016147650468838e-05,0.0,0.0,0.0,0.01029255981016999,0.014479756458540152,0.0,0.0,0.0,0.0,0.0015097123105078936,0.0005681269685737789,0.0002227654040325433,0.0,0.0,0.0,0.0,0.0,0.0,0.0,0.0,0.0,0.0,0.0,0.0,0.0,-0.0,0,0.0,0.0,0.0,1.6,0.0,0.0,0.0,0.0,-0.0,0.0,0.0,0.0,0.0,0.0,0.0,0.0,0.0,0.0,-0.0,0.0,0.0,0.0,0.0,0.0,0.0,nan,nan,nan,nan,nan,nan,nan,nan,nan,nan,nan,nan,0.0,0.0,0.0,0.0,1.0,0.0,nan,nan,0.4,nan,0.01,nan,nan,nan,nan,nan,nan,nan,0.03,1,0.01,nan,nan,nan,nan,nan,9.799862898975944,nan,nan,nan,nan,nan,nan,nan,0.0,1.0,0.0,0,nan,nan,nan,nan,nan,nan,nan,nan,nan,nan,nan,nan,nan,0,nan,nan,nan,nan,nan,nan,0.12,0.0,0.0,0.11,nan,off,0.0,0.0,0.0,977.5077211610914,485.4514696306771,0.0,2.6230812072753906,11.5,11.499979019165039,11.500020980834961,0.0,0.0,0.0,-0.006000000052154064,-0.05000000074505806,-0.008999999612569809,0.0,0.0,0.0,7,idle,0,-1,nan,0.0,0.0,0.455,-0.03458215005395861,0.16474710013596594,0.45767463864245667,nan,nan,nan,nan,nan,nan,nan,nan,nan,nan,nan,nan,nan,nan,450.0,3.0,2.0,5.0,0.7,searching,nan,0,0.0,0.0,,nan,nan,nan,nan,nan,nan,nan,,nan,nan,nan,0,nan,
1786371707.9996305,23.23982031700003,FLIGHT,hopping,0,0,0,0,1,0,0.0,0,0,0,0,0,0,0,0,0,closed_form,0.3978384733200073,0.9883631467819214,1.1104353666305542,-0.010990142822265625,0.010990142822265625,0.07692337036132812,0.0024423599243164062,-0.0073261260986328125,0.0024423599243164062,-0.028309245926188137,0.05405476886465546,0.04949533467471903,-0.20637557272968302,-2.1353411153439628,-2.976194103977596,-0.20637557272968302,-2.1353411153439628,-2.976194103977596,1.0,4.222672849751061,-21.667692265016953,-33.634130347199324,0.0,0.0,0.0,0.0,0.0,0.0,0.0,0.0,0.0,1000.0,1000.0,1000.0,1000.0,1000.0,1000.0,-0.034686491788310465,0.16470421719658784,0.45766496366053644,-0.034686491788310465,0.16470421719658784,0.45766496366053644,0.00020330654955655567,0.017938408347772515,-0.0038929104625656315,104.80684101602257,4.98614831722056,0.008168232665126415,7.166379620507942,-0.00658846370172337,0.004682869205507511,0.45492819530345135,0.0,0.0,0.455,1.8083783635935352e-19,2.453620777089093e-19,1.4409777789409042,0.4876349565374917,0.03263495653749171,0.0023907859202818424,0.0,0.0,0.0,0.0,0.0,0.0,0.0,0.9859777789409042,0.0,0.0,0.0,-0.0003762911952618828,-0.017276141809453655,0.003452722038056421,0.0,0.0,0.3898860514163971,-0.004660813603550196,0.007561949547380209,0.9208202958106995,0.0015097123105078936,0.0005681269685737789,0.0002227654040325433,0.10914509743452072,-0.09380423277616501,-9.798863410949707,0.010293282568454742,0.014480646699666977,2.340618133544922,0.3898860403961947,-0.004660813471811425,0.0075619493336402865,0.920820269783541,0.010293281152490265,0.014480646070781074,2.2016147650468838e-05,0.0,0.0,0.0,0.01029255981016999,0.014479756458540152,0.0,0.0,0.0,0.0,0.0015097123105078936,0.0005681269685737789,0.0002227654040325433,0.0,0.0,0.0,0.0,0.0,0.0,0.0,0.0,0.0,0.0,0.0,0.0,0.0,-0.0,0,0.0,0.0,0.0,1.6,0.0,0.0,0.0,0.0,-0.0,0.0,0.0,0.0,0.0,0.0,0.0,0.0,0.0,0.0,-0.0,0.0,0.0,0.0,0.0,0.0,0.0,nan,nan,nan,nan,nan,nan,nan,nan,nan,nan,nan,nan,0.0,0.0,0.0,0.0,1.0,0.0,nan,nan,0.4,nan,0.01,nan,nan,nan,nan,nan,nan,nan,0.03,1,0.01,nan,nan,nan,nan,nan,9.799862898975944,nan,nan,nan,nan,nan,nan,nan,0.0,1.0,0.0,0,nan,nan,nan,nan,nan,nan,nan,nan,nan,nan,nan,nan,nan,0,nan,nan,nan,nan,nan,nan,0.12,0.0,0.0,0.11,nan,off,0.0,0.0,0.0,977.5077211610914,485.4514696306771,0.0,0.0,11.5,11.499979019165039,11.500020980834961,0.0,0.0,0.0,-0.006000000052154064,-0.05000000074505806,-0.008999999612569809,0.0,0.0,0.0,7,idle,0,-1,nan,0.0,0.0,0.455,-0.034686491788310465,0.16470421719658784,0.45766496366053644,nan,nan,nan,nan,nan,nan,nan,nan,nan,nan,nan,nan,nan,nan,450.0,3.0,2.0,5.0,0.7,searching,nan,0,0.0,0.0,,nan,nan,nan,nan,nan,nan,nan,,nan,nan,nan,0,nan,
1786371708.0033169,23.24358973400009,FLIGHT,hopping,0,0,0,0,1,0,0.0,0,0,0,0,0,0,0,0,0,closed_form,0.3978384733200073,0.9883631467819214,1.1104353666305542,-0.03296661376953125,0.0549468994140625,0.09889984130859375,0.0024423599243164062,-0.012209892272949219,0.0024423599243164062,-0.029706456279191072,0.054322408029477576,0.06431668666488144,-0.20606326381784731,-2.1344787849152245,-2.97802059204576,-0.20606326381784731,-2.1344787849152245,-2.97802059204576,1.0,4.227684749467173,-21.67143278534304,-33.6375851487266,0.0,0.0,0.0,0.0,0.0,0.0,0.0,0.0,0.0,1000.0,1000.0,1000.0,1000.0,1000.0,1000.0,-0.034686491788310465,0.16470421719658784,0.45766496366053644,-0.034686491788310465,0.16470421719658784,0.45766496366053644,-0.004073124667023934,0.020010092206759394,-0.004444499187932014,104.80684101602257,4.98614831722056,0.008168232665126415,7.166379620507942,-0.00658846370172337,0.004682869205507511,0.45492819530345135,0.0,0.0,0.455,1.8083783635935352e-19,2.453620777089093e-19,1.4409777789409042,0.4876349565374917,0.03263495653749171,0.0028770238887073835,0.0,0.0,0.0,0.0,0.0,0.0,0.0,0.9859777789409042,0.0,0.0,0.0,0.003907415284316138,-0.019353299167622382,0.003920978580892696,0.0,0.0,0.3898860514163971,-0.004660813603550196,0.007561949547380209,0.9208202958106995,0.0015097123105078936,0.0005681269685737789,0.0002227654040325433,0.10914509743452072,-0.09380423277616501,-9.798863410949707,0.010293282568454742,0.014480646699666977,2.340618133544922,0.3898860403961947,-0.004660813471811425,0.0075619493336402865,0.920820269783541,0.010293281152490265,0.014480646070781074,2.2016147650468838e-05,0.0,0.0,0.0,0.01029255981016999,0.014479756458540152,0.0,0.0,0.0,0.0,0.0015097123105078936,0.0005681269685737789,0.0002227654040325433,0.0,0.0,0.0,0.0,0.0,0.0,0.0,0.0,0.0,0.0,0.0,0.0,0.0,-0.0,0,0.0,0.0,0.0,1.6,0.0,0.0,0.0,0.0,-0.0,0.0,0.0,0.0,0.0,0.0,0.0,0.0,0.0,0.0,-0.0,0.0,0.0,0.0,0.0,0.0,0.0,nan,nan,nan,nan,nan,nan,nan,nan,nan,nan,nan,nan,0.0,0.0,0.0,0.0,1.0,0.0,nan,nan,0.4,nan,0.01,nan,nan,nan,nan,nan,nan,nan,0.03,1,0.01,nan,nan,nan,nan,nan,9.799862898975944,nan,nan,nan,nan,nan,nan,nan,0.0,1.0,0.0,0,nan,nan,nan,nan,nan,nan,nan,nan,nan,nan,nan,nan,nan,0,nan,nan,nan,nan,nan,nan,0.12,0.0,0.0,0.11,nan,off,0.0,0.0,0.0,977.5077211610914,485.4514696306771,0.0,0.0,11.5,11.5,11.499978065490723,0.0,0.0,-0.01163552887737751,-0.007000000216066837,-0.017000000923871994,0.032999999821186066,0.0,0.0,0.0,7,idle,0,-1,nan,0.0,0.0,0.455,-0.034686491788310465,0.16470421719658784,0.45766496366053644,nan,nan,nan,nan,nan,nan,nan,nan,nan,nan,nan,nan,nan,nan,450.0,3.0,2.0,5.0,0.7,searching,nan,0,0.0,0.0,,nan,nan,nan,nan,nan,nan,nan,,nan,nan,nan,0,nan,
1786371708.0070984,23.247362414999962,FLIGHT,hopping,0,0,0,0,1,0,0.0,0,0,0,0,0,0,0,0,0,closed_form,0.3978384733200073,0.9883631467819214,1.1104353666305542,0.1868133544921875,-0.0549468994140625,0.3846168518066406,0.0024423599243164062,0.0024423599243164062,0.012209892272949219,0.035249486952222506,0.021541615796415545,0.1604067362074092,-0.2119593315013849,-2.1250954614475104,-2.9911706968497653,-0.2119593315013849,-2.1250954614475104,-2.9911706968497653,1.0,4.272553938967202,-21.683611395418296,-33.697334905566564,0.0,0.0,0.0,0.0,0.0,0.0,0.0,0.0,0.0,1000.0,1000.0,1000.0,1000.0,1000.0,1000.0,-0.034686491788310465,0.16470421719658784,0.45766496366053644,-0.034686491788310465,0.16470421719658784,0.45766496366053644,-0.04107014360151213,0.013770900709052084,0.0017501714417176607,104.80684101602257,4.98614831722056,0.008168232665126424,7.166379620507947,-0.006585791998654531,0.004683027889364282,0.45492823235488244,0.0,0.0,0.455,-2.295232242601499e-18,-1.2112352758911347e-18,1.4409777789409042,0.4876349565374917,0.03263495653749171,0.009215288422586388,0.0,0.0,0.0,0.0,0.0,0.0,0.0,0.9859777789409042,0.0,0.0,0.0,0.04132838892485208,-0.013378980438065494,-0.0025978981215822733,0.0,0.0,0.3898839056491852,-0.004658059682697058,0.007560954429209232,0.9208212494850159,0.000817782012745738,-0.0006706858985126019,-9.585602674633265e-05,0.0870080515742302,-0.06538780778646469,-9.801888465881348,0.010293629951775074,0.014474774710834026,2.340622901916504,0.3898838863617669,-0.004658059452264501,0.007560954055171504,0.9208212039323159,0.01029362908800815,0.014474773580466277,2.6684191145902347e-05,0.0,0.0,0.0,0.010292908146577203,0.01447388471327686,0.0,0.0,0.0,0.0,0.000817782012745738,-0.0006706858985126019,-9.585602674633265e-05,0.0,0.0,0.0,0.0,0.0,0.0,0.0,0.0,0.0,0.0,0.0,0.0,0.0,-0.0,0,0.0,0.0,0.0,1.6,0.0,0.0,0.0,0.0,-0.0,0.0,0.0,0.0,0.0,0.0,0.0,0.0,0.0,0.0,-0.0,0.0,0.0,0.0,0.0,0.0,0.0,nan,nan,nan,nan,nan,nan,nan,nan,nan,nan,nan,nan,0.0,0.0,0.0,0.0,1.0,0.0,nan,nan,0.4,nan,0.01,nan,nan,nan,nan,nan,nan,nan,0.03,1,0.01,nan,nan,nan,nan,nan,9.802274776660386,nan,nan,nan,nan,nan,nan,nan,0.0,1.0,0.0,0,nan,nan,nan,nan,nan,nan,nan,nan,nan,nan,nan,nan,nan,0,nan,nan,nan,nan,nan,nan,0.12,0.0,0.0,0.11,nan,off,0.0,0.0,0.0,977.5077211610914,485.4514696306771,0.0,0.0,11.5,11.499979019165039,11.5,0.0,0.0,-0.02327105775475502,0.008999999612569809,0.01899999938905239,0.014000000432133675,0.0,0.0,0.0,7,idle,0,-1,nan,0.0,0.0,0.455,-0.034686491788310465,0.16470421719658784,0.45766496366053644,nan,nan,nan,nan,nan,nan,nan,nan,nan,nan,nan,nan,nan,nan,450.0,3.0,2.0,5.0,0.7,searching,nan,0,0.0,0.0,,nan,nan,nan,nan,nan,nan,nan,,nan,nan,nan,0,nan,
1786371708.0106711,23.250857509000035,FLIGHT,hopping,0,0,0,0,1,0,0.0,0,0,0,0,0,0,0,0,0,closed_form,0.3978384733200073,0.9883631467819214,1.1100538969039917,0.03296661376953125,0.010990142822265625,-0.09889984130859375,0.0024423599243164062,-0.0073261260986328125,0.0073261260986328125,0.034564624997415125,0.018376173904170567,0.0826147629526083,-0.21227856852001625,-2.130530338459687,-2.9794697869403675,-0.21227856852001625,-2.130530338459687,-2.9794697869403675,1.0,4.230517713544154,-21.653140650231894,-33.66087211508983,0.0,0.0,0.0,0.0,0.0,0.0,0.0,0.0,0.0,1000.0,1000.0,1000.0,1000.0,1000.0,1000.0,-0.03457462163367939,0.16465933881229222,0.4576741448200911,-0.03457462163367939,0.16465933881229222,0.4576741448200911,-0.01911954595843603,0.004410382367374349,0.003453633266673624,104.79672846884704,4.984776632627974,0.00816995814800373,7.162821031126063,-0.006585685293355075,0.004682375946260834,0.454928240610225,0.0,0.0,0.455,3.789631844487998e-18,-4.7735074876951645e-19,1.4409777789409042,0.4876204724537466,0.03262047245374661,0.00608649663283059,0.0,0.0,0.0,0.0,0.0,0.0,0.0,0.9859777789409042,0.0,0.0,0.0,0.019284880933182636,-0.003800842453399379,-0.00396137187794412,0.0,0.0,0.3898829519748688,-0.004658238496631384,0.007560243830084801,0.9208216071128845,0.0012066684430465102,-0.0002838223590515554,0.0005504975561052561,0.07981569319963455,-0.05131988599896431,-9.803184509277344,0.010292195715010166,0.014474539086222649,2.3406248092651367,0.3898829510314973,-0.004658238485360183,0.007560243811791828,0.9208216048848393,0.010292195985048979,0.01447453903875496,2.8707965976892268e-05,0.0,0.0,0.0,0.010291475212061663,0.01447365030909736,0.0,0.0,0.0,0.0,0.0012066684430465102,-0.0002838223590515554,0.0005504975561052561,0.0,0.0,0.0,0.0,0.0,0.0,0.0,0.0,0.0,0.0,0.0,0.0,0.0,-0.0,0,0.0,0.0,0.0,1.6,0.0,0.0,0.0,0.0,-0.0,0.0,0.0,0.0,0.0,0.0,0.0,0.0,0.0,0.0,-0.0,0.0,0.0,0.0,0.0,0.0,0.0,nan,nan,nan,nan,nan,nan,nan,nan,nan,nan,nan,nan,0.0,0.0,0.0,0.0,1.0,0.0,nan,nan,0.4,nan,0.01,nan,nan,nan,nan,nan,nan,nan,0.03,1,0.01,nan,nan,nan,nan,nan,9.80332180487825,nan,nan,nan,nan,nan,nan,nan,0.0,1.0,0.0,0,nan,nan,nan,nan,nan,nan,nan,nan,nan,nan,nan,nan,nan,0,nan,nan,nan,nan,nan,nan,0.12,0.0,0.0,0.11,nan,off,0.0,0.0,0.0,977.5077211610914,485.4514696306771,0.0,0.0,11.5,11.499979019165039,11.5,0.0,0.0,-0.02327105775475502,0.008999999612569809,0.01899999938905239,0.014000000432133675,0.0,0.0,0.0,7,idle,0,-1,nan,0.0,0.0,0.455,-0.03457462163367939,0.16465933881229222,0.4576741448200911,nan,nan,nan,nan,nan,nan,nan,nan,nan,nan,nan,nan,nan,nan,450.0,3.0,2.0,5.0,0.7,searching,nan,0,0.0,0.0,,nan,nan,nan,nan,nan,nan,nan,,nan,nan,nan,0,nan,
1786371708.0142121,23.254444224000018,FLIGHT,hopping,0,0,0,0,1,0,0.0,0,0,0,0,0,0,0,0,0,closed_form,0.3982199430465698,0.9883631467819214,1.1104353666305542,0.2967033386230469,-0.09889984130859375,0.14285659790039062,0.0024423599243164062,-0.0024423599243164062,0.0073261260986328125,0.11320623908510466,-0.016806630659658733,0.10068731343694301,-0.2234131305099887,-2.125443474534431,-2.9858242508771085,-0.2234131305099887,-2.125443474534431,-2.9858242508771085,1.0,4.267026876559237,-21.65426595604302,-33.751495024523734,0.0,0.0,0.0,0.0,0.0,0.0,0.0,0.0,0.0,1000.0,1000.0,1000.0,1000.0,1000.0,1000.0,-0.034685629989824135,0.16462281943571355,0.4577198347006959,-0.034685629989824135,0.16462281943571355,0.4577198347006959,-0.03386652214420978,-0.014200180898978268,0.013427256253231245,104.80562348608676,4.986309874529711,0.008166382945243135,7.167417888697014,-0.006586873702272255,0.004682343738704162,0.45492822373638564,0.0,0.0,0.455,-5.046921566425455e-18,-4.382624722720284e-20,1.4409777789409042,0.48765891018742485,0.03265891018742484,0.010218062766139246,0.0,0.0,0.0,0.0,0.0,0.0,0.0,0.9859777789409042,0.0,0.0,0.0,0.03349620728630747,0.015190747991107806,-0.014076158357866459,0.0,0.0,0.38988080620765686,-0.004659472964704037,0.007560709957033396,0.9208225607872009,0.0017970592016354203,0.0006423714803531766,0.0007561787497252226,0.10396328568458557,-0.06083861365914345,-9.792787551879883,0.010292126797139645,0.014477153308689594,2.3406295776367188,0.3898807854412044,-0.004659472716523766,0.00756070955432282,0.9208225117408831,0.010292125577264142,0.014477151200169581,3.3416649977359465e-05,0.0,0.0,0.0,0.01029140461711436,0.01447626213290432,0.0,0.0,0.0,0.0,0.0017970592016354203,0.0006423714803531766,0.0007561787497252226,0.0,0.0,0.0,0.0,0.0,0.0,0.0,0.0,0.0,0.0,0.0,0.0,0.0,-0.0,0,0.0,0.0,0.0,1.6,0.0,0.0,0.0,0.0,-0.0,0.0,0.0,0.0,0.0,0.0,0.0,0.0,0.0,0.0,-0.0,0.0,0.0,0.0,0.0,0.0,0.0,nan,nan,nan,nan,nan,nan,nan,nan,nan,nan,nan,nan,0.0,0.0,0.0,0.0,1.0,0.0,nan,nan,0.4,nan,0.01,nan,nan,nan,nan,nan,nan,nan,0.03,1,0.01,nan,nan,nan,nan,nan,9.793373860964218,nan,nan,nan,nan,nan,nan,nan,0.0,1.0,0.0,0,nan,nan,nan,nan,nan,nan,nan,nan,nan,nan,nan,nan,nan,0,nan,nan,nan,nan,nan,nan,0.12,0.0,0.0,0.11,nan,off,0.0,0.0,0.0,977.5077211610914,485.4514696306771,0.0,0.0,11.5,11.499979019165039,11.5,0.0,0.0,-0.02327105775475502,0.008999999612569809,0.01899999938905239,0.014000000432133675,0.0,0.0,0.0,7,idle,0,-1,nan,0.0,0.0,0.455,-0.034685629989824135,0.16462281943571355,0.4577198347006959,nan,nan,nan,nan,nan,nan,nan,nan,nan,nan,nan,nan,nan,nan,450.0,3.0,2.0,5.0,0.7,searching,nan,0,0.0,0.0,,nan,nan,nan,nan,nan,nan,nan,,nan,nan,nan,0,nan,
1786371708.0178373,23.258019708000084,FLIGHT,hopping,0,0,0,0,1,0,0.0,0,0,0,0,0,0,0,0,0,closed_form,0.3978384733200073,0.9887446165084839,1.1100538969039917,0.23077011108398438,0.120880126953125,-0.23077011108398438,0.0024423599243164062,-0.0024423599243164062,0.012209892272949219,0.14847540068476858,0.02449939662417639,0.0012500860806647779,-0.2262840817305206,-2.1385112193701814,-2.96671037545083,-0.2262840817305206,-2.1385112193701814,-2.96671037545083,1.0,4.192028020703061,-21.6410583754708,-33.73443727555907,0.0,0.0,0.0,0.0,0.0,0.0,0.0,0.0,0.0,1000.0,1000.0,1000.0,1000.0,1000.0,1000.0,-0.03447027568066519,0.16470223028543554,0.4576837954691517,-0.03447027568066519,0.16470223028543554,0.4576837954691517,0.006667742400342607,-0.02877591759728277,0.021947636685253433,104.79947080322245,4.9858299567841975,0.008168660680016086,7.165776657141302,-0.006587991729128497,0.004682023338504835,0.45492821084478224,0.0,0.0,0.455,7.243155047289138e-19,2.0312208759256638e-19,1.4409777789409042,0.48763662824027687,0.032636628240276855,0.010408941084905341,0.0,0.0,0.0,0.0,0.0,0.0,0.0,0.9859777789409042,0.0,0.0,0.0,-0.007177237145139917,0.029697351539202523,-0.02180599043867997,0.0,0.0,0.38987982273101807,-0.0046607498079538345,0.007560859899967909,0.9208229780197144,0.0014682478504255414,0.0006560406764037907,0.0006575742736458778,0.13469651341438293,-0.050794366747140884,-9.770328521728516,0.010291422717273235,0.01447961013764143,2.3406317234039307,0.38987979890681623,-0.0046607495231516015,0.007560859437950021,0.9208229217514204,0.0102914216561107,0.01447960865961754,3.556092567307477e-05,0.0,0.0,0.0,0.010290700587046283,0.014478719322161928,0.0,0.0,0.0,0.0,0.0014682478504255414,0.0006560406764037907,0.0006575742736458778,0.0,0.0,0.0,0.0,0.0,0.0,0.0,0.0,0.0,0.0,0.0,0.0,0.0,-0.0,0,0.0,0.0,0.0,1.6,0.0,0.0,0.0,0.0,-0.0,0.0,0.0,0.0,0.0,0.0,0.0,0.0,0.0,0.0,-0.0,0.0,0.0,0.0,0.0,0.0,0.0,nan,nan,nan,nan,nan,nan,nan,nan,nan,nan,nan,nan,0.0,0.0,0.0,0.0,1.0,0.0,nan,nan,0.4,nan,0.01,nan,nan,nan,nan,nan,nan,nan,0.03,1,0.01,nan,nan,nan,nan,nan,9.77125994215954,nan,nan,nan,nan,nan,nan,nan,0.0,1.0,0.0,0,nan,nan,nan,nan,nan,nan,nan,nan,nan,nan,nan,nan,nan,0,nan,nan,nan,nan,nan,nan,0.12,0.0,0.0,0.11,nan,off,0.0,0.0,0.0,977.5077211610914,485.4514696306771,0.0,0.0,11.5,11.499979019165039,11.500020980834961,0.0,0.0,0.0,-0.014999999664723873,0.07000000029802322,0.013000000268220901,0.0,0.0,0.0,7,idle,0,-1,nan,0.0,0.0,0.455,-0.03447027568066519,0.16470223028543554,0.4576837954691517,nan,nan,nan,nan,nan,nan,nan,nan,nan,nan,nan,nan,nan,nan,450.0,3.0,2.0,5.0,0.7,searching,nan,0,0.0,0.0,,nan,nan,nan,nan,nan,nan,nan,,nan,nan,nan,0,nan,
1786371708.0214305,23.261607928000068,FLIGHT,hopping,0,0,0,0,1,0,0.0,0,0,0,0,0,0,0,0,0,closed_form,0.3978384733200073,0.9883631467819214,1.1100538969039917,0.09889984130859375,-0.25274658203125,-0.07692337036132812,0.0024423599243164062,0.0073261260986328125,0.0024423599243164062,0.13360273287191612,-0.05867439697245154,-0.022201950851933095,-0.22395818570999615,-2.1283653990245166,-2.9700479572380862,-0.22395818570999615,-2.1283653990245166,-2.9700479572380862,1.0,4.21883912156633,-21.60373710416736,-33.66860714650006,0.0,0.0,0.0,0.0,0.0,0.0,0.0,0.0,0.0,1000.0,1000.0,1000.0,1000.0,1000.0,1000.0,-0.03457462163367939,0.16465933881229222,0.4576741448200911,-0.03457462163367939,0.16465933881229222,0.4576741448200911,-0.009236400309326365,-0.03771463806266384,0.018263608191517174,104.79672846884704,4.984776632627974,0.00816995814800373,7.162821031126063,-0.006588362202517278,0.004682159751364627,0.4549282040757104,0.0,0.0,0.455,-1.5306869714762842e-21,2.790618851882515e-19,1.4409777789409044,0.4876204724537466,0.03262047245374661,0.00506143420716398,0.0,0.0,0.0,0.0,0.0,0.0,0.0,0.9859777789409042,0.0,0.0,0.0,0.009373292026589965,0.03865898467805066,-0.01824585318625537,0.0,0.0,0.38987722992897034,-0.004661087412387133,0.007561143487691879,0.9208240509033203,0.0015636063180863857,-0.00046219737851060927,0.0011548901675269008,0.09675566107034683,-0.06589758396148682,-9.81882381439209,0.010291722603142262,0.014480424113571644,2.34063720703125,0.3898772135997833,-0.004661087217167298,0.007561143171009301,0.9208240123365433,0.010291721633270101,0.014480422972212949,4.1179345060177913e-05,0.0,0.0,0.0,0.010291000471924454,0.014479533505479751,0.0,0.0,0.0,0.0,0.0015636063180863857,-0.00046219737851060927,0.0011548901675269008,0.0,0.0,0.0,0.0,0.0,0.0,0.0,0.0,0.0,0.0,0.0,0.0,0.0,-0.0,0,0.0,0.0,0.0,1.6,0.0,0.0,0.0,0.0,-0.0,0.0,0.0,0.0,0.0,0.0,0.0,0.0,0.0,0.0,-0.0,0.0,0.0,0.0,0.0,0.0,0.0,nan,nan,nan,nan,nan,nan,nan,nan,nan,nan,nan,nan,0.0,0.0,0.0,0.0,1.0,0.0,nan,nan,0.4,nan,0.01,nan,nan,nan,nan,nan,nan,nan,0.03,1,0.01,nan,nan,nan,nan,nan,9.819353600819388,nan,nan,nan,nan,nan,nan,nan,0.0,1.0,0.0,0,nan,nan,nan,nan,nan,nan,nan,nan,nan,nan,nan,nan,nan,0,nan,nan,nan,nan,nan,nan,0.12,0.0,0.0,0.11,nan,off,0.0,0.0,0.0,977.5077211610914,485.4514696306771,0.0,0.0,11.5,11.499979019165039,11.500020980834961,0.0,0.0,0.0,-0.014999999664723873,0.07000000029802322,0.013000000268220901,0.0,0.0,0.0,7,idle,0,-1,nan,0.0,0.0,0.455,-0.03457462163367939,0.16465933881229222,0.4576741448200911,nan,nan,nan,nan,nan,nan,nan,nan,nan,nan,nan,nan,nan,nan,450.0,3.0,2.0,5.0,0.7,searching,nan,0,0.0,0.0,,nan,nan,nan,nan,nan,nan,nan,,nan,nan,nan,0,nan,
1786371708.0247986,23.264991108999958,FLIGHT,hopping,0,0,0,0,1,0,0.0,0,0,0,0,0,0,0,0,0,closed_form,0.3978384733200073,0.9883631467819214,1.1104353666305542,0.1868133544921875,-0.010990142822265625,0.23077011108398438,0.0024423599243164062,-0.012209892272949219,-0.0073261260986328125,0.14956591935799754,-0.04436912072739577,0.053689667728842164,-0.22531583359676727,-2.124326471215131,-2.9807007862456967,-0.22531583359676727,-2.124326471215131,-2.9807007862456967,1.0,4.257786272886039,-21.6359051632648,-33.71920037411932,0.0,0.0,0.0,0.0,0.0,0.0,0.0,0.0,0.0,1000.0,1000.0,1000.0,1000.0,1000.0,1000.0,-0.034686491788310465,0.16470421719658784,0.45766496366053644,-0.034686491788310465,0.16470421719658784,0.45766496366053644,-0.02754102441921184,-0.030580454318993918,0.019094459939235073,104.80684101602257,4.98614831722056,0.008168232665126415,7.16637962050794,-0.006587405291104025,0.004681734874895363,0.4549282223055544,0.0,0.0,0.455,-1.452136095421992e-19,4.0942933443074642e-19,1.4409777789409042,0.4876349565374917,0.03263495653749171,0.009551072947089357,0.0,0.0,0.0,0.0,0.0,0.0,0.0,0.9859777789409042,0.0,0.0,0.0,0.028009494999046456,0.031460909777594075,-0.01936823668400599,0.0,0.0,0.38987553119659424,-0.004660315345972776,0.007560295052826405,0.9208248257637024,0.0013909888220950961,-0.0011577052064239979,0.0013206449802964926,0.07787525653839111,-0.08105719834566116,-9.805803298950195,0.010290788486599922,0.014478322118520737,2.3406410217285156,0.38987549880398686,-0.00466031495877288,0.00756029442468319,0.9208247492574467,0.010290787378030231,0.014478319649726564,4.4894719581062875e-05,0.0,0.0,0.0,0.010290066471822054,0.014477430528760396,0.0,0.0,0.0,0.0,0.0013909888220950961,-0.0011577052064239979,0.0013206449802964926,0.0,0.0,0.0,0.0,0.0,0.0,0.0,0.0,0.0,0.0,0.0,0.0,0.0,-0.0,0,0.0,0.0,0.0,1.6,0.0,0.0,0.0,0.0,-0.0,0.0,0.0,0.0,0.0,0.0,0.0,0.0,0.0,0.0,-0.0,0.0,0.0,0.0,0.0,0.0,0.0,nan,nan,nan,nan,nan,nan,nan,nan,nan,nan,nan,nan,0.0,0.0,0.0,0.0,1.0,0.0,nan,nan,0.4,nan,0.01,nan,nan,nan,nan,nan,nan,nan,0.03,1,0.01,nan,nan,nan,nan,nan,9.806217906063024,nan,nan,nan,nan,nan,nan,nan,0.0,1.0,0.0,0,nan,nan,nan,nan,nan,nan,nan,nan,nan,nan,nan,nan,nan,0,nan,nan,nan,nan,nan,nan,0.12,0.0,0.0,0.11,nan,off,0.0,0.0,0.0,977.5077211610914,485.4514696306771,0.0,0.0,11.5,11.499979019165039,11.500020980834961,0.0,0.0,0.0,-0.014999999664723873,0.07000000029802322,0.013000000268220901,0.0,0.0,0.0,7,idle,0,-1,nan,0.0,0.0,0.455,-0.034686491788310465,0.16470421719658784,0.45766496366053644,nan,nan,nan,nan,nan,nan,nan,nan,nan,nan,nan,nan,nan,nan,450.0,3.0,2.0,5.0,0.7,searching,nan,0,0.0,0.0,,nan,nan,nan,nan,nan,nan,nan,,nan,nan,nan,0,nan,
1786371708.0296865,23.26990195000004,FLIGHT,hopping,0,0,0,0,1,0,0.0,0,0,0,0,0,0,0,0,0,closed_form,0.3978384733200073,0.9883631467819214,1.1100538969039917,-0.07692337036132812,0.07692337036132812,-0.09889984130859375,0.0024423599243164062,-0.0024423599243164062,0.0073261260986328125,0.08161913244219983,-0.007981373400778594,0.007912815017611381,-0.2180996697974877,-2.132140975708591,-2.9713384196327106,-0.2180996697974877,-2.132140975708591,-2.9713384196327106,1.0,4.213600618510048,-21.626247754551123,-33.66118647365938,0.0,0.0,0.0,0.0,0.0,0.0,0.0,0.0,0.0,1000.0,1000.0,1000.0,1000.0,1000.0,1000.0,-0.03457462163367939,0.16465933881229222,0.4576741448200911,-0.03457462163367939,0.16465933881229222,0.4576741448200911,-0.0043194821057404385,-0.017380871678885843,0.011347722659093038,104.79672846884704,4.984776632627974,0.00816995814800373,7.1628210311260645,-0.006585766096386404,0.004680906231237475,0.45492825456524244,0.0,0.0,0.455,-1.3740468278237295e-18,1.735272134687025e-18,1.4409777789409042,0.4876204724537466,0.03262047245374661,0.00508793421245064,0.0,0.0,0.0,0.0,0.0,0.0,0.0,0.9859777789409042,0.0,0.0,0.0,0.004679455238022624,0.01807533762192728,-0.01139907802066803,0.0,0.0,0.389872282743454,-0.004659038037061691,0.00755873741582036,0.9208261966705322,0.0011486257426440716,-0.0006173517904244363,0.0014749719994142652,0.09948034584522247,-0.09684218466281891,-9.833291053771973,0.010288966819643974,0.014474717900156975,2.3406481742858887,0.3898722588690301,-0.004659037751758391,0.007558736952949546,0.9208261402823357,0.010288965359132204,0.014474716646440206,5.191502614133433e-05,0.0,0.0,0.0,0.010288244913175912,0.014473828134067723,0.0,0.0,0.0,0.0,0.0011486257426440716,-0.0006173517904244363,0.0014749719994142652,0.0,0.0,0.0,0.0,0.0,0.0,0.0,0.0,0.0,0.0,0.0,0.0,0.0,-0.0,0,0.0,0.0,0.0,1.6,0.0,0.0,0.0,0.0,-0.0,0.0,0.0,0.0,0.0,0.0,0.0,0.0,0.0,0.0,-0.0,0.0,0.0,0.0,0.0,0.0,0.0,nan,nan,nan,nan,nan,nan,nan,nan,nan,nan,nan,nan,0.0,0.0,0.0,0.0,1.0,0.0,nan,nan,0.4,nan,0.01,nan,nan,nan,nan,nan,nan,nan,0.03,1,0.01,nan,nan,nan,nan,nan,9.834176701536387,nan,nan,nan,nan,nan,nan,nan,0.0,1.0,0.0,0,nan,nan,nan,nan,nan,nan,nan,nan,nan,nan,nan,nan,nan,0,nan,nan,nan,nan,nan,nan,0.12,0.0,0.0,0.11,nan,off,0.0,0.0,0.0,977.5077211610914,485.4514696306771,0.0,0.0,11.5,11.499979019165039,11.5,0.0,0.0,0.0,0.01600000075995922,0.029999999329447746,0.004999999888241291,0.0,0.0,0.0,7,idle,0,-1,nan,0.0,0.0,0.455,-0.03457462163367939,0.16465933881229222,0.4576741448200911,nan,nan,nan,nan,nan,nan,nan,nan,nan,nan,nan,nan,nan,nan,450.0,3.0,2.0,5.0,0.7,searching,nan,0,0.0,0.0,,nan,nan,nan,nan,nan,nan,nan,,nan,nan,nan,0,nan,
1786371708.033752,23.273950330000126,FLIGHT,hopping,0,0,0,0,1,0,0.0,0,0,0,0,0,0,0,0,0,closed_form,0.3978384733200073,0.9887446165084839,1.1100538969039917,0.09889984130859375,0.16483688354492188,0.120880126953125,0.0024423599243164062,-0.012209892272949219,0.0024423599243164062,0.08680334510211801,0.04386410368293155,0.041803008598265474,-0.21920645340214948,-2.138123021995544,-2.971252411635869,-0.21920645340214948,-2.138123021995544,-2.971252411635869,1.0,4.198572804013892,-21.65868572766509,-33.71148244853005,0.0,0.0,0.0,0.0,0.0,0.0,0.0,0.0,0.0,1000.0,1000.0,1000.0,1000.0,1000.0,1000.0,-0.03447027568066519,0.16470223028543554,0.4576837954691517,-0.03447027568066519,0.16470223028543554,0.4576837954691517,-6.398764124758572e-05,-0.008671073811903515,0.012593851366502807,104.79947080322245,4.9858299567841975,0.008168660680016086,7.165776657141296,-0.006586431162128595,0.004680870847163235,0.45492824530101306,0.0,0.0,0.455,-2.335149180212548e-18,5.51831088182156e-19,1.4409777789409042,0.48763662824027687,0.032636628240276855,0.008896095817276588,0.0,0.0,0.0,0.0,0.0,0.0,0.0,0.9859777789409042,0.0,0.0,0.0,-2.6152214496205495e-05,0.00964539820717657,-0.012792138870877934,0.0,0.0,0.38987019658088684,-0.004659743048250675,0.007558975834399462,0.9208270311355591,0.0017244077753275633,0.0003442299785092473,0.0015368964523077011,0.09645248204469681,-0.07124633342027664,-9.809678077697754,0.010288888588547707,0.014476179145276546,2.3406524658203125,0.38987018824295,-0.004659742948595345,0.007558975672739854,0.920827011442344,0.010288887797414945,0.014476178482542932,5.641499530914829e-05,0.0,0.0,0.0,0.01028816725077191,0.014475289784109354,0.0,0.0,0.0,0.0,0.0017244077753275633,0.0003442299785092473,0.0015368964523077011,0.0,0.0,0.0,0.0,0.0,0.0,0.0,0.0,0.0,0.0,0.0,0.0,0.0,-0.0,0,0.0,0.0,0.0,1.6,0.0,0.0,0.0,0.0,-0.0,0.0,0.0,0.0,0.0,0.0,0.0,0.0,0.0,0.0,-0.0,0.0,0.0,0.0,0.0,0.0,0.0,nan,nan,nan,nan,nan,nan,nan,nan,nan,nan,nan,nan,0.0,0.0,0.0,0.0,1.0,0.0,nan,nan,0.4,nan,0.01,nan,nan,nan,nan,nan,nan,nan,0.03,1,0.01,nan,nan,nan,nan,nan,9.810260235985345,nan,nan,nan,nan,nan,nan,nan,0.0,1.0,0.0,0,nan,nan,nan,nan,nan,nan,nan,nan,nan,nan,nan,nan,nan,0,nan,nan,nan,nan,nan,nan,0.12,0.0,0.0,0.11,nan,off,0.0,0.0,0.0,977.5077211610914,485.4514696306771,0.0,0.0,11.5,11.499979019165039,11.5,0.0,0.0,0.0,0.01600000075995922,0.029999999329447746,0.004999999888241291,0.0,0.0,0.0,7,idle,0,-1,nan,0.0,0.0,0.455,-0.03447027568066519,0.16470223028543554,0.4576837954691517,nan,nan,nan,nan,nan,nan,nan,nan,nan,nan,nan,nan,nan,nan,450.0,3.0,2.0,5.0,0.7,searching,nan,0,0.0,0.0,,nan,nan,nan,nan,nan,nan,nan,,nan,nan,nan,0,nan,
