wall_time_s,t_s,phase,gait_mode,driver_mode_est,switch_loop,prop_enable,props_active,prop_ctrl_mode,rm_stage,rm_target_rad,rm_lt_pending,rm_rt_pending,rt_first_hop_l0_active,stance,compress_active,push_started,touchdown,liftoff,apex,status,q0,q1,q2,qd0,qd1,qd2,tau_meas0,tau_meas1,tau_meas2,qd_kin0,qd_kin1,qd_kin2,tau0,tau1,tau2,tau_raw0,tau_raw1,tau_raw2,tau_out_scale_applied,f_tau_delta0,f_tau_delta1,f_tau_delta2,f_contact_w0,f_contact_w1,f_contact_w2,f_contact_b0,f_contact_b1,f_contact_b2,thrust0,thrust1,thrust2,pwm0,pwm1,pwm2,pwm3,pwm4,pwm5,foot_vicon0,foot_vicon1,foot_vicon2,foot_b0,foot_b1,foot_b2,foot_vrel_b0,foot_vrel_b1,foot_vrel_b2,J_inv_det,J_inv_cond,A_tau_f_det,A_tau_f_cond,foot_des_b0,foot_des_b1,foot_des_b2,foot_des_w0,foot_des_w1,foot_des_w2,p_foot_des_w0,p_foot_des_w1,p_foot_des_w2,leg_len_m,q_shift_m,qd_shift_mps,comp_m,comp_tgt_m,comp_tgt_act_m,z_now_m,s_stance,p_hat_w0,p_hat_w1,p_hat_w2,v_hat_w0,v_hat_w1,v_hat_w2,v_meas_foot_w0,v_meas_foot_w1,v_meas_foot_w2,desired_vx_w,desired_vy_w,imu_quat_w,imu_quat_x,imu_quat_y,imu_quat_z,imu_gyro_x,imu_gyro_y,imu_gyro_z,imu_acc_x,imu_acc_y,imu_acc_z,imu_rpy_roll,imu_rpy_pitch,imu_rpy_yaw,q_hat_w,q_hat_x,q_hat_y,q_hat_z,rpy_hat_roll,rpy_hat_pitch,rpy_hat_yaw,tau_des_w0,tau_des_w1,tau_des_w2,e_R0,e_R1,e_R2,tau_b_stance_des0,tau_b_stance_des1,tau_b_stance_des2,omega_b_used0,omega_b_used1,omega_b_used2,slack0,slack1,slack2,slack3,slack4,slack5,F_des_w0,F_des_w1,F_des_w2,f_ref_w0,f_ref_w1,f_ref_w2,energy_comp_fz,vz_up,energy_gate,nrc_r,nrc_r_star,nrc_f_des,nrc_h_trim,mode1_Eloss_j,fl_ev_xy,fl_tilt_cmd_deg,rpy_des_roll,rpy_des_pitch,fl_lat_force_n,prop_energy_fz,thrust_sum_ref,thrust_sum,F_total_w0,F_total_w1,F_total_w2,tau_contact_w0,tau_contact_w1,tau_contact_w2,tau_props_w0,tau_props_w1,tau_props_w2,tau_total_w0,tau_total_w1,tau_total_w2,tau_b_att_des0,tau_b_att_des1,tau_b_att_des2,tau_b_leg_des0,tau_b_leg_des1,tau_b_leg_des2,tau_b_leg_act0,tau_b_leg_act1,tau_b_leg_act2,tau_b_res_des0,tau_b_res_des1,tau_b_res_des2,tau_b_att_des_xy_norm,tau_b_leg_des_xy_norm,tau_props_xy_norm,leg_att_share,tau_cap_scale,prop_fz_assist_n,z_apex_actual_m,h_apex_phys_m,v_to_cmd_m_s,desired_vz_from_apex_m_s,hop_height_m,h_com_flight_m,h_leg_relative_m,h_foot_clear_m,h_com_imu_m,h_leg_imu_m,h_foot_clear_imu_m,v_lo_imu_m_s,foot_clearance_target_m,foot_clearance_control_enable,foot_clearance_com_target_m,flight_phase_s,lo_event_q_shift_m,td_event_q_shift_m,lo_unload_delay_s,td_impact_delay_s,specific_up_mps2,fbslip_v_td_m_s,fbslip_f_brake_n,fbslip_x_c_plan_m,fbslip_x_td_m,fbslip_s_tgt_m,fbslip_f_push_n,fbslip_t_bottom_s,fbslip_sink,apex_eta,apex_e_bias,height_work_active,height_apex_energy_j,height_loss_hat_j,height_loss_meas_j,height_loss_ff_j,height_apex_confidence,height_work_req_j,height_work_leg_j,height_work_prop_j,height_x_star_m,height_x_bottom_m,height_work_extension_m,height_v_comp_td_mps,height_compression_k_n_m,height_ascent,height_leg_excess_force_n,height_brake_force_n,height_prop_push_ratio,vel_kf_x,vel_kf_y,vel_kf_z,hfb_T_st_s,hfb_k_dx,hfb_dx_att_x_m,hfb_dx_att_y_m,vz_lo_m_s,mpc_status,mpc_u0_fx,mpc_u0_fy,mpc_u0_fz,rx_motor_hz,rx_imu_hz,motor_age_ms,imu_age_ms,rm_q0,rm_q1,rm_q2,rm_qd0,rm_qd1,rm_qd2,rm_iq0,rm_iq1,rm_iq2,rm_iq_des0,rm_iq_des1,rm_iq_des2,rm_online,manip_stage,manip_tag_latched,manip_tag_id,manip_tag_age_s,manip_cmd_x,manip_cmd_y,manip_cmd_z,manip_actual_x,manip_actual_y,manip_actual_z,manip_err_m,manip_speed_mps,manip_pre_x,manip_pre_y,manip_pre_z,manip_face_x,manip_face_y,manip_face_z,manip_press_x,manip_press_y,manip_press_z,manip_wall_n_in_x,manip_wall_n_in_y,manip_wall_n_in_z,manip_kp,manip_outer_kd,manip_ak60_kd,manip_tau_max_nm,manip_target_rate_mps,mobile_tag_state,mobile_tag_cam_z_m,approach_active,push_e_m,push_v_mps,box_source,box_cx,box_cy,box_cz,box_nx,box_ny,box_nz,box_width_m,operator_event_bj,push_f_meas_n,box_dist_err_m,box_yaw_err_deg,box_ready,push_work_dist_m,push_state
1786371755.9946616,70.8417614530001,FLIGHT,mobile,0,0,0,0,1,0,0.0,0,0,0,0,0,0,0,0,0,closed_form,0.6301573514938354,0.5489033460617065,1.0707615613937378,0.07692337036132812,-0.20878982543945312,-0.1868133544921875,-0.0024423599243164062,0.0024423599243164062,-0.0073261260986328125,0.07692337036132812,-0.20878982543945312,-0.1868133544921875,0.0,0.0,0.0,-0.47462296641887314,-0.16852794653511238,-3.5062087322105673,1.0,14.239972463499395,-5.97204976870388,-23.763348045447763,0.0,0.0,0.0,0.0,0.0,0.0,0.0,0.0,0.0,1000.0,1000.0,1000.0,1000.0,1000.0,1000.0,-0.12809725476256476,0.05441723941374727,0.45710143384689833,-0.12809725476256476,0.05441723941374727,0.45710143384689833,0.005821011725476853,-0.07282538028850136,-0.005717885151405484,102.9000208317732,4.309327015203926,0.00886688610099175,5.577254336209246,-0.0010876474489067247,0.00045991770412429176,0.454998467578444,0.0,0.0,0.455,-2.062370563776745e-19,2.1074333184114618e-19,-3.9501756653483886,0.4778199069189237,0.02281990691892366,-0.015324320254937874,0.0,0.0,0.0,0.0,0.0,0.0,0.0,-4.405175665348389,0.0,0.0,0.0,-0.005939463294033243,0.07342605119830949,0.005697127383696674,0.0,0.0,-0.1814122051000595,-0.0012670725118368864,0.00028019107412546873,0.9834063053131104,0.0014601299772039056,0.00023215534747578204,-0.00047658910625614226,0.00226508523337543,0.0006662557716481388,-9.820958137512207,0.001010811305604875,0.002390436362475157,-2.7767465114593506,0.18141220206425002,0.0012670724906332922,-0.0002801910694366622,-0.9834062888564766,0.0010108112010428411,0.0023904362302064586,2.0041359734760132e-16,0.0,0.0,0.0,0.0010108095849222201,0.0023904333430411363,0.0,0.0,0.0,0.0,0.0014601299772039056,0.00023215534747578204,-0.00047658910625614226,0.0,0.0,0.0,0.0,0.0,0.0,0.0,0.0,0.0,0.0,0.0,0.0,0.0,-0.0,0,0.0,0.0,0.0,1.6,0.0,0.0,0.0,0.0,-0.0,0.0,0.0,0.0,0.0,0.0,0.0,0.0,0.0,0.0,-0.0,0.0,0.0,0.0,0.0,0.0,0.0,nan,nan,nan,nan,nan,nan,nan,nan,nan,nan,nan,nan,0.0,0.0,0.0,0.0,1.0,0.0,nan,nan,0.9658365507345044,nan,0.01,nan,nan,nan,nan,nan,nan,nan,0.03,1,0.01,nan,nan,nan,nan,nan,9.820929802003196,nan,nan,nan,nan,nan,nan,nan,0.0,1.0,0.0,0,nan,nan,nan,nan,nan,nan,nan,nan,nan,nan,nan,nan,nan,0,nan,nan,nan,nan,nan,nan,0.12,0.0,0.0,0.11,nan,off,0.0,0.0,0.0,982.5387120934118,479.7372115385673,0.0,0.0,11.50008487701416,11.495994567871094,11.49194622039795,0.0,0.0,0.0,0.00800000037997961,0.04600000008940697,-0.01600000075995922,0.0,0.0,0.0,7,idle,0,-1,nan,0.0,0.0,0.455,-0.12809725476256476,0.05441723941374727,0.45710143384689833,nan,nan,nan,nan,nan,nan,nan,nan,nan,nan,nan,nan,nan,nan,450.0,3.0,2.0,5.0,0.7,searching,nan,0,0.0,0.0,,nan,nan,nan,nan,nan,nan,nan,Y@2026-08-10 22:22:35.996 BJ,nan,nan,nan,0,nan,
1786371756.0003903,70.84582477000025,FLIGHT,mobile,0,0,0,0,1,0,0.0,0,0,0,0,0,0,0,0,0,closed_form,0.629775881767273,0.549284815788269,1.0707615613937378,-0.16483688354492188,-0.09889984130859375,0.1868133544921875,0.0024423599243164062,-0.0024423599243164062,-0.0073261260986328125,0.004395294189453121,-0.17582283020019532,-0.074725341796875,0.0,0.0,0.0,-0.46248872534523777,-0.1697703793903059,-3.5215031475021754,1.0,14.263416520913193,-6.034055942462741,-23.77745085419732,0.0,0.0,0.0,0.0,0.0,0.0,0.0,0.0,0.0,1000.0,1000.0,1000.0,1000.0,1000.0,1000.0,-0.12802062692293506,0.05455639767845034,0.4571074280884013,-0.12802062692293506,0.05455639767845034,0.4571074280884013,-0.017472060380711717,-0.03308202723110421,-0.014322592219476661,102.89935491077705,4.309234804699732,0.008866856672190927,5.577092093174001,-0.001088149555762133,0.00045978222552768653,0.4549984665148328,0.0,0.0,0.455,2.132793698433119e-19,4.701700830903725e-21,-3.9501756653483886,0.47782097302125986,0.02282097302125985,-0.01279771242437113,0.0,0.0,0.0,0.0,0.0,0.0,0.0,-4.405175665348389,0.0,0.0,0.0,0.017324795759603884,0.033640200704152495,0.014196210517148377,0.0,0.0,-0.18141694366931915,-0.0012675895122811198,0.00027993848198093474,0.9834054708480835,0.0014770582783967257,0.0003000033611897379,-0.0008029756136238575,0.006481533870100975,-0.006033231969922781,-9.80249309539795,0.0010105135152116418,0.002391539979726076,-2.7767369747161865,0.18141693344711174,0.001267589440856904,-0.0002799384662073848,-0.9834054154366402,0.0010105134475489655,0.002391539764911162,9.622859252956613e-06,0.0,0.0,0.0,0.0010105118306726296,0.002391536874669444,0.0,0.0,0.0,0.0,0.0014770582783967257,0.0003000033611897379,-0.0008029756136238575,0.0,0.0,0.0,0.0,0.0,0.0,0.0,0.0,0.0,0.0,0.0,0.0,0.0,-0.0,0,0.0,0.0,0.0,1.6,0.0,0.0,0.0,0.0,-0.0,0.0,0.0,0.0,0.0,0.0,0.0,0.0,0.0,0.0,-0.0,0.0,0.0,0.0,0.0,0.0,0.0,nan,nan,nan,nan,nan,nan,nan,nan,nan,nan,nan,nan,0.0,0.0,0.0,0.0,1.0,0.0,nan,nan,0.9658365507345044,nan,0.01,nan,nan,nan,nan,nan,nan,nan,0.03,1,0.01,nan,nan,nan,nan,nan,9.80248165555896,nan,nan,nan,nan,nan,nan,nan,0.0,1.0,0.0,0,nan,nan,nan,nan,nan,nan,nan,nan,nan,nan,nan,nan,nan,0,nan,nan,nan,nan,nan,nan,0.12,0.0,0.0,0.11,nan,off,0.0,0.0,0.0,982.5387120934118,479.7372115385673,0.0,0.0,11.50008487701416,11.495994567871094,11.49194622039795,0.0,0.0,0.0,0.00800000037997961,0.04600000008940697,-0.01600000075995922,0.0,0.0,0.0,7,idle,0,-1,nan,0.0,0.0,0.455,-0.12802062692293506,0.05455639767845034,0.4571074280884013,nan,nan,nan,nan,nan,nan,nan,nan,nan,nan,nan,nan,nan,nan,450.0,3.0,2.0,5.0,0.7,searching,nan,0,0.0,0.0,,nan,nan,nan,nan,nan,nan,nan,,nan,nan,nan,0,nan,
1786371756.004228,70.84970129200018,FLIGHT,mobile,0,0,0,0,1,0,0.0,0,0,0,0,0,0,0,0,0,closed_form,0.629775881767273,0.5489033460617065,1.0707615613937378,-0.23077011108398438,-0.27472686767578125,0.16483688354492188,0.0024423599243164062,-0.0024423599243164062,-0.0073261260986328125,-0.06615432739257814,-0.2054940414428711,-0.002856674194335926,0.0,0.0,0.0,-0.4515180186494365,-0.16171514772167633,-3.533144947700067,1.0,14.288207844217085,-6.051958828959981,-23.71316001516958,0.0,0.0,0.0,0.0,0.0,0.0,0.0,0.0,0.0,1000.0,1000.0,1000.0,1000.0,1000.0,1000.0,-0.1281012890416749,0.05451276094682939,0.45706737752817056,-0.1281012890416749,0.05451276094682939,0.45706737752817056,-0.04339068149777097,-0.007396170634716759,-0.027343811168502936,102.90391002404826,4.308930091119596,0.008867718874752233,5.576277589928596,-0.0010879083671855375,0.00046059116982530437,0.4549984662734138,0.0,0.0,0.455,1.6525747016582261e-19,1.6810408988104666e-19,-3.9501756653483886,0.47779929778167746,0.02279929778167744,-0.015367849107303096,0.0,0.0,0.0,0.0,0.0,0.0,0.0,-4.405175665348389,0.0,0.0,0.0,0.04349447556626076,0.008074719884321692,0.027174915520469495,0.0,0.0,-0.18142622709274292,-0.0012674927711486816,0.00028084879158996046,0.983403742313385,0.0017758476315066218,-0.0001845610240707174,-0.0008334252052009106,0.001502558239735663,0.017340512946248055,-9.7994384765625,0.0010122914100065827,0.0023910098243504763,-2.7767181396484375,0.18142621968265701,0.0012674927193798142,-0.00028084878011910695,-0.9834037021477137,0.0010122913518146722,0.002391009678611868,2.8510656640770525e-05,0.0,0.0,0.0,0.0010122897321284147,0.0023910067878713135,0.0,0.0,0.0,0.0,0.0017758476315066218,-0.0001845610240707174,-0.0008334252052009106,0.0,0.0,0.0,0.0,0.0,0.0,0.0,0.0,0.0,0.0,0.0,0.0,0.0,-0.0,0,0.0,0.0,0.0,1.6,0.0,0.0,0.0,0.0,-0.0,0.0,0.0,0.0,0.0,0.0,0.0,0.0,0.0,0.0,-0.0,0.0,0.0,0.0,0.0,0.0,0.0,nan,nan,nan,nan,nan,nan,nan,nan,nan,nan,nan,nan,0.0,0.0,0.0,0.0,1.0,0.0,nan,nan,0.9658365507345044,nan,0.01,nan,nan,nan,nan,nan,nan,nan,0.03,1,0.01,nan,nan,nan,nan,nan,9.799391483373965,nan,nan,nan,nan,nan,nan,nan,0.0,1.0,0.0,0,nan,nan,nan,nan,nan,nan,nan,nan,nan,nan,nan,nan,nan,0,nan,nan,nan,nan,nan,nan,0.12,0.0,0.0,0.11,nan,off,0.0,0.0,0.0,982.5387120934118,479.7372115385673,0.0,0.0,11.50008487701416,11.495994567871094,11.49194622039795,0.0,0.0,0.0,0.00800000037997961,0.04600000008940697,-0.01600000075995922,0.0,0.0,0.0,7,idle,0,-1,nan,0.0,0.0,0.455,-0.1281012890416749,0.05451276094682939,0.45706737752817056,nan,nan,nan,nan,nan,nan,nan,nan,nan,nan,nan,nan,nan,nan,450.0,3.0,2.0,5.0,0.7,searching,nan,0,0.0,0.0,,nan,nan,nan,nan,nan,nan,nan,,nan,nan,nan,0,nan,
1786371756.0079107,70.85331008500019,FLIGHT,mobile,0,0,0,0,1,0,0.0,0,0,0,0,0,0,0,0,0,closed_form,0.6301573514938354,0.549284815788269,1.0711430311203003,0.3186798095703125,0.20878982543945312,0.27472686767578125,-0.0024423599243164062,0.0024423599243164062,-0.0073261260986328125,0.04929591369628907,-0.08120888137817381,0.08041838836669923,0.0,0.0,0.0,-0.4651508218897303,-0.17700357241786566,-3.538940721340245,1.0,14.340429388728055,-6.075397316370017,-23.942760618326382,0.0,0.0,0.0,0.0,0.0,0.0,0.0,0.0,0.0,1000.0,1000.0,1000.0,1000.0,1000.0,1000.0,-0.12811697138702072,0.05452148478063089,0.457122395522652,-0.12811697138702072,0.05452148478063089,0.457122395522652,-0.03780895533981232,-0.008854138456553522,-0.008154972871168483,102.90915129158832,4.310772827558537,0.00886411028985076,5.580254534090535,-0.0010896043511926493,0.00046169618001221937,0.45499846109519454,0.0,0.0,0.455,1.3396801691414455e-19,-1.494435470331183e-20,-3.9501756653483886,0.4778571283850803,0.022857128385080305,0.0013255161478685576,0.0,0.0,0.0,0.0,0.0,0.0,0.0,-4.405175665348389,0.0,0.0,0.0,0.03766443158177406,0.009748714135809692,0.00792153372495919,0.0,0.0,-0.181436687707901,-0.001269548898562789,0.00028169131837785244,0.9834018349647522,0.001986923860386014,0.0003499049926176667,-5.80883352085948e-05,0.0077161649242043495,0.01864226907491684,-9.795186042785645,0.0010147200664505363,0.002394737210124731,-2.7766969203948975,0.18143667575459366,0.0012695488149230998,-0.0002816912998196273,-0.9834017701768389,0.001014719962872078,0.002394737126661524,4.9781587172746334e-05,0.0,0.0,0.0,0.0010147183339421517,0.0023947342213474603,0.0,0.0,0.0,0.0,0.001986923860386014,0.0003499049926176667,-5.80883352085948e-05,0.0,0.0,0.0,0.0,0.0,0.0,0.0,0.0,0.0,0.0,0.0,0.0,0.0,-0.0,0,0.0,0.0,0.0,1.6,0.0,0.0,0.0,0.0,-0.0,0.0,0.0,0.0,0.0,0.0,0.0,0.0,0.0,0.0,-0.0,0.0,0.0,0.0,0.0,0.0,0.0,nan,nan,nan,nan,nan,nan,nan,nan,nan,nan,nan,nan,0.0,0.0,0.0,0.0,1.0,0.0,nan,nan,0.9658365507345044,nan,0.01,nan,nan,nan,nan,nan,nan,nan,0.03,1,0.01,nan,nan,nan,nan,nan,9.795152474969349,nan,nan,nan,nan,nan,nan,nan,0.0,1.0,0.0,0,nan,nan,nan,nan,nan,nan,nan,nan,nan,nan,nan,nan,nan,0,nan,nan,nan,nan,nan,nan,0.12,0.0,0.0,0.11,nan,off,0.0,0.0,0.0,982.5387120934118,479.7372115385673,0.0,0.0,11.50008487701416,11.495994567871094,11.49194622039795,0.0,0.0,0.0,0.00800000037997961,0.04600000008940697,-0.01600000075995922,0.0,0.0,0.0,7,idle,0,-1,nan,0.0,0.0,0.455,-0.12811697138702072,0.05452148478063089,0.457122395522652,nan,nan,nan,nan,nan,nan,nan,nan,nan,nan,nan,nan,nan,nan,450.0,3.0,2.0,5.0,0.7,searching,nan,0,0.0,0.0,,nan,nan,nan,nan,nan,nan,nan,,nan,nan,nan,0,nan,
1786371756.0114472,70.8569092770001,FLIGHT,mobile,0,0,0,0,1,0,0.0,0,0,0,0,0,0,0,0,0,closed_form,0.6301573514938354,0.549284815788269,1.0707615613937378,0.03296661376953125,0.09889984130859375,-0.3846168518066406,-0.0024423599243164062,-0.0024423599243164062,-0.0073261260986328125,0.044397123718261725,-0.027176264572143533,-0.059092183685302745,0.0,0.0,0.0,-0.46985346452201665,-0.18628860267420047,-3.518052863572556,1.0,14.265449149446301,-6.047617891485611,-23.919489202472857,0.0,0.0,0.0,0.0,0.0,0.0,0.0,0.0,0.0,1000.0,1000.0,1000.0,1000.0,1000.0,1000.0,-0.12801659292868234,0.05446087577629494,0.45714149211948385,-0.12801659292868234,0.05446087577629494,0.45714149211948385,0.01027042734508541,-0.02361376328808574,0.004064775947750343,102.89547286146441,4.309631570342271,0.00886602245298604,5.578068860050463,-0.0010889053613213522,0.00046369012978849473,0.45499846074088823,0.0,0.0,0.455,-1.679857600598148e-19,3.3324052594770213e-19,-3.9501756653483886,0.4778415834485495,0.022841583448549474,-0.0015541418526976278,0.0,0.0,0.0,0.0,0.0,0.0,0.0,-4.405175665348389,0.0,0.0,0.0,-0.009963898224350287,0.02474649483076751,-0.004061180946667323,0.0,0.0,-0.1814487725496292,-0.0012691945303231478,0.0002839698572643101,0.9833995699882507,0.0024251004215329885,-0.0006766365258954465,0.0001615621440578252,0.01931113563477993,-0.0017887814901769161,-9.819045066833496,0.0010191022884100676,0.002393200993537903,-2.776672124862671,0.1814487668515502,0.0012691944904663296,-0.00028396984834673706,-0.9833995391063198,0.0010191022811563808,0.0023932008807839677,7.437650155764598e-05,0.0,0.0,0.0,0.001019100645551656,0.0023931979749349745,0.0,0.0,0.0,0.0,0.0024251004215329885,-0.0006766365258954465,0.0001615621440578252,0.0,0.0,0.0,0.0,0.0,0.0,0.0,0.0,0.0,0.0,0.0,0.0,0.0,-0.0,0,0.0,0.0,0.0,1.6,0.0,0.0,0.0,0.0,-0.0,0.0,0.0,0.0,0.0,0.0,0.0,0.0,0.0,0.0,-0.0,0.0,0.0,0.0,0.0,0.0,0.0,nan,nan,nan,nan,nan,nan,nan,nan,nan,nan,nan,nan,0.0,0.0,0.0,0.0,1.0,0.0,nan,nan,0.9658365507345044,nan,0.01,nan,nan,nan,nan,nan,nan,nan,0.03,1,0.01,nan,nan,nan,nan,nan,9.819059887459561,nan,nan,nan,nan,nan,nan,nan,0.0,1.0,0.0,0,nan,nan,nan,nan,nan,nan,nan,nan,nan,nan,nan,nan,nan,0,nan,nan,nan,nan,nan,nan,0.12,0.0,0.0,0.11,nan,off,0.0,0.0,0.0,982.5387120934118,479.7372115385673,0.0,0.0,11.5000638961792,11.496015548706055,11.49194622039795,0.0,0.0,0.0,-0.023000000044703484,-0.01899999938905239,-0.0020000000949949026,0.0,0.0,0.0,7,idle,0,-1,nan,0.0,0.0,0.455,-0.12801659292868234,0.05446087577629494,0.45714149211948385,nan,nan,nan,nan,nan,nan,nan,nan,nan,nan,nan,nan,nan,nan,450.0,3.0,2.0,5.0,0.7,searching,nan,0,0.0,0.0,,nan,nan,nan,nan,nan,nan,nan,,nan,nan,nan,0,nan,
1786371756.014978,70.86044488200012,FLIGHT,mobile,0,0,0,0,1,0,0.0,0,0,0,0,0,0,0,0,0,closed_form,0.6301573514938354,0.549284815788269,1.0707615613937378,0.03296661376953125,0.20878982543945312,-0.07692337036132812,-0.0024423599243164062,-0.0024423599243164062,-0.0073261260986328125,0.040967970733642584,0.043613562431335476,-0.06444153968811037,0.0,0.0,0.0,-0.4702765039344144,-0.19379322796557075,-3.5156464767593003,1.0,14.256103425154338,-6.060206035960617,-23.958433928051747,0.0,0.0,0.0,0.0,0.0,0.0,0.0,0.0,0.0,1000.0,1000.0,1000.0,1000.0,1000.0,1000.0,-0.12801659292868234,0.05446087577629494,0.45714149211948385,-0.12801659292868234,0.05446087577629494,0.45714149211948385,0.02661078383500799,-0.01550709713332891,0.01145763142045864,102.89547286146441,4.309631570342271,0.00886602245298604,5.578068860050463,-0.0010889053613213522,0.00046369012978849473,0.45499846074088823,0.0,0.0,0.455,-1.679857600598148e-19,3.3324052594770213e-19,-3.9501756653483886,0.4778415834485495,0.022841583448549474,0.002064715138926855,0.0,0.0,0.0,0.0,0.0,0.0,0.0,-4.405175665348389,0.0,0.0,0.0,-0.026237507676151524,0.016266134687370752,-0.011355073380411779,0.0,0.0,-0.1814487725496292,-0.0012691945303231478,0.0002839698572643101,0.9833995699882507,0.0016777776181697845,-0.0008952137432061136,-0.0001377726293867454,0.021085606887936592,0.004826248623430729,-9.825862884521484,0.0010191022884100676,0.002393200993537903,-2.776672124862671,0.1814487668515502,0.0012691944904663296,-0.00028396984834673706,-0.9833995391063198,0.0010191022811563808,0.0023932008807839677,7.437650155764598e-05,0.0,0.0,0.0,0.001019100645551656,0.0023931979749349745,0.0,0.0,0.0,0.0,0.0016777776181697845,-0.0008952137432061136,-0.0001377726293867454,0.0,0.0,0.0,0.0,0.0,0.0,0.0,0.0,0.0,0.0,0.0,0.0,0.0,-0.0,0,0.0,0.0,0.0,1.6,0.0,0.0,0.0,0.0,-0.0,0.0,0.0,0.0,0.0,0.0,0.0,0.0,0.0,0.0,-0.0,0.0,0.0,0.0,0.0,0.0,0.0,nan,nan,nan,nan,nan,nan,nan,nan,nan,nan,nan,nan,0.0,0.0,0.0,0.0,1.0,0.0,nan,nan,0.9658365507345044,nan,0.01,nan,nan,nan,nan,nan,nan,nan,0.03,1,0.01,nan,nan,nan,nan,nan,9.825875187373265,nan,nan,nan,nan,nan,nan,nan,0.0,1.0,0.0,0,nan,nan,nan,nan,nan,nan,nan,nan,nan,nan,nan,nan,nan,0,nan,nan,nan,nan,nan,nan,0.12,0.0,0.0,0.11,nan,off,0.0,0.0,0.0,982.5387120934118,479.7372115385673,0.0,0.0,11.5000638961792,11.496015548706055,11.49194622039795,0.0,0.0,0.0,-0.023000000044703484,-0.01899999938905239,-0.0020000000949949026,0.0,0.0,0.0,7,idle,0,-1,nan,0.0,0.0,0.455,-0.12801659292868234,0.05446087577629494,0.45714149211948385,nan,nan,nan,nan,nan,nan,nan,nan,nan,nan,nan,nan,nan,nan,450.0,3.0,2.0,5.0,0.7,searching,nan,0,0.0,0.0,,nan,nan,nan,nan,nan,nan,nan,,nan,nan,nan,0,nan,
1786371756.0197575,70.86517607800009,FLIGHT,mobile,0,0,0,0,1,0,0.0,0,0,0,0,0,0,0,0,0,closed_form,0.6301573514938354,0.549284815788269,1.0711430311203003,0.23077011108398438,0.14285659790039062,0.23077011108398438,0.0024423599243164062,0.0024423599243164062,-0.0073261260986328125,0.09790861283874513,0.07338647307205202,0.02412195554351807,0.0,0.0,0.0,-0.47337232796997786,-0.1950104149620947,-3.526463726370895,1.0,14.309470513436885,-6.080726528083213,-24.04609638838524,0.0,0.0,0.0,0.0,0.0,0.0,0.0,0.0,0.0,1000.0,1000.0,1000.0,1000.0,1000.0,1000.0,-0.12811697138702072,0.05452148478063089,0.457122395522652,-0.12811697138702072,0.05452148478063089,0.457122395522652,0.01020608371388055,-0.01228890078731517,0.015241253667451698,102.90915129158832,4.310772827558537,0.00886411028985076,5.5802545340905345,-0.001087790522896518,0.00046416267496964957,0.4549984629257438,0.0,0.0,0.455,-1.3578063793568862e-19,1.1624851146688401e-19,-3.9501756653483886,0.4778571283850803,0.022857128385080305,0.010441482272546652,0.0,0.0,0.0,0.0,0.0,0.0,0.0,-4.405175665348389,0.0,0.0,0.0,-0.010050074532266551,0.012974197049334585,-0.015229752322452618,0.0,0.0,-0.1814594268798828,-0.0012680870713666081,0.0002846890711225569,0.9833976030349731,0.0016113282181322575,-0.00048505753511562943,-0.0005142211448401213,0.023698708042502403,0.008536492474377155,-9.81613826751709,0.0010201408294960856,0.0023907506838440895,-2.7766504287719727,0.18145942158569592,0.0012680870343694125,-0.00028468906281658367,-0.9833975743437622,0.0010201408395292056,0.002390750679434203,9.60452599306745e-05,0.0,0.0,0.0,0.0010201392048869913,0.002390747779965029,0.0,0.0,0.0,0.0,0.0016113282181322575,-0.00048505753511562943,-0.0005142211448401213,0.0,0.0,0.0,0.0,0.0,0.0,0.0,0.0,0.0,0.0,0.0,0.0,0.0,-0.0,0,0.0,0.0,0.0,1.6,0.0,0.0,0.0,0.0,-0.0,0.0,0.0,0.0,0.0,0.0,0.0,0.0,0.0,0.0,-0.0,0.0,0.0,0.0,0.0,0.0,0.0,nan,nan,nan,nan,nan,nan,nan,nan,nan,nan,nan,nan,0.0,0.0,0.0,0.0,1.0,0.0,nan,nan,0.9658365507345044,nan,0.01,nan,nan,nan,nan,nan,nan,nan,0.03,1,0.01,nan,nan,nan,nan,nan,9.816153056034464,nan,nan,nan,nan,nan,nan,nan,0.0,1.0,0.0,0,nan,nan,nan,nan,nan,nan,nan,nan,nan,nan,nan,nan,nan,0,nan,nan,nan,nan,nan,nan,0.12,0.0,0.0,0.11,nan,off,0.0,0.0,0.0,982.5387120934118,479.7372115385673,0.0,0.0,11.5000638961792,11.496015548706055,11.49194622039795,0.0,0.0,0.0,0.06199999898672104,-0.007000000216066837,-0.00800000037997961,0.0,0.0,0.0,7,idle,0,-1,nan,0.0,0.0,0.455,-0.12811697138702072,0.05452148478063089,0.457122395522652,nan,nan,nan,nan,nan,nan,nan,nan,nan,nan,nan,nan,nan,nan,450.0,3.0,2.0,5.0,0.7,searching,nan,0,0.0,0.0,,nan,nan,nan,nan,nan,nan,nan,,nan,nan,nan,0,nan,
1786371756.0234642,70.8689316960001,FLIGHT,mobile,0,0,0,0,1,0,0.0,0,0,0,0,0,0,0,0,0,closed_form,0.6301573514938354,0.549284815788269,1.0711430311203003,0.120880126953125,-0.16483688354492188,0.27472686767578125,0.0024423599243164062,0.0024423599243164062,-0.0073261260986328125,0.1048000670730591,0.0019194660869598507,0.09930342918319703,0.0,0.0,0.0,-0.4710300982916315,-0.18565554670767376,-3.537253394765458,1.0,14.346189970109982,-6.082453969473704,-24.0290645125484,0.0,0.0,0.0,0.0,0.0,0.0,0.0,0.0,0.0,1000.0,1000.0,1000.0,1000.0,1000.0,1000.0,-0.12811697138702072,0.05452148478063089,0.457122395522652,-0.12811697138702072,0.05452148478063089,0.457122395522652,-0.024614005599430406,-0.01024350427458137,0.004584871805317454,102.90915129158832,4.310772827558537,0.008864110289850766,5.580254534090537,-0.0010893642727379889,0.0004623154919394011,0.45499846104120745,0.0,0.0,0.455,-1.7945820745363762e-19,8.637992928150833e-20,-3.9501756653483886,0.4778571283850803,0.022857128385080305,0.009816382539607451,0.0,0.0,0.0,0.0,0.0,0.0,0.0,-4.405175665348389,0.0,0.0,0.0,0.024194913974494976,0.010306278919052144,-0.004752819176107529,0.0,0.0,-0.18147492408752441,-0.0012694238685071468,0.00028235907666385174,0.9833947420120239,0.00015764974523335695,0.000873218581546098,-0.00013388290244620293,-0.006124444305896759,0.006032291334122419,-9.822992324829102,0.0010160811943933368,0.0023942096158862114,-2.7766189575195312,0.18147491883808356,0.001269423831787112,-0.00028235906849618186,-0.9833947135658209,0.001016081091307572,0.002394209480193596,0.00012756036852419557,0.0,0.0,0.0,0.0010160794603663974,0.0023942065748734807,0.0,0.0,0.0,0.0,0.00015764974523335695,0.000873218581546098,-0.00013388290244620293,0.0,0.0,0.0,0.0,0.0,0.0,0.0,0.0,0.0,0.0,0.0,0.0,0.0,-0.0,0,0.0,0.0,0.0,1.6,0.0,0.0,0.0,0.0,-0.0,0.0,0.0,0.0,0.0,0.0,0.0,0.0,0.0,0.0,-0.0,0.0,0.0,0.0,0.0,0.0,0.0,nan,nan,nan,nan,nan,nan,nan,nan,nan,nan,nan,nan,0.0,0.0,0.0,0.0,1.0,0.0,nan,nan,0.9658365507345044,nan,0.01,nan,nan,nan,nan,nan,nan,nan,0.03,1,0.01,nan,nan,nan,nan,nan,9.822938307789629,nan,nan,nan,nan,nan,nan,nan,0.0,1.0,0.0,0,nan,nan,nan,nan,nan,nan,nan,nan,nan,nan,nan,nan,nan,0,nan,nan,nan,nan,nan,nan,0.12,0.0,0.0,0.11,nan,off,0.0,0.0,0.0,982.5387120934118,479.7372115385673,0.0,0.0,11.5000638961792,11.496015548706055,11.49194622039795,0.0,0.0,0.0,0.06199999898672104,-0.007000000216066837,-0.00800000037997961,0.0,0.0,0.0,7,idle,0,-1,nan,0.0,0.0,0.455,-0.12811697138702072,0.05452148478063089,0.457122395522652,nan,nan,nan,nan,nan,nan,nan,nan,nan,nan,nan,nan,nan,nan,450.0,3.0,2.0,5.0,0.7,searching,nan,0,0.0,0.0,,nan,nan,nan,nan,nan,nan,nan,,nan,nan,nan,0,nan,
1786371756.0270994,70.87258199500023,FLIGHT,mobile,0,0,0,0,1,0,0.0,0,0,0,0,0,0,0,0,0,closed_form,0.629775881767273,0.549284815788269,1.0707615613937378,0.07692337036132812,0.120880126953125,-0.03296661376953125,0.0024423599243164062,-0.0024423599243164062,-0.0024423599243164062,0.0964370580595398,0.0376076643468094,0.05962241629737854,0.0,0.0,0.0,-0.4696049820480907,-0.189304639477161,-3.5291903551001207,1.0,14.30535446887906,-6.081829339670275,-23.995988221708576,0.0,0.0,0.0,0.0,0.0,0.0,0.0,0.0,0.0,1000.0,1000.0,1000.0,1000.0,1000.0,1000.0,-0.12802062692293506,0.05455639767845034,0.4571074280884013,-0.12802062692293506,0.05455639767845034,0.4571074280884013,-0.006716524263673015,-0.010372493330440477,0.009577724265928017,102.89935491077705,4.309234804699732,0.008866856672190927,5.577092093174,-0.0010893642727379889,0.0004623154919394011,0.45499846104120745,0.0,0.0,0.455,-1.7945820745363762e-19,8.637992928150833e-20,-3.9501756653483886,0.47782097302125986,0.02282097302125985,0.009777755573437947,0.0,0.0,0.0,0.0,0.0,0.0,0.0,-4.405175665348389,0.0,0.0,0.0,0.0062855219589311425,0.0104380669822313,-0.009702594791659462,0.0,0.0,-0.18147492408752441,-0.0012694238685071468,0.00028235907666385174,0.9833947420120239,0.00015764974523335695,0.000873218581546098,-0.00013388290244620293,-0.006124444305896759,0.006032291334122419,-9.822992324829102,0.0010160811943933368,0.0023942096158862114,-2.7766189575195312,0.18147491883808356,0.001269423831787112,-0.00028235906849618186,-0.9833947135658209,0.001016081091307572,0.002394209480193596,0.00012756036852419557,0.0,0.0,0.0,0.0010160794603663974,0.0023942065748734807,0.0,0.0,0.0,0.0,0.00015764974523335695,0.000873218581546098,-0.00013388290244620293,0.0,0.0,0.0,0.0,0.0,0.0,0.0,0.0,0.0,0.0,0.0,0.0,0.0,-0.0,0,0.0,0.0,0.0,1.6,0.0,0.0,0.0,0.0,-0.0,0.0,0.0,0.0,0.0,0.0,0.0,0.0,0.0,0.0,-0.0,0.0,0.0,0.0,0.0,0.0,0.0,nan,nan,nan,nan,nan,nan,nan,nan,nan,nan,nan,nan,0.0,0.0,0.0,0.0,1.0,0.0,nan,nan,0.9658365507345044,nan,0.01,nan,nan,nan,nan,nan,nan,nan,0.03,1,0.01,nan,nan,nan,nan,nan,9.822938307789629,nan,nan,nan,nan,nan,nan,nan,0.0,1.0,0.0,0,nan,nan,nan,nan,nan,nan,nan,nan,nan,nan,nan,nan,nan,0,nan,nan,nan,nan,nan,nan,0.12,0.0,0.0,0.11,nan,off,0.0,0.0,0.0,982.5387120934118,479.7372115385673,0.0,0.0,11.5000638961792,11.495994567871094,11.491925239562988,0.0,-0.01163552887737751,0.0,-0.0020000000949949026,-0.008999999612569809,-0.013000000268220901,0.0,0.0,0.0,7,idle,0,-1,nan,0.0,0.0,0.455,-0.12802062692293506,0.05455639767845034,0.4571074280884013,nan,nan,nan,nan,nan,nan,nan,nan,nan,nan,nan,nan,nan,nan,450.0,3.0,2.0,5.0,0.7,searching,nan,0,0.0,0.0,,nan,nan,nan,nan,nan,nan,nan,,nan,nan,nan,0,nan,
1786371756.0308511,70.87637502300025,FLIGHT,mobile,0,0,0,0,1,0,0.0,0,0,0,0,0,0,0,0,0,closed_form,0.629775881767273,0.549284815788269,1.0711430311203003,0.010990142822265625,0.07692337036132812,0.3846168518066406,0.0024423599243164062,0.0024423599243164062,-0.0073261260986328125,0.07080298348835753,0.04940237615116502,0.15712074695015718,0.0,0.0,0.0,-0.4636714526567606,-0.18771390642100688,-3.544219010881425,1.0,14.354193869639126,-6.119263770053997,-24.029359123153693,0.0,0.0,0.0,0.0,0.0,0.0,0.0,0.0,0.0,1000.0,1000.0,1000.0,1000.0,1000.0,1000.0,-0.12812100805701843,0.05461699560716297,0.45708831725269977,-0.12812100805701843,0.05461699560716297,0.45708831725269977,-0.030149931862174784,0.012884257281551709,0.0036352628975294538,102.91303593537747,4.310375845968238,0.00886494470480651,5.579276851302063,-0.0010891425700032319,0.0004618410303743738,0.45499846205380173,0.0,0.0,0.455,-5.548794301336474e-19,3.8462769772621815e-19,-3.9501756653483886,0.4778365187839918,0.022836518783991788,0.01303411322105062,0.0,0.0,0.0,0.0,0.0,0.0,0.0,-4.405175665348389,0.0,0.0,0.0,0.03034098485257835,-0.012207555809128717,-0.0037446379718157016,0.0,0.0,-0.18148621916770935,-0.0012690928997471929,0.0002818759821821004,0.9833926558494568,0.0014722008490934968,-0.0004375857242848724,-3.521977851050906e-05,0.010194518603384495,-0.018110016360878944,-9.805655479431152,0.001015038345940411,0.002393722301349044,-2.7765960693359375,0.1814862143240878,0.001269092865876821,-0.00028187597465921196,-0.9833926296040377,0.0010150383139266958,0.002393722220039627,0.00015053112779103725,0.0,0.0,0.0,0.0010150366856096346,0.002393719317509015,0.0,0.0,0.0,0.0,0.0014722008490934968,-0.0004375857242848724,-3.521977851050906e-05,0.0,0.0,0.0,0.0,0.0,0.0,0.0,0.0,0.0,0.0,0.0,0.0,0.0,-0.0,0,0.0,0.0,0.0,1.6,0.0,0.0,0.0,0.0,-0.0,0.0,0.0,0.0,0.0,0.0,0.0,0.0,0.0,0.0,-0.0,0.0,0.0,0.0,0.0,0.0,0.0,nan,nan,nan,nan,nan,nan,nan,nan,nan,nan,nan,nan,0.0,0.0,0.0,0.0,1.0,0.0,nan,nan,0.9658365507345044,nan,0.01,nan,nan,nan,nan,nan,nan,nan,0.03,1,0.01,nan,nan,nan,nan,nan,9.805665120447069,nan,nan,nan,nan,nan,nan,nan,0.0,1.0,0.0,0,nan,nan,nan,nan,nan,nan,nan,nan,nan,nan,nan,nan,nan,0,nan,nan,nan,nan,nan,nan,0.12,0.0,0.0,0.11,nan,off,0.0,0.0,0.0,982.5387120934118,479.7372115385673,0.0,0.0,11.5000638961792,11.495994567871094,11.491925239562988,0.0,-0.01163552887737751,0.0,-0.0020000000949949026,-0.008999999612569809,-0.013000000268220901,0.0,0.0,0.0,7,idle,0,-1,nan,0.0,0.0,0.455,-0.12812100805701843,0.05461699560716297,0.45708831725269977,nan,nan,nan,nan,nan,nan,nan,nan,nan,nan,nan,nan,nan,nan,450.0,3.0,2.0,5.0,0.7,searching,nan,0,0.0,0.0,,nan,nan,nan,nan,nan,nan,nan,,nan,nan,nan,0,nan,
1786371756.0347118,70.8801505780002,FLIGHT,mobile,0,0,0,0,1,0,0.0,0,0,0,0,0,0,0,0,0,closed_form,0.6301573514938354,0.549284815788269,1.0707615613937378,0.20878982543945312,0.25274658203125,-0.07692337036132812,0.0024423599243164062,-0.0024423599243164062,-0.0073261260986328125,0.11219903607368621,0.11040563791519052,0.08690751175671158,0.0,0.0,0.0,-0.4733522494627362,-0.19740361322325264,-3.5299920417550847,1.0,14.31645987556648,-6.089566587261496,-24.08240788421704,0.0,0.0,0.0,0.0,0.0,0.0,0.0,0.0,0.0,1000.0,1000.0,1000.0,1000.0,1000.0,1000.0,-0.12801659292868234,0.05446087577629494,0.45714149211948385,-0.12801659292868234,0.05446087577629494,0.45714149211948385,0.0016675649151571769,-0.0016603476036768248,0.01726037480614207,102.89547286146441,4.309631570342271,0.00886602245298604,5.578068860050464,-0.0010890878039102013,0.0004616885831457285,0.4549984623396079,0.0,0.0,0.455,-5.71659037761644e-20,1.56630302439593e-20,-3.9501756653483886,0.4778415834485495,0.022841583448549474,0.015876670831271544,0.0,0.0,0.0,0.0,0.0,0.0,0.0,-4.405175665348389,0.0,0.0,0.0,-0.0014381658909662619,0.002607065899678168,-0.01728912092941832,0.0,0.0,-0.18149171769618988,-0.0012690048897638917,0.00028171506710350513,0.9833916425704956,0.0020348781254142523,-0.0005940365372225642,-6.440563993237447e-06,-0.01291797123849392,-0.002013063058257103,-9.792612075805664,0.0010147033026441932,0.002393601927906275,-2.7765848636627197,0.18149171261382308,0.0012690048542275685,-0.0002817150592145539,-0.9833916150322856,0.0010147032636477332,0.002393601854655176,0.00016171290138652027,0.0,0.0,0.0,0.001014701636129343,0.002393598952907342,0.0,0.0,0.0,0.0,0.0020348781254142523,-0.0005940365372225642,-6.440563993237447e-06,0.0,0.0,0.0,0.0,0.0,0.0,0.0,0.0,0.0,0.0,0.0,0.0,0.0,-0.0,0,0.0,0.0,0.0,1.6,0.0,0.0,0.0,0.0,-0.0,0.0,0.0,0.0,0.0,0.0,0.0,0.0,0.0,0.0,-0.0,0.0,0.0,0.0,0.0,0.0,0.0,nan,nan,nan,nan,nan,nan,nan,nan,nan,nan,nan,nan,0.0,0.0,0.0,0.0,1.0,0.0,nan,nan,0.9658365507345044,nan,0.01,nan,nan,nan,nan,nan,nan,nan,0.03,1,0.01,nan,nan,nan,nan,nan,9.792550104138806,nan,nan,nan,nan,nan,nan,nan,0.0,1.0,0.0,0,nan,nan,nan,nan,nan,nan,nan,nan,nan,nan,nan,nan,nan,0,nan,nan,nan,nan,nan,nan,0.12,0.0,0.0,0.11,nan,off,0.0,0.0,0.0,982.5387120934118,479.7372115385673,0.0,0.0,11.5000638961792,11.495994567871094,11.491925239562988,0.0,-0.01163552887737751,0.0,-0.0020000000949949026,-0.008999999612569809,-0.013000000268220901,0.0,0.0,0.0,7,idle,0,-1,nan,0.0,0.0,0.455,-0.12801659292868234,0.05446087577629494,0.45714149211948385,nan,nan,nan,nan,nan,nan,nan,nan,nan,nan,nan,nan,nan,nan,450.0,3.0,2.0,5.0,0.7,searching,nan,0,0.0,0.0,,nan,nan,nan,nan,nan,nan,nan,,nan,nan,nan,0,nan,
1786371756.0384562,70.88386849700008,FLIGHT,mobile,0,0,0,0,1,0,0.0,0,0,0,0,0,0,0,0,0,closed_form,0.629775881767273,0.549284815788269,1.0707615613937378,-0.120880126953125,0.14285659790039062,0.03296661376953125,0.0024423599243164062,-0.0024423599243164062,-0.0073261260986328125,0.04227528716564284,0.12014092591075057,0.07072524236055747,0.0,0.0,0.0,-0.4643459886570413,-0.19714679122880155,-3.5301063069741567,1.0,14.295334964783738,-6.111265741138213,-24.0184360953456,0.0,0.0,0.0,0.0,0.0,0.0,0.0,0.0,0.0,1000.0,1000.0,1000.0,1000.0,1000.0,1000.0,-0.12802062692293506,0.05455639767845034,0.4571074280884013,-0.12802062692293506,0.05455639767845034,0.4571074280884013,0.007242813001330352,0.014392401294958602,0.012847049238440671,102.89935491077705,4.309234804699732,0.008866856672190927,5.577092093174004,-0.0010884303948416434,0.0004632314613615146,0.45499846234453234,0.0,0.0,0.455,-1.4271971489888234e-19,8.000706254851427e-20,-3.9501756653483886,0.47782097302125986,0.02282097302125985,0.01199288031907593,0.0,0.0,0.0,0.0,0.0,0.0,0.0,-4.405175665348389,0.0,0.0,0.0,-0.007129578026186408,-0.013370728046692756,-0.012924479092735811,0.0,0.0,-0.18150286376476288,-0.0012686053523793817,0.00028349910280667245,0.9833895564079285,0.0022517682518810034,-0.00032817028113640845,-0.00015216763131320477,-0.009564735926687717,0.0013370695523917675,-9.809986114501953,0.0010180941317230463,0.002392156980931759,-2.776562213897705,0.18150286386111605,0.0012686053530528375,-0.0002834991029571717,-0.9833895569299738,0.0010180942127268632,0.0023921569954229067,0.00018439540569696074,0.0,0.0,0.0,0.0010180925803599363,0.002392154094061177,0.0,0.0,0.0,0.0,0.0022517682518810034,-0.00032817028113640845,-0.00015216763131320477,0.0,0.0,0.0,0.0,0.0,0.0,0.0,0.0,0.0,0.0,0.0,0.0,0.0,-0.0,0,0.0,0.0,0.0,1.6,0.0,0.0,0.0,0.0,-0.0,0.0,0.0,0.0,0.0,0.0,0.0,0.0,0.0,0.0,-0.0,0.0,0.0,0.0,0.0,0.0,0.0,nan,nan,nan,nan,nan,nan,nan,nan,nan,nan,nan,nan,0.0,0.0,0.0,0.0,1.0,0.0,nan,nan,0.9658365507345044,nan,0.01,nan,nan,nan,nan,nan,nan,nan,0.03,1,0.01,nan,nan,nan,nan,nan,9.809928720434325,nan,nan,nan,nan,nan,nan,nan,0.0,1.0,0.0,0,nan,nan,nan,nan,nan,nan,nan,nan,nan,nan,nan,nan,nan,0,nan,nan,nan,nan,nan,nan,0.12,0.0,0.0,0.11,nan,off,0.0,0.0,0.0,982.5387120934118,479.7372115385673,0.0,0.0,11.5000638961792,11.496015548706055,11.49194622039795,-0.01163552887737751,-0.01163552887737751,0.0,-0.0010000000474974513,-0.017999999225139618,0.05000000074505806,0.0,0.0,0.0,7,idle,0,-1,nan,0.0,0.0,0.455,-0.12802062692293506,0.05455639767845034,0.4571074280884013,nan,nan,nan,nan,nan,nan,nan,nan,nan,nan,nan,nan,nan,nan,450.0,3.0,2.0,5.0,0.7,searching,nan,0,0.0,0.0,,nan,nan,nan,nan,nan,nan,nan,,nan,nan,nan,0,nan,
1786371756.0418422,70.88725106900027,FLIGHT,mobile,0,0,0,0,1,0,0.0,0,0,0,0,0,0,0,0,0,closed_form,0.629775881767273,0.549284815788269,1.0711430311203003,-0.14285659790039062,0.34066009521484375,0.34066009521484375,0.0024423599243164062,-0.0024423599243164062,-0.0073261260986328125,-0.01326427835416721,0.18629667670197853,0.15170569821684335,0.0,0.0,0.0,-0.4563219048561817,-0.20140857341342705,-3.542640125668663,1.0,14.328992588466974,-6.161648424180948,-24.06287132833061,0.0,0.0,0.0,0.0,0.0,0.0,0.0,0.0,0.0,1000.0,1000.0,1000.0,1000.0,1000.0,1000.0,-0.12812100805701843,0.05461699560716297,0.45708831725269977,-0.12812100805701843,0.05461699560716297,0.45708831725269977,-0.000668532325197883,0.04872610958679651,0.010767422819019582,102.91303593537747,4.310375845968238,0.008864944704806494,5.579276851302063,-0.0010885775403407605,0.0004636457304217037,0.4549984615705589,0.0,0.0,0.455,4.764580858999967e-20,1.2753227957752954e-19,-3.9501756653483886,0.4778365187839918,0.022836518783991788,0.01604856394335123,0.0,0.0,0.0,0.0,0.0,0.0,0.0,-4.405175665348389,0.0,0.0,0.0,0.0007152200565511779,-0.047870584802622865,-0.010901213382379076,0.0,0.0,-0.18151473999023438,-0.0012688504066318274,0.00028390210354700685,0.9833873510360718,0.0016987010603770614,-7.408620149362832e-05,0.00052948750089854,0.013777155429124832,-0.006490334402769804,-9.798697471618652,0.0010190046159550548,0.002392480382695794,-2.7765378952026367,0.181514742386844,0.0012688504233849523,-0.00028390210729547664,-0.9833873640201171,0.0010190046980435741,0.002392480393049695,0.00020855517545755322,0.0,0.0,0.0,0.0010190030635076298,0.0023924774895693703,0.0,0.0,0.0,0.0,0.0016987010603770614,-7.408620149362832e-05,0.00052948750089854,0.0,0.0,0.0,0.0,0.0,0.0,0.0,0.0,0.0,0.0,0.0,0.0,0.0,-0.0,0,0.0,0.0,0.0,1.6,0.0,0.0,0.0,0.0,-0.0,0.0,0.0,0.0,0.0,0.0,0.0,0.0,0.0,0.0,-0.0,0.0,0.0,0.0,0.0,0.0,0.0,nan,nan,nan,nan,nan,nan,nan,nan,nan,nan,nan,nan,0.0,0.0,0.0,0.0,1.0,0.0,nan,nan,0.9658365507345044,nan,0.01,nan,nan,nan,nan,nan,nan,nan,0.03,1,0.01,nan,nan,nan,nan,nan,9.798703915823333,nan,nan,nan,nan,nan,nan,nan,0.0,1.0,0.0,0,nan,nan,nan,nan,nan,nan,nan,nan,nan,nan,nan,nan,nan,0,nan,nan,nan,nan,nan,nan,0.12,0.0,0.0,0.11,nan,off,0.0,0.0,0.0,982.5387120934118,479.7372115385673,0.0,0.0,11.5000638961792,11.496015548706055,11.49194622039795,-0.01163552887737751,-0.01163552887737751,0.0,-0.0010000000474974513,-0.017999999225139618,0.05000000074505806,0.0,0.0,0.0,7,idle,0,-1,nan,0.0,0.0,0.455,-0.12812100805701843,0.05461699560716297,0.45708831725269977,nan,nan,nan,nan,nan,nan,nan,nan,nan,nan,nan,nan,nan,nan,450.0,3.0,2.0,5.0,0.7,searching,nan,0,0.0,0.0,,nan,nan,nan,nan,nan,nan,nan,,nan,nan,nan,0,nan,
1786371756.0455055,70.8909183290002,FLIGHT,mobile,0,0,0,0,1,0,0.0,0,0,0,0,0,0,0,0,0,closed_form,0.629775881767273,0.5489033460617065,1.0707615613937378,0.010990142822265625,-0.1868133544921875,-0.14285659790039062,0.0024423599243164062,-0.0024423599243164062,-0.0073261260986328125,-0.005987952001237359,0.07436366734372869,0.06333700938167314,0.0,0.0,0.0,-0.4581086899301034,-0.18968890547836306,-3.531829132843995,1.0,14.293713701580172,-6.104110025776068,-23.933826652407312,0.0,0.0,0.0,0.0,0.0,0.0,0.0,0.0,0.0,1000.0,1000.0,1000.0,1000.0,1000.0,1000.0,-0.1281012890416749,0.05451276094682939,0.45706737752817056,-0.1281012890416749,0.05451276094682939,0.45706737752817056,-0.001005287359182061,0.0200663143898133,0.004103064905563995,102.90391002404826,4.308930091119596,0.008867718874752233,5.576277589928593,-0.0010882580954521442,0.0004647577786270949,0.4549984612001725,0.0,0.0,0.455,-1.5839727288941455e-19,2.9845323161442313e-19,-3.9501756653483886,0.47779929778167746,0.02279929778167744,0.0064839482531302015,0.0,0.0,0.0,0.0,0.0,0.0,0.0,-4.405175665348389,0.0,0.0,0.0,0.0012348263871902328,-0.018963709254313697,-0.004190383670537723,0.0,0.0,-0.1815202832221985,-0.0012687286362051964,0.00028516040765680373,0.9833863377571106,0.0024165434297174215,-0.0005210099625401199,-5.040053292759694e-05,-0.00013108697021380067,-0.006528439000248909,-9.793798446655273,0.001021448872052133,0.0023917783983051777,-2.776526689529419,0.18152028381239177,0.0012687286403303283,-0.0002851604085839715,-0.9833863409544834,0.001021448766584803,0.0023917783143626724,0.00021982789835345586,0.0,0.0,0.0,0.0010214471281371944,0.0023917754100913954,0.0,0.0,0.0,0.0,0.0024165434297174215,-0.0005210099625401199,-5.040053292759694e-05,0.0,0.0,0.0,0.0,0.0,0.0,0.0,0.0,0.0,0.0,0.0,0.0,0.0,-0.0,0,0.0,0.0,0.0,1.6,0.0,0.0,0.0,0.0,-0.0,0.0,0.0,0.0,0.0,0.0,0.0,0.0,0.0,0.0,-0.0,0.0,0.0,0.0,0.0,0.0,0.0,nan,nan,nan,nan,nan,nan,nan,nan,nan,nan,nan,nan,0.0,0.0,0.0,0.0,1.0,0.0,nan,nan,0.9658365507345044,nan,0.01,nan,nan,nan,nan,nan,nan,nan,0.03,1,0.01,nan,nan,nan,nan,nan,9.793771679162946,nan,nan,nan,nan,nan,nan,nan,0.0,1.0,0.0,0,nan,nan,nan,nan,nan,nan,nan,nan,nan,nan,nan,nan,nan,0,nan,nan,nan,nan,nan,nan,0.12,0.0,0.0,0.11,nan,off,0.0,0.0,0.0,982.5387120934118,479.7372115385673,0.0,0.0,11.5000638961792,11.496015548706055,11.49194622039795,-0.01163552887737751,-0.01163552887737751,0.0,-0.0010000000474974513,-0.017999999225139618,0.05000000074505806,0.0,0.0,0.0,7,idle,0,-1,nan,0.0,0.0,0.455,-0.1281012890416749,0.05451276094682939,0.45706737752817056,nan,nan,nan,nan,nan,nan,nan,nan,nan,nan,nan,nan,nan,nan,450.0,3.0,2.0,5.0,0.7,searching,nan,0,0.0,0.0,,nan,nan,nan,nan,nan,nan,nan,,nan,nan,nan,0,nan,
1786371756.0489666,70.89438077700014,FLIGHT,mobile,0,0,0,0,1,0,0.0,0,0,0,0,0,0,0,0,0,closed_form,0.629775881767273,0.549284815788269,1.0711430311203003,-0.3846168518066406,0.25274658203125,0.20878982543945312,0.0024423599243164062,0.0024423599243164062,-0.0073261260986328125,-0.11957662194285835,0.1278785417499851,0.10697285419900714,0.0,0.0,0.0,-0.44625165459877353,-0.1955551476415321,-3.542152697772545,1.0,14.30491967026563,-6.164555486522363,-23.95547319888893,0.0,0.0,0.0,0.0,0.0,0.0,0.0,0.0,0.0,1000.0,1000.0,1000.0,1000.0,1000.0,1000.0,-0.12812100805701843,0.05461699560716297,0.45708831725269977,-0.12812100805701843,0.05461699560716297,0.45708831725269977,-0.0023730286940100427,0.061552702674052114,-0.0026228164851011234,102.91303593537747,4.310375845968238,0.00886494470480651,5.579276851302063,-0.0010881264389801884,0.0004658003638961457,0.454998460448905,0.0,0.0,0.455,-9.009183181647188e-19,5.443475848498415e-19,-3.9501756653483886,0.4778365187839918,0.022836518783991788,0.005162853087543554,0.0,0.0,0.0,0.0,0.0,0.0,0.0,-4.405175665348389,0.0,0.0,0.0,0.0025518504136751953,-0.06046674853216057,0.0024694007398094672,0.0,0.0,-0.18152599036693573,-0.0012687960406765342,0.0002863059926312417,0.9833853244781494,0.0023628026247024536,-0.00034028111258521676,6.182939978316426e-05,-0.003004098078235984,0.001027907826937735,-9.795989036560059,0.0010237401584163308,0.002391488989815116,-2.776515245437622,0.18152598370563966,0.0012687959941166665,-0.00028630598212492803,-0.9833852883917422,0.0010237401698242159,0.0023914889586517086,0.00023142302741942198,0.0,0.0,0.0,0.0010237385272557288,0.0023914860524816136,0.0,0.0,0.0,0.0,0.0023628026247024536,-0.00034028111258521676,6.182939978316426e-05,0.0,0.0,0.0,0.0,0.0,0.0,0.0,0.0,0.0,0.0,0.0,0.0,0.0,-0.0,0,0.0,0.0,0.0,1.6,0.0,0.0,0.0,0.0,-0.0,0.0,0.0,0.0,0.0,0.0,0.0,0.0,0.0,0.0,-0.0,0.0,0.0,0.0,0.0,0.0,0.0,nan,nan,nan,nan,nan,nan,nan,nan,nan,nan,nan,nan,0.0,0.0,0.0,0.0,1.0,0.0,nan,nan,0.9658365507345044,nan,0.01,nan,nan,nan,nan,nan,nan,nan,0.03,1,0.01,nan,nan,nan,nan,nan,9.795947654001747,nan,nan,nan,nan,nan,nan,nan,0.0,1.0,0.0,0,nan,nan,nan,nan,nan,nan,nan,nan,nan,nan,nan,nan,nan,0,nan,nan,nan,nan,nan,nan,0.12,0.0,0.0,0.11,nan,off,0.0,0.0,0.0,982.5387120934118,479.7372115385673,0.0,1.5437602996826172,11.5000638961792,11.496015548706055,11.49194622039795,-0.01163552887737751,-0.01163552887737751,0.0,-0.0010000000474974513,-0.017999999225139618,0.05000000074505806,0.0,0.0,0.0,7,idle,0,-1,nan,0.0,0.0,0.455,-0.12812100805701843,0.05461699560716297,0.45708831725269977,nan,nan,nan,nan,nan,nan,nan,nan,nan,nan,nan,nan,nan,nan,450.0,3.0,2.0,5.0,0.7,searching,nan,0,0.0,0.0,,nan,nan,nan,nan,nan,nan,nan,,nan,nan,nan,0,nan,
1786371756.0523057,70.8977146420002,FLIGHT,mobile,0,0,0,0,1,0,0.0,0,0,0,0,0,0,0,0,0,closed_form,0.6301573514938354,0.5489033460617065,1.0707615613937378,0.03296661376953125,-0.27472686767578125,-0.1868133544921875,-0.0024423599243164062,-0.0024423599243164062,-0.0073261260986328125,-0.07381365122914146,0.007096918922255169,0.018836991591648727,0.0,0.0,0.0,-0.4543067573211792,-0.18432772033749395,-3.5302766745148046,1.0,14.28086326197258,-6.0890053491114315,-23.868714955616362,0.0,0.0,0.0,0.0,0.0,0.0,0.0,0.0,0.0,1000.0,1000.0,1000.0,1000.0,1000.0,1000.0,-0.12809725476256476,0.05441723941374727,0.45710143384689833,-0.12809725476256476,0.05441723941374727,0.45710143384689833,-0.004236284335381527,0.022288381554075653,-0.006784527853925313,102.9000208317732,4.309327015203926,0.008866886100991758,5.577254336209249,-0.0010881264389801884,0.0004658003638961457,0.454998460448905,0.0,0.0,0.455,-9.009183181647188e-19,5.443475848498415e-19,-3.9501756653483886,0.4778199069189237,0.02281990691892366,-0.002816309663093847,0.0,0.0,0.0,0.0,0.0,0.0,0.0,-4.405175665348389,0.0,0.0,0.0,0.004416057016145369,-0.02120624697790562,0.006667302365883069,0.0,0.0,-0.18152599036693573,-0.0012687960406765342,0.0002863059926312417,0.9833853244781494,0.0023628026247024536,-0.00034028111258521676,6.182939978316426e-05,-0.003004098078235984,0.001027907826937735,-9.795989036560059,0.0010237401584163308,0.002391488989815116,-2.776515245437622,0.18152598370563966,0.0012687959941166665,-0.00028630598212492803,-0.9833852883917422,0.0010237401698242159,0.0023914889586517086,0.00023142302741942198,0.0,0.0,0.0,0.0010237385272557288,0.0023914860524816136,0.0,0.0,0.0,0.0,0.0023628026247024536,-0.00034028111258521676,6.182939978316426e-05,0.0,0.0,0.0,0.0,0.0,0.0,0.0,0.0,0.0,0.0,0.0,0.0,0.0,-0.0,0,0.0,0.0,0.0,1.6,0.0,0.0,0.0,0.0,-0.0,0.0,0.0,0.0,0.0,0.0,0.0,0.0,0.0,0.0,-0.0,0.0,0.0,0.0,0.0,0.0,0.0,nan,nan,nan,nan,nan,nan,nan,nan,nan,nan,nan,nan,0.0,0.0,0.0,0.0,1.0,0.0,nan,nan,0.9658365507345044,nan,0.01,nan,nan,nan,nan,nan,nan,nan,0.03,1,0.01,nan,nan,nan,nan,nan,9.795947654001747,nan,nan,nan,nan,nan,nan,nan,0.0,1.0,0.0,0,nan,nan,nan,nan,nan,nan,nan,nan,nan,nan,nan,nan,nan,0,nan,nan,nan,nan,nan,nan,0.12,0.0,0.0,0.11,nan,off,0.0,0.0,0.0,982.5387120934118,479.7372115385673,0.0,0.0,11.5000638961792,11.496015548706055,11.49194622039795,-0.01163552887737751,-0.01163552887737751,0.0,-0.0010000000474974513,-0.017999999225139618,0.05000000074505806,0.0,0.0,0.0,7,idle,0,-1,nan,0.0,0.0,0.455,-0.12809725476256476,0.05441723941374727,0.45710143384689833,nan,nan,nan,nan,nan,nan,nan,nan,nan,nan,nan,nan,nan,nan,450.0,3.0,2.0,5.0,0.7,searching,nan,0,0.0,0.0,,nan,nan,nan,nan,nan,nan,nan,,nan,nan,nan,0,nan,
1786371756.0556872,70.90109420500015,FLIGHT,mobile,0,0,0,0,1,0,0.0,0,0,0,0,0,0,0,0,0,closed_form,0.629775881767273,0.549284815788269,1.0707615613937378,0.120880126953125,0.25274658203125,0.03296661376953125,-0.0024423599243164062,0.0024423599243164062,-0.0073261260986328125,-0.015405517774461516,0.08079181785495362,0.023075878245013483,0.0,0.0,0.0,-0.4595888509341253,-0.19378428205065176,-3.5271845551491054,1.0,14.273971324279135,-6.106309847767867,-23.948760050228852,0.0,0.0,0.0,0.0,0.0,0.0,0.0,0.0,0.0,1000.0,1000.0,1000.0,1000.0,1000.0,1000.0,-0.12802062692293506,0.05455639767845034,0.4571074280884013,-0.12802062692293506,0.05455639767845034,0.4571074280884013,0.010850074005086772,0.016764176222181553,0.005949170316532621,102.89935491077705,4.309234804699732,0.008866856672190927,5.577092093173999,-0.001088542222090159,0.00046580632889675286,0.4549984594482653,0.0,0.0,0.455,-1.2535939944396185e-19,2.169929521742877e-19,-3.9501756653483886,0.47782097302125986,0.02282097302125985,0.004698349084370787,0.0,0.0,0.0,0.0,0.0,0.0,0.0,-4.405175665348389,0.0,0.0,0.0,-0.010873716163017352,-0.015952412155646942,-0.006039622727611631,0.0,0.0,-0.18153296411037445,-0.0012692485470324755,0.0002862204855773598,0.9833840131759644,0.0014597098343074322,0.00016005622455850244,0.0011013048933818936,0.0077010514214634895,0.00848447810858488,-9.799731254577637,0.0010237533133476973,0.0023924028500914574,-2.776500940322876,0.18153296162856436,0.0012692485296800686,-0.00028622048166432454,-0.9833839997317264,0.001023753281997732,0.0023924027702987532,0.0002456153589251374,0.0,0.0,0.0,0.0010237516382847738,0.002392399861259032,0.0,0.0,0.0,0.0,0.0014597098343074322,0.00016005622455850244,0.0011013048933818936,0.0,0.0,0.0,0.0,0.0,0.0,0.0,0.0,0.0,0.0,0.0,0.0,0.0,-0.0,0,0.0,0.0,0.0,1.6,0.0,0.0,0.0,0.0,-0.0,0.0,0.0,0.0,0.0,0.0,0.0,0.0,0.0,0.0,-0.0,0.0,0.0,0.0,0.0,0.0,0.0,nan,nan,nan,nan,nan,nan,nan,nan,nan,nan,nan,nan,0.0,0.0,0.0,0.0,1.0,0.0,nan,nan,0.9658365507345044,nan,0.01,nan,nan,nan,nan,nan,nan,nan,0.03,1,0.01,nan,nan,nan,nan,nan,9.79970781238652,nan,nan,nan,nan,nan,nan,nan,0.0,1.0,0.0,0,nan,nan,nan,nan,nan,nan,nan,nan,nan,nan,nan,nan,nan,0,nan,nan,nan,nan,nan,nan,0.12,0.0,0.0,0.11,nan,off,0.0,0.0,0.0,982.5387120934118,479.7372115385673,0.0,0.0,11.5000638961792,11.496015548706055,11.49194622039795,0.0,-0.01163552887737751,0.0,-0.03099999949336052,-0.0010000000474974513,0.07199999690055847,0.0,0.0,0.0,7,idle,0,-1,nan,0.0,0.0,0.455,-0.12802062692293506,0.05455639767845034,0.4571074280884013,nan,nan,nan,nan,nan,nan,nan,nan,nan,nan,nan,nan,nan,nan,450.0,3.0,2.0,5.0,0.7,searching,nan,0,0.0,0.0,,nan,nan,nan,nan,nan,nan,nan,,nan,nan,nan,0,nan,
1786371756.0593636,70.90484089400023,FLIGHT,mobile,0,0,0,0,1,0,0.0,0,0,0,0,0,0,0,0,0,closed_form,0.6301573514938354,0.549284815788269,1.0707615613937378,0.0549468994140625,0.03296661376953125,0.0549468994140625,0.0024423599243164062,-0.0024423599243164062,-0.0024423599243164062,0.005700207382095692,0.0664442566293269,0.03263718459572819,0.0,0.0,0.0,-0.4637389914672776,-0.19330870674810352,-3.5279238261476076,1.0,14.287233756982637,-6.0929763359783475,-23.98081579157872,0.0,0.0,0.0,0.0,0.0,0.0,0.0,0.0,0.0,1000.0,1000.0,1000.0,1000.0,1000.0,1000.0,-0.12801659292868234,0.05446087577629494,0.45714149211948385,-0.12801659292868234,0.05446087577629494,0.45714149211948385,0.005523594065843916,0.011358037228150174,0.005852252552993926,102.89547286146441,4.309631570342271,0.008866022452986025,5.578068860050463,-0.0010899040795088217,0.0004667285644023173,0.4549984552430312,0.0,0.0,0.455,4.69317979438746e-19,-9.594108673843597e-20,-3.9501756653483886,0.4778415834485495,0.022841583448549474,0.0054134351539302985,0.0,0.0,0.0,0.0,0.0,0.0,0.0,-4.405175665348389,0.0,0.0,0.0,-0.005289461952331112,-0.0105683489490893,-0.0058752557236153675,0.0,0.0,-0.1815454214811325,-0.0012709078146144748,0.00028692930936813354,0.9833816885948181,0.0018383690621703863,-0.0005881901597604156,-0.00043202994856983423,0.015916170552372932,-0.008184368722140789,-9.805910110473633,0.001025780220516026,0.002395395888015628,-2.776475667953491,0.18154542301887128,0.0012709078253794073,-0.00028692931179850233,-0.9833816969243268,0.0010257801874335062,0.0023953958721029457,0.00027096409619361325,0.0,0.0,0.0,0.001025778536081034,0.0023953929512148765,0.0,0.0,0.0,0.0,0.0018383690621703863,-0.0005881901597604156,-0.00043202994856983423,0.0,0.0,0.0,0.0,0.0,0.0,0.0,0.0,0.0,0.0,0.0,0.0,0.0,-0.0,0,0.0,0.0,0.0,1.6,0.0,0.0,0.0,0.0,-0.0,0.0,0.0,0.0,0.0,0.0,0.0,0.0,0.0,0.0,-0.0,0.0,0.0,0.0,0.0,0.0,0.0,nan,nan,nan,nan,nan,nan,nan,nan,nan,nan,nan,nan,0.0,0.0,0.0,0.0,1.0,0.0,nan,nan,0.9658365507345044,nan,0.01,nan,nan,nan,nan,nan,nan,nan,0.03,1,0.01,nan,nan,nan,nan,nan,9.805923339550338,nan,nan,nan,nan,nan,nan,nan,0.0,1.0,0.0,0,nan,nan,nan,nan,nan,nan,nan,nan,nan,nan,nan,nan,nan,0,nan,nan,nan,nan,nan,nan,0.12,0.0,0.0,0.11,nan,off,0.0,0.0,0.0,982.5387120934118,479.7372115385673,0.0,0.0,11.50008487701416,11.496037483215332,11.49194622039795,0.0,0.0,-0.01163552887737751,-0.017000000923871994,0.06300000101327896,-0.017000000923871994,0.0,0.0,0.0,7,idle,0,-1,nan,0.0,0.0,0.455,-0.12801659292868234,0.05446087577629494,0.45714149211948385,nan,nan,nan,nan,nan,nan,nan,nan,nan,nan,nan,nan,nan,nan,450.0,3.0,2.0,5.0,0.7,searching,nan,0,0.0,0.0,,nan,nan,nan,nan,nan,nan,nan,,nan,nan,nan,0,nan,
1786371756.0632005,70.90862492900008,FLIGHT,mobile,0,0,0,0,1,0,0.0,0,0,0,0,0,0,0,0,0,closed_form,0.6301573514938354,0.549284815788269,1.0711430311203003,0.03296661376953125,-0.07692337036132812,0.3186798095703125,-0.0024423599243164062,0.0024423599243164062,-0.0073261260986328125,0.013880129298326362,0.02343396853213039,0.1184499720881035,0.0,0.0,0.0,-0.4612353452069739,-0.18659855424002134,-3.541873722300176,1.0,14.340794561142292,-6.1103089799299255,-23.99684315453334,0.0,0.0,0.0,0.0,0.0,0.0,0.0,0.0,0.0,1000.0,1000.0,1000.0,1000.0,1000.0,1000.0,-0.12811697138702072,0.05452148478063089,0.457122395522652,-0.12811697138702072,0.05452148478063089,0.457122395522652,-0.026065473035218382,0.018023958287392096,-0.0022345419914781544,102.90915129158832,4.310772827558537,0.00886411028985076,5.580254534090538,-0.0010904252901100266,0.00046716154452238726,0.4549984535498753,0.0,0.0,0.455,6.212496392213412e-20,1.0877885692257617e-19,-3.9501756653483886,0.4778571283850803,0.022857128385080305,0.006907217756924875,0.0,0.0,0.0,0.0,0.0,0.0,0.0,-4.405175665348389,0.0,0.0,0.0,0.026041028484540773,-0.01714707777340626,0.0020409307725815598,0.0,0.0,-0.18156272172927856,-0.0012715625343844295,0.00028727087192237377,0.983378529548645,0.0018799545941874385,8.672451076563448e-05,9.138835594058037e-05,-0.00014913886843714863,-0.004942605271935463,-9.792597770690918,0.0010267319157719612,0.0023965416476130486,-2.776440382003784,0.1815627168547889,0.0012715625002462628,-0.00028727086420989354,-0.9833785031474739,0.0010267317981422488,0.002396541393195817,0.0003061383983117971,0.0,0.0,0.0,0.001026730143514593,0.0023965384675481614,0.0,0.0,0.0,0.0,0.0018799545941874385,8.672451076563448e-05,9.138835594058037e-05,0.0,0.0,0.0,0.0,0.0,0.0,0.0,0.0,0.0,0.0,0.0,0.0,0.0,-0.0,0,0.0,0.0,0.0,1.6,0.0,0.0,0.0,0.0,-0.0,0.0,0.0,0.0,0.0,0.0,0.0,0.0,0.0,0.0,-0.0,0.0,0.0,0.0,0.0,0.0,0.0,nan,nan,nan,nan,nan,nan,nan,nan,nan,nan,nan,nan,0.0,0.0,0.0,0.0,1.0,0.0,nan,nan,0.9658365507345044,nan,0.01,nan,nan,nan,nan,nan,nan,nan,0.03,1,0.01,nan,nan,nan,nan,nan,9.792569204990423,nan,nan,nan,nan,nan,nan,nan,0.0,1.0,0.0,0,nan,nan,nan,nan,nan,nan,nan,nan,nan,nan,nan,nan,nan,0,nan,nan,nan,nan,nan,nan,0.12,0.0,0.0,0.11,nan,off,0.0,0.0,0.0,982.5387120934118,479.7372115385673,0.0,0.0,11.50008487701416,11.496037483215332,11.49194622039795,0.0,0.0,-0.01163552887737751,-0.017000000923871994,0.06300000101327896,-0.017000000923871994,0.0,0.0,0.0,7,idle,0,-1,nan,0.0,0.0,0.455,-0.12811697138702072,0.05452148478063089,0.457122395522652,nan,nan,nan,nan,nan,nan,nan,nan,nan,nan,nan,nan,nan,nan,450.0,3.0,2.0,5.0,0.7,searching,nan,0,0.0,0.0,,nan,nan,nan,nan,nan,nan,nan,,nan,nan,nan,0,nan,
1786371756.0667572,70.91217525500018,FLIGHT,mobile,0,0,0,0,1,0,0.0,0,0,0,0,0,0,0,0,0,closed_form,0.629775881767273,0.549284815788269,1.0707615613937378,0.03296661376953125,0.07692337036132812,-0.03296661376953125,0.0024423599243164062,-0.0024423599243164062,0.0024423599243164062,0.019606074639687828,0.039480789080889714,0.07302499633081308,0.0,0.0,0.0,-0.4613050764695584,-0.18846628499579401,-3.533162435382815,1.0,14.301287340818138,-6.101666139342861,-23.958187178447684,0.0,0.0,0.0,0.0,0.0,0.0,0.0,0.0,0.0,1000.0,1000.0,1000.0,1000.0,1000.0,1000.0,-0.12802062692293506,0.05455639767845034,0.4571074280884013,-0.12802062692293506,0.05455639767845034,0.4571074280884013,-0.01065807333651604,0.011206328402512615,0.0022411090222639518,102.89935491077705,4.309234804699732,0.008866856672190927,5.577092093174,-0.0010906322548148366,0.000468172690062297,0.4549984520145283,0.0,0.0,0.455,2.572680912829477e-19,-1.0722228042183286e-19,-3.9501756653483886,0.47782097302125986,0.02282097302125985,0.00627904150258697,0.0,0.0,0.0,0.0,0.0,0.0,0.0,-4.405175665348389,0.0,0.0,0.0,0.010706177973702142,-0.010057285482400228,-0.002399394213465323,0.0,0.0,-0.18157054483890533,-0.0012719902442768216,0.0002883121487684548,0.9833770990371704,0.0023503636475652456,-4.653345240512863e-05,0.0005373331950977445,-0.01419523824006319,-0.00778602110221982,-9.786216735839844,0.0010289541678503156,0.002396996598690748,-2.7764246463775635,0.1815705373267028,0.0012719901916501781,-0.00028831213683998226,-0.9833770583514527,0.0010289541047096345,0.002396996261985412,0.0003220469324131183,0.0,0.0,0.0,0.0010289524451562965,0.0023969933321737976,0.0,0.0,0.0,0.0,0.0023503636475652456,-4.653345240512863e-05,0.0005373331950977445,0.0,0.0,0.0,0.0,0.0,0.0,0.0,0.0,0.0,0.0,0.0,0.0,0.0,-0.0,0,0.0,0.0,0.0,1.6,0.0,0.0,0.0,0.0,-0.0,0.0,0.0,0.0,0.0,0.0,0.0,0.0,0.0,0.0,-0.0,0.0,0.0,0.0,0.0,0.0,0.0,nan,nan,nan,nan,nan,nan,nan,nan,nan,nan,nan,nan,0.0,0.0,0.0,0.0,1.0,0.0,nan,nan,0.9658365507345044,nan,0.01,nan,nan,nan,nan,nan,nan,nan,0.03,1,0.01,nan,nan,nan,nan,nan,9.786157427040779,nan,nan,nan,nan,nan,nan,nan,0.0,1.0,0.0,0,nan,nan,nan,nan,nan,nan,nan,nan,nan,nan,nan,nan,nan,0,nan,nan,nan,nan,nan,nan,0.12,0.0,0.0,0.11,nan,off,0.0,0.0,0.0,982.5387120934118,479.7372115385673,0.0,0.0,11.50008487701416,11.496037483215332,11.49194622039795,0.0,0.0,-0.01163552887737751,-0.017000000923871994,0.06300000101327896,-0.017000000923871994,0.0,0.0,0.0,7,idle,0,-1,nan,0.0,0.0,0.455,-0.12802062692293506,0.05455639767845034,0.4571074280884013,nan,nan,nan,nan,nan,nan,nan,nan,nan,nan,nan,nan,nan,nan,450.0,3.0,2.0,5.0,0.7,searching,nan,0,0.0,0.0,,nan,nan,nan,nan,nan,nan,nan,,nan,nan,nan,0,nan,
1786371756.0714,70.91689752200021,FLIGHT,mobile,0,0,0,0,1,0,0.0,0,0,0,0,0,0,0,0,0,closed_form,0.629775881767273,0.549284815788269,1.0707615613937378,-0.14285659790039062,-0.07692337036132812,0.1868133544921875,-0.0024423599243164062,0.0024423599243164062,-0.0073261260986328125,-0.02913272712233572,0.004559541248224358,0.10716150377922541,0.0,0.0,0.0,-0.4548566717362116,-0.18348481766324198,-3.5398014810574328,1.0,14.312211839489546,-6.113341607907315,-23.92001093548461,0.0,0.0,0.0,0.0,0.0,0.0,0.0,0.0,0.0,1000.0,1000.0,1000.0,1000.0,1000.0,1000.0,-0.12802062692293506,0.05455639767845034,0.4571074280884013,-0.12802062692293506,0.05455639767845034,0.4571074280884013,-0.027538884004004616,0.024836051396809954,-0.007485689177337404,102.89935491077705,4.309234804699732,0.008866856672190927,5.577092093173999,-0.001089783687229296,0.0004688034751498322,0.454998453398269,0.0,0.0,0.455,2.0623767325525762e-19,-3.1721295656789964e-21,-3.9501756653483886,0.47782097302125986,0.02282097302125985,0.003052914473745105,0.0,0.0,0.0,0.0,0.0,0.0,0.0,-4.405175665348389,0.0,0.0,0.0,0.027945684940147954,-0.023902002183669856,0.007389528628251997,0.0,0.0,-0.1815861016511917,-0.001271203625947237,0.00028914297581650317,0.9833741784095764,0.0019102570367977023,-0.000777856563217938,0.00045827653957530856,-0.0008439776138402522,-0.019815262407064438,-9.82246208190918,0.0010303404415026307,0.002395131392404437,-2.776392936706543,0.18158610286437704,0.0012712036344402085,-0.0002891429777482811,-0.9833741849795459,0.0010303404456747036,0.002395131272927365,0.00035370471164335323,0.0,0.0,0.0,0.0010303387856972534,0.0023951283472534953,0.0,0.0,0.0,0.0,0.0019102570367977023,-0.000777856563217938,0.00045827653957530856,0.0,0.0,0.0,0.0,0.0,0.0,0.0,0.0,0.0,0.0,0.0,0.0,0.0,-0.0,0,0.0,0.0,0.0,1.6,0.0,0.0,0.0,0.0,-0.0,0.0,0.0,0.0,0.0,0.0,0.0,0.0,0.0,0.0,-0.0,0.0,0.0,0.0,0.0,0.0,0.0,nan,nan,nan,nan,nan,nan,nan,nan,nan,nan,nan,nan,0.0,0.0,0.0,0.0,1.0,0.0,nan,nan,0.9658365507345044,nan,0.01,nan,nan,nan,nan,nan,nan,nan,0.03,1,0.01,nan,nan,nan,nan,nan,9.822447089104745,nan,nan,nan,nan,nan,nan,nan,0.0,1.0,0.0,0,nan,nan,nan,nan,nan,nan,nan,nan,nan,nan,nan,nan,nan,0,nan,nan,nan,nan,nan,nan,0.12,0.0,0.0,0.11,nan,off,0.0,0.0,0.0,982.5387120934118,479.7372115385673,0.0,0.0,11.50008487701416,11.496015548706055,11.49194622039795,0.0,-0.01163552887737751,0.0,-0.00800000037997961,-0.007000000216066837,-0.010999999940395355,0.0,0.0,0.0,7,idle,0,-1,nan,0.0,0.0,0.455,-0.12802062692293506,0.05455639767845034,0.4571074280884013,nan,nan,nan,nan,nan,nan,nan,nan,nan,nan,nan,nan,nan,nan,450.0,3.0,2.0,5.0,0.7,searching,nan,0,0.0,0.0,,nan,nan,nan,nan,nan,nan,nan,,nan,nan,nan,0,nan,
1786371756.075308,70.92072303200005,FLIGHT,mobile,0,0,0,0,1,0,0.0,0,0,0,0,0,0,0,0,0,closed_form,0.629775881767273,0.549284815788269,1.0707615613937378,-0.2967033386230469,0.010990142822265625,-0.010990142822265625,0.0024423599243164062,-0.0024423599243164062,-0.0073261260986328125,-0.10940391057254908,0.006488721720436739,0.0717160097987781,0.0,0.0,0.0,-0.44768100972958985,-0.18392329378734323,-3.5380281116760877,1.0,14.288938303133278,-6.1237134032759375,-23.865995641886226,0.0,0.0,0.0,0.0,0.0,0.0,0.0,0.0,0.0,1000.0,1000.0,1000.0,1000.0,1000.0,1000.0,-0.12802062692293506,0.05455639767845034,0.4571074280884013,-0.12802062692293506,0.05455639767845034,0.4571074280884013,-0.018652411834659776,0.03952396300393766,-0.012679460593450542,102.89935491077705,4.309234804699732,0.008866856672190927,5.5770920931740005,-0.0010892937276219547,0.0004691365779584933,0.45499845422819424,0.0,0.0,0.455,-8.370233197094609e-20,2.4882300625499465e-19,-3.9501756653483886,0.47782097302125986,0.02282097302125985,-0.0026195943500278737,0.0,0.0,0.0,0.0,0.0,0.0,0.0,-4.405175665348389,0.0,0.0,0.0,0.018908064483864746,-0.03870016731105796,0.012554357230683535,0.0,0.0,-0.18160107731819153,-0.0012707450659945607,0.00028958136681467295,0.9833714365959167,0.0017534748185425997,-0.0004347634385339916,0.0002188725193263963,0.0026793074794113636,0.0016844377387315035,-9.803271293640137,0.0010310725774616003,0.002394054550677538,-2.776362419128418,0.18160107439021603,0.0012707450455061887,-0.00028958136214571854,-0.9833714207409036,0.0010310725395897204,0.002394054435538184,0.00038415420364689286,0.0,0.0,0.0,0.0010310708795028102,0.002394051512334194,0.0,0.0,0.0,0.0,0.0017534748185425997,-0.0004347634385339916,0.0002188725193263963,0.0,0.0,0.0,0.0,0.0,0.0,0.0,0.0,0.0,0.0,0.0,0.0,0.0,-0.0,0,0.0,0.0,0.0,1.6,0.0,0.0,0.0,0.0,-0.0,0.0,0.0,0.0,0.0,0.0,0.0,0.0,0.0,0.0,-0.0,0.0,0.0,0.0,0.0,0.0,0.0,nan,nan,nan,nan,nan,nan,nan,nan,nan,nan,nan,nan,0.0,0.0,0.0,0.0,1.0,0.0,nan,nan,0.9658365507345044,nan,0.01,nan,nan,nan,nan,nan,nan,nan,0.03,1,0.01,nan,nan,nan,nan,nan,9.803242666609599,nan,nan,nan,nan,nan,nan,nan,0.0,1.0,0.0,0,nan,nan,nan,nan,nan,nan,nan,nan,nan,nan,nan,nan,nan,0,nan,nan,nan,nan,nan,nan,0.12,0.0,0.0,0.11,nan,off,0.0,0.0,0.0,982.5387120934118,479.7372115385673,0.0,0.0,11.50008487701416,11.496015548706055,11.49194622039795,0.0,-0.01163552887737751,0.0,-0.00800000037997961,-0.007000000216066837,-0.010999999940395355,0.0,0.0,0.0,7,idle,0,-1,nan,0.0,0.0,0.455,-0.12802062692293506,0.05455639767845034,0.4571074280884013,nan,nan,nan,nan,nan,nan,nan,nan,nan,nan,nan,nan,nan,nan,450.0,3.0,2.0,5.0,0.7,searching,nan,0,0.0,0.0,,nan,nan,nan,nan,nan,nan,nan,,nan,nan,nan,0,nan,
1786371756.0785687,70.9239678990002,FLIGHT,mobile,0,0,0,0,1,0,0.0,0,0,0,0,0,0,0,0,0,closed_form,0.629775881767273,0.549284815788269,1.0707615613937378,-0.03296661376953125,-0.07692337036132812,-0.010990142822265625,0.0024423599243164062,-0.0024423599243164062,-0.0073261260986328125,-0.08647272153164373,-0.018534905904092725,0.04690416401246497,0.0,0.0,0.0,-0.4506537885872925,-0.18215969227552944,-3.534930566730821,1.0,14.284456800043984,-6.10866438296906,-23.856565662838594,0.0,0.0,0.0,0.0,0.0,0.0,0.0,0.0,0.0,1000.0,1000.0,1000.0,1000.0,1000.0,1000.0,-0.12802062692293506,0.05455639767845034,0.4571074280884013,-0.12802062692293506,0.05455639767845034,0.4571074280884013,-0.017173502475995847,0.026979365116961678,-0.012016174259498148,102.89935491077705,4.309234804699732,0.008866856672190927,5.577092093174001,-0.001089449068980821,0.00046975980964180893,0.45499845321324706,0.0,0.0,0.455,-1.5298143324970188e-20,1.0046904427149057e-19,-3.9501756653483886,0.47782097302125986,0.02282097302125985,-0.003813610302257566,0.0,0.0,0.0,0.0,0.0,0.0,0.0,-4.405175665348389,0.0,0.0,0.0,0.017253134208510528,-0.025997211009111017,0.011841653606096047,0.0,0.0,-0.18160869181156158,-0.0012710395967587829,0.0002902140258811414,0.9833700656890869,0.0020421294029802084,-3.8930742448428646e-05,0.0004223621799610555,0.022655323147773743,-0.0043150861747562885,-9.811539649963379,0.0010324424365535378,0.002394396113231778,-2.7763469219207764,0.18160868247681167,0.0012710395314269056,-0.0002902140109640396,-0.9833700151435235,0.0010324422850513878,0.002394395846096646,0.0003996297116456072,0.0,0.0,0.0,0.001032440621850778,0.002394392920131449,0.0,0.0,0.0,0.0,0.0020421294029802084,-3.8930742448428646e-05,0.0004223621799610555,0.0,0.0,0.0,0.0,0.0,0.0,0.0,0.0,0.0,0.0,0.0,0.0,0.0,-0.0,0,0.0,0.0,0.0,1.6,0.0,0.0,0.0,0.0,-0.0,0.0,0.0,0.0,0.0,0.0,0.0,0.0,0.0,0.0,-0.0,0.0,0.0,0.0,0.0,0.0,0.0,nan,nan,nan,nan,nan,nan,nan,nan,nan,nan,nan,nan,0.0,0.0,0.0,0.0,1.0,0.0,nan,nan,0.9658365507345044,nan,0.01,nan,nan,nan,nan,nan,nan,nan,0.03,1,0.01,nan,nan,nan,nan,nan,9.811564996150663,nan,nan,nan,nan,nan,nan,nan,0.0,1.0,0.0,0,nan,nan,nan,nan,nan,nan,nan,nan,nan,nan,nan,nan,nan,0,nan,nan,nan,nan,nan,nan,0.12,0.0,0.0,0.11,nan,off,0.0,0.0,0.0,982.5387120934118,479.7372115385673,0.0,0.0,11.50008487701416,11.496015548706055,11.49194622039795,0.0,-0.01163552887737751,0.0,-0.00800000037997961,-0.007000000216066837,-0.010999999940395355,0.0,0.0,0.0,7,idle,0,-1,nan,0.0,0.0,0.455,-0.12802062692293506,0.05455639767845034,0.4571074280884013,nan,nan,nan,nan,nan,nan,nan,nan,nan,nan,nan,nan,nan,nan,450.0,3.0,2.0,5.0,0.7,searching,nan,0,0.0,0.0,,nan,nan,nan,nan,nan,nan,nan,,nan,nan,nan,0,nan,
1786371756.0820472,70.92746667000027,FLIGHT,mobile,0,0,0,0,1,0,0.0,0,0,0,0,0,0,0,0,0,closed_form,0.6301573514938354,0.5489033460617065,1.0711430311203003,0.16483688354492188,-0.3186798095703125,0.1868133544921875,0.0024423599243164062,0.0024423599243164062,-0.0073261260986328125,-0.011079840008674041,-0.10857837700395867,0.08887692115638174,0.0,0.0,0.0,-0.4573912697196658,-0.17090758231188816,-3.5424410089594285,1.0,14.341713597529044,-6.077388864472709,-23.86705920575196,0.0,0.0,0.0,0.0,0.0,0.0,0.0,0.0,0.0,1000.0,1000.0,1000.0,1000.0,1000.0,1000.0,-0.12819762502749932,0.054477856042304665,0.45708232509591595,-0.12819762502749932,0.054477856042304665,0.45708232509591595,-0.046453437958471906,0.004479328118758148,-0.016852849692258906,102.9137004073283,4.310468050793311,0.008864974290432374,5.579439143178117,-0.001089252348948665,0.00046897761741421636,0.4549984544911276,0.0,0.0,0.455,-1.1309109168185863e-20,3.3319370196165194e-20,-3.9501756653483886,0.4778354526160088,0.022835452616008778,-0.0031473075104368467,0.0,0.0,0.0,0.0,0.0,0.0,0.0,-4.405175665348389,0.0,0.0,0.0,0.046758410787562314,-0.0038142529666324895,0.016731880242054225,0.0,0.0,-0.1816234141588211,-0.0012706752168014646,0.00028938899049535394,0.9833673238754272,0.0013998225331306458,-0.0005547608016058803,0.0001756526908138767,-0.014416870661079884,0.002401045523583889,-9.800982475280762,0.0010307232150807977,0.002393963746726513,-2.7763168811798096,0.18162340901904936,0.0012706751808425514,-0.0002893889823059178,-0.9833672960470572,0.0010307231743449032,0.0023939634931384782,0.00042957838477978026,0.0,0.0,0.0,0.001030721515056436,0.0023939605706503704,0.0,0.0,0.0,0.0,0.0013998225331306458,-0.0005547608016058803,0.0001756526908138767,0.0,0.0,0.0,0.0,0.0,0.0,0.0,0.0,0.0,0.0,0.0,0.0,0.0,-0.0,0,0.0,0.0,0.0,1.6,0.0,0.0,0.0,0.0,-0.0,0.0,0.0,0.0,0.0,0.0,0.0,0.0,0.0,0.0,-0.0,0.0,0.0,0.0,0.0,0.0,0.0,nan,nan,nan,nan,nan,nan,nan,nan,nan,nan,nan,nan,0.0,0.0,0.0,0.0,1.0,0.0,nan,nan,0.9658365507345044,nan,0.01,nan,nan,nan,nan,nan,nan,nan,0.03,1,0.01,nan,nan,nan,nan,nan,9.800912195825344,nan,nan,nan,nan,nan,nan,nan,0.0,1.0,0.0,0,nan,nan,nan,nan,nan,nan,nan,nan,nan,nan,nan,nan,nan,0,nan,nan,nan,nan,nan,nan,0.12,0.0,0.0,0.11,nan,off,0.0,0.0,0.0,982.5387120934118,479.7372115385673,0.0,0.0,11.50008487701416,11.495994567871094,11.49194622039795,0.0,-0.01163552887737751,0.0,0.014999999664723873,0.07999999821186066,-0.008999999612569809,0.0,0.0,0.0,7,idle,0,-1,nan,0.0,0.0,0.455,-0.12819762502749932,0.054477856042304665,0.45708232509591595,nan,nan,nan,nan,nan,nan,nan,nan,nan,nan,nan,nan,nan,nan,450.0,3.0,2.0,5.0,0.7,searching,nan,0,0.0,0.0,,nan,nan,nan,nan,nan,nan,nan,,nan,nan,nan,0,nan,
1786371756.0856614,70.93107459800011,FLIGHT,mobile,0,0,0,0,1,0,0.0,0,0,0,0,0,0,0,0,0,closed_form,0.629775881767273,0.549284815788269,1.0707615613937378,-0.40659332275390625,0.34066009521484375,-0.03296661376953125,-0.0024423599243164062,-0.0024423599243164062,-0.0073261260986328125,-0.12973388483224374,0.026193164661682075,0.052323860678607836,0.0,0.0,0.0,-0.44636209521784975,-0.1863131998031333,-3.5358108379903985,1.0,14.277162537201331,-6.127618872981962,-23.860784488448694,0.0,0.0,0.0,0.0,0.0,0.0,0.0,0.0,0.0,1000.0,1000.0,1000.0,1000.0,1000.0,1000.0,-0.12802062692293506,0.05455639767845034,0.4571074280884013,-0.12802062692293506,0.05455639767845034,0.4571074280884013,-0.00959806956577169,0.043787831169863366,-0.011456841358677581,102.89935491077705,4.309234804699732,0.008866856672190927,5.577092093173999,-0.0010889583018291612,0.0004691752284827372,0.454998454991247,0.0,0.0,0.455,-2.648487973059613e-19,-5.159748253315108e-20,-3.9501756653483886,0.47782097302125986,0.02282097302125985,-0.003389030965725191,0.0,0.0,0.0,0.0,0.0,0.0,0.0,-4.405175665348389,0.0,0.0,0.0,0.009877594738115716,-0.043001278485247936,0.011359492294079067,0.0,0.0,-0.18163082003593445,-0.001270399079658091,0.00028965165256522596,0.9833659529685974,0.0016573345055803657,-0.0004762559838127345,0.000283904344541952,-0.0029934223275631666,-0.0030994319822639227,-9.793343544006348,0.001031157560646534,0.002393317176029086,-2.776301860809326,0.18163081549001805,0.0012703990478621216,-0.00028965164531572835,-0.9833659283565882,0.0010311574842658275,0.0023933172338816,0.00044464196889270734,0.0,0.0,0.0,0.0010311558249218506,0.002393314312880711,0.0,0.0,0.0,0.0,0.0016573345055803657,-0.0004762559838127345,0.000283904344541952,0.0,0.0,0.0,0.0,0.0,0.0,0.0,0.0,0.0,0.0,0.0,0.0,0.0,-0.0,0,0.0,0.0,0.0,1.6,0.0,0.0,0.0,0.0,-0.0,0.0,0.0,0.0,0.0,0.0,0.0,0.0,0.0,0.0,-0.0,0.0,0.0,0.0,0.0,0.0,0.0,nan,nan,nan,nan,nan,nan,nan,nan,nan,nan,nan,nan,0.0,0.0,0.0,0.0,1.0,0.0,nan,nan,0.9658365507345044,nan,0.01,nan,nan,nan,nan,nan,nan,nan,0.03,1,0.01,nan,nan,nan,nan,nan,9.793306321287924,nan,nan,nan,nan,nan,nan,nan,0.0,1.0,0.0,0,nan,nan,nan,nan,nan,nan,nan,nan,nan,nan,nan,nan,nan,0,nan,nan,nan,nan,nan,nan,0.12,0.0,0.0,0.11,nan,off,0.0,0.0,0.0,982.5387120934118,479.7372115385673,0.0,0.0,11.50008487701416,11.495994567871094,11.49194622039795,0.0,-0.01163552887737751,0.0,0.014999999664723873,0.07999999821186066,-0.008999999612569809,0.0,0.0,0.0,7,idle,0,-1,nan,0.0,0.0,0.455,-0.12802062692293506,0.05455639767845034,0.4571074280884013,nan,nan,nan,nan,nan,nan,nan,nan,nan,nan,nan,nan,nan,nan,450.0,3.0,2.0,5.0,0.7,searching,nan,0,0.0,0.0,,nan,nan,nan,nan,nan,nan,nan,,nan,nan,nan,0,nan,
1786371756.0892446,70.93467590300018,FLIGHT,mobile,0,0,0,0,1,0,0.0,0,0,0,0,0,0,0,0,0,closed_form,0.6301573514938354,0.549284815788269,1.0707615613937378,0.23077011108398438,0.010990142822265625,-0.120880126953125,0.0024423599243164062,0.0024423599243164062,-0.0073261260986328125,-0.02158268605737529,0.02163225810985714,0.00036266438908797577,0.0,0.0,0.0,-0.4616025804996456,-0.1892128278421735,-3.5260509801023403,1.0,14.275974660613844,-6.083623845655248,-23.9293117290472,0.0,0.0,0.0,0.0,0.0,0.0,0.0,0.0,0.0,1000.0,1000.0,1000.0,1000.0,1000.0,1000.0,-0.12801659292868234,0.05446087577629494,0.45714149211948385,-0.12801659292868234,0.05446087577629494,0.45714149211948385,0.004250602603851163,0.007936736156566053,0.00032623704728851235,102.89547286146441,4.309631570342271,0.00886602245298604,5.578068860050466,-0.0010888801717123938,0.0004696845917346512,0.45499845465271194,0.0,0.0,0.455,-3.661494619660356e-19,9.51618340549412e-20,-3.9501756653483886,0.4778415834485495,0.022841583448549474,7.791374908520227e-05,0.0,0.0,0.0,0.0,0.0,0.0,0.0,-4.405175665348389,0.0,0.0,0.0,-0.004228412234409371,-0.006956329642076213,-0.0004346915780895454,0.0,0.0,-0.18164587020874023,-0.0012704207329079509,0.0002901982225012034,0.983363151550293,0.0020808903500437737,-1.5042872291815002e-05,0.00023981351114343852,0.003906072350218892,0.009881704114377499,-9.80427074432373,0.0010322770103812218,0.002393145579844713,-2.776271343231201,0.18164586946629346,0.001270420727715321,-0.00029019822131506727,-0.9833631475309623,0.0010322769673181357,0.002393145518847501,0.0004752605738565346,0.0,0.0,0.0,0.001032275305987367,0.002393142597001983,0.0,0.0,0.0,0.0,0.0020808903500437737,-1.5042872291815002e-05,0.00023981351114343852,0.0,0.0,0.0,0.0,0.0,0.0,0.0,0.0,0.0,0.0,0.0,0.0,0.0,-0.0,0,0.0,0.0,0.0,1.6,0.0,0.0,0.0,0.0,-0.0,0.0,0.0,0.0,0.0,0.0,0.0,0.0,0.0,0.0,-0.0,0.0,0.0,0.0,0.0,0.0,0.0,nan,nan,nan,nan,nan,nan,nan,nan,nan,nan,nan,nan,0.0,0.0,0.0,0.0,1.0,0.0,nan,nan,0.9658365507345044,nan,0.01,nan,nan,nan,nan,nan,nan,nan,0.03,1,0.01,nan,nan,nan,nan,nan,9.80423659258167,nan,nan,nan,nan,nan,nan,nan,0.0,1.0,0.0,0,nan,nan,nan,nan,nan,nan,nan,nan,nan,nan,nan,nan,nan,0,nan,nan,nan,nan,nan,nan,0.12,0.0,0.0,0.11,nan,off,0.0,0.0,0.0,982.5387120934118,479.7372115385673,0.0,0.0,11.50008487701416,11.496015548706055,11.49194622039795,0.0,0.0,0.0,0.006000000052154064,0.00800000037997961,-0.012000000104308128,0.0,0.0,0.0,7,idle,0,-1,nan,0.0,0.0,0.455,-0.12801659292868234,0.05446087577629494,0.45714149211948385,nan,nan,nan,nan,nan,nan,nan,nan,nan,nan,nan,nan,nan,nan,450.0,3.0,2.0,5.0,0.7,searching,nan,0,0.0,0.0,,nan,nan,nan,nan,nan,nan,nan,,nan,nan,nan,0,nan,
1786371756.092915,70.93833964300005,FLIGHT,mobile,0,0,0,0,1,0,0.0,0,0,0,0,0,0,0,0,0,closed_form,0.6301573514938354,0.549284815788269,1.0707615613937378,0.03296661376953125,0.16483688354492188,0.03296661376953125,0.0024423599243164062,-0.0024423599243164062,-0.0073261260986328125,-0.005217896109303325,0.06459364574037656,0.010143849203220959,0.0,0.0,0.0,-0.46335343111756866,-0.19358704008846384,-3.525577608331245,1.0,14.277484806277041,-6.090020892239153,-23.967050276240595,0.0,0.0,0.0,0.0,0.0,0.0,0.0,0.0,0.0,1000.0,1000.0,1000.0,1000.0,1000.0,1000.0,-0.12801659292868234,0.05446087577629494,0.45714149211948385,-0.12801659292868234,0.05446087577629494,0.45714149211948385,0.01093485761092597,0.010307061576907316,0.005808046117003389,102.89547286146441,4.309631570342271,0.00886602245298604,5.578068860050467,-0.001089159164700011,0.00046948226141141006,0.45499845419376994,0.0,0.0,0.455,-6.026145219119798e-19,2.8039627126614894e-19,-3.9501756653483886,0.4778415834485495,0.022841583448549474,0.0038016516682434325,0.0,0.0,0.0,0.0,0.0,0.0,0.0,-4.405175665348389,0.0,0.0,0.0,-0.010974740389784389,-0.009723010707678741,-0.005869862492938469,0.0,0.0,-0.18165265023708344,-0.0012706838315352798,0.00028991512954235077,0.9833618998527527,0.0013239872641861439,4.644845466827974e-05,-0.00017114133515860885,-0.00946681946516037,0.006664633750915527,-9.807721138000488,0.0010318323038518429,0.0023937588557600975,-2.7762575149536133,0.18165264931897887,0.0012706838251130192,-0.0002899151280770685,-0.983361894882668,0.0010318322852931486,0.0023937586920051717,0.0004890495728584833,0.0,0.0,0.0,0.0010318306240787343,0.0023937557687892814,0.0,0.0,0.0,0.0,0.0013239872641861439,4.644845466827974e-05,-0.00017114133515860885,0.0,0.0,0.0,0.0,0.0,0.0,0.0,0.0,0.0,0.0,0.0,0.0,0.0,-0.0,0,0.0,0.0,0.0,1.6,0.0,0.0,0.0,0.0,-0.0,0.0,0.0,0.0,0.0,0.0,0.0,0.0,0.0,0.0,-0.0,0.0,0.0,0.0,0.0,0.0,0.0,nan,nan,nan,nan,nan,nan,nan,nan,nan,nan,nan,nan,0.0,0.0,0.0,0.0,1.0,0.0,nan,nan,0.9658365507345044,nan,0.01,nan,nan,nan,nan,nan,nan,nan,0.03,1,0.01,nan,nan,nan,nan,nan,9.807658279457755,nan,nan,nan,nan,nan,nan,nan,0.0,1.0,0.0,0,nan,nan,nan,nan,nan,nan,nan,nan,nan,nan,nan,nan,nan,0,nan,nan,nan,nan,nan,nan,0.12,0.0,0.0,0.11,nan,off,0.0,0.0,0.0,982.5387120934118,479.7372115385673,0.0,0.0,11.50008487701416,11.496015548706055,11.49194622039795,0.0,0.0,0.0,0.006000000052154064,0.00800000037997961,-0.012000000104308128,0.0,0.0,0.0,7,idle,0,-1,nan,0.0,0.0,0.455,-0.12801659292868234,0.05446087577629494,0.45714149211948385,nan,nan,nan,nan,nan,nan,nan,nan,nan,nan,nan,nan,nan,nan,450.0,3.0,2.0,5.0,0.7,searching,nan,0,0.0,0.0,,nan,nan,nan,nan,nan,nan,nan,,nan,nan,nan,0,nan,
1786371756.0966976,70.94211859000005,FLIGHT,mobile,0,0,0,0,1,0,0.0,0,0,0,0,0,0,0,0,0,closed_form,0.6301573514938354,0.549284815788269,1.0707615613937378,-0.010990142822265625,0.14285659790039062,0.20878982543945312,0.0024423599243164062,-0.0024423599243164062,-0.0024423599243164062,-0.006949570123192015,0.08807253138838078,0.06973764207409061,0.0,0.0,0.0,-0.4614647798125884,-0.19446026765917176,-3.5322387376680187,1.0,14.298002766461849,-6.107575349734441,-23.99756920211137,0.0,0.0,0.0,0.0,0.0,0.0,0.0,0.0,0.0,1000.0,1000.0,1000.0,1000.0,1000.0,1000.0,-0.12801659292868234,0.05446087577629494,0.45714149211948385,-0.12801659292868234,0.05446087577629494,0.45714149211948385,0.00020197770139063984,0.022893602771380858,0.005138566316022755,102.89547286146441,4.309631570342271,0.00886602245298604,5.578068860050467,-0.0010898397620146849,0.0004697203407303867,0.4549984523183509,0.0,0.0,0.455,-4.3357356752681626e-19,1.025729349172474e-19,-3.9501756653483886,0.4778415834485495,0.022841583448549474,0.007471097443469716,0.0,0.0,0.0,0.0,0.0,0.0,0.0,-4.405175665348389,0.0,0.0,0.0,-0.00036512294902363014,-0.0220559161977961,-0.005304863046381986,0.0,0.0,-0.18166014552116394,-0.0012714690528810024,0.00029002685914747417,0.9833605289459229,0.0017065341817215085,0.00040206656558439136,0.0004083865787833929,-0.00955847930163145,-0.011254065670073032,-9.808512687683105,0.001032355590723455,0.00239525455981493,-2.776242256164551,0.1816601419689173,0.0012714690280182476,-0.00029002685347618657,-0.9833605097169439,0.0010323555420191305,0.002395254514567449,0.0005042902080776471,0.0,0.0,0.0,0.0010323538779276288,0.0023952515860183707,0.0,0.0,0.0,0.0,0.0017065341817215085,0.00040206656558439136,0.0004083865787833929,0.0,0.0,0.0,0.0,0.0,0.0,0.0,0.0,0.0,0.0,0.0,0.0,0.0,-0.0,0,0.0,0.0,0.0,1.6,0.0,0.0,0.0,0.0,-0.0,0.0,0.0,0.0,0.0,0.0,0.0,0.0,0.0,0.0,-0.0,0.0,0.0,0.0,0.0,0.0,0.0,nan,nan,nan,nan,nan,nan,nan,nan,nan,nan,nan,nan,0.0,0.0,0.0,0.0,1.0,0.0,nan,nan,0.9658365507345044,nan,0.01,nan,nan,nan,nan,nan,nan,nan,0.03,1,0.01,nan,nan,nan,nan,nan,9.808468047238406,nan,nan,nan,nan,nan,nan,nan,0.0,1.0,0.0,0,nan,nan,nan,nan,nan,nan,nan,nan,nan,nan,nan,nan,nan,0,nan,nan,nan,nan,nan,nan,0.12,0.0,0.0,0.11,nan,off,0.0,0.0,0.0,982.5387120934118,479.7372115385673,0.0,0.0,11.50008487701416,11.496015548706055,11.49194622039795,0.0,0.0,0.0,0.006000000052154064,0.00800000037997961,-0.012000000104308128,0.0,0.0,0.0,7,idle,0,-1,nan,0.0,0.0,0.455,-0.12801659292868234,0.05446087577629494,0.45714149211948385,nan,nan,nan,nan,nan,nan,nan,nan,nan,nan,nan,nan,nan,nan,450.0,3.0,2.0,5.0,0.7,searching,nan,0,0.0,0.0,,nan,nan,nan,nan,nan,nan,nan,,nan,nan,nan,0,nan,
1786371756.1003041,70.94571547800022,FLIGHT,mobile,0,0,0,0,1,0,0.0,0,0,0,0,0,0,0,0,0,closed_form,0.6301573514938354,0.549284815788269,1.0711430311203003,0.34066009521484375,0.27472686767578125,0.1868133544921875,-0.0024423599243164062,0.0024423599243164062,-0.0073261260986328125,0.09733332947821872,0.14406883227460093,0.10486035579951969,0.0,0.0,0.0,-0.47142498642515007,-0.20024615019064812,-3.5343289177447947,1.0,14.333645501970073,-6.110903137776178,-24.11176446076641,0.0,0.0,0.0,0.0,0.0,0.0,0.0,0.0,0.0,1000.0,1000.0,1000.0,1000.0,1000.0,1000.0,-0.12811697138702072,0.05452148478063089,0.457122395522652,-0.12811697138702072,0.05452148478063089,0.457122395522652,0.0039005854978561003,0.008766780679478411,0.01856696316535062,102.90915129158832,4.310772827558537,0.00886411028985076,5.580254534090536,-0.0010901278942493243,0.0004705048171229775,0.45499845081757284,0.0,0.0,0.455,-4.050164938009854e-19,2.1046364617645832e-19,-3.9501756653483886,0.4778571283850803,0.022857128385080305,0.01771580013278313,0.0,0.0,0.0,0.0,0.0,0.0,0.0,-4.405175665348389,0.0,0.0,0.0,-0.0035516216381571036,-0.008390248612121133,-0.01850101785291359,0.0,0.0,-0.1816672831773758,-0.0012719391379505396,0.00029080783133395016,0.9833592176437378,0.0009664021199569106,-0.000927687855437398,-0.0006441304576583207,0.013923210091888905,-0.0027437934186309576,-9.801301956176758,0.0010340797016397119,0.0023958878591656685,-2.7762277126312256,0.18166727817241343,0.0012719391029084152,-0.00029080782332214844,-0.9833591905520359,0.0010340796733937713,0.002395887774043059,0.0005188068258475778,0.0,0.0,0.0,0.0010340780051246849,0.002395884841374176,0.0,0.0,0.0,0.0,0.0009664021199569106,-0.000927687855437398,-0.0006441304576583207,0.0,0.0,0.0,0.0,0.0,0.0,0.0,0.0,0.0,0.0,0.0,0.0,0.0,-0.0,0,0.0,0.0,0.0,1.6,0.0,0.0,0.0,0.0,-0.0,0.0,0.0,0.0,0.0,0.0,0.0,0.0,0.0,0.0,-0.0,0.0,0.0,0.0,0.0,0.0,0.0,nan,nan,nan,nan,nan,nan,nan,nan,nan,nan,nan,nan,0.0,0.0,0.0,0.0,1.0,0.0,nan,nan,0.9658365507345044,nan,0.01,nan,nan,nan,nan,nan,nan,nan,0.03,1,0.01,nan,nan,nan,nan,nan,9.801304780447012,nan,nan,nan,nan,nan,nan,nan,0.0,1.0,0.0,0,nan,nan,nan,nan,nan,nan,nan,nan,nan,nan,nan,nan,nan,0,nan,nan,nan,nan,nan,nan,0.12,0.0,0.0,0.11,nan,off,0.0,0.0,0.0,982.5387120934118,479.7372115385673,0.0,0.0,11.50008487701416,11.496015548706055,11.49194622039795,0.0,0.0,0.0,-0.008999999612569809,-0.007000000216066837,0.004999999888241291,0.0,0.0,0.0,7,idle,0,-1,nan,0.0,0.0,0.455,-0.12811697138702072,0.05452148478063089,0.457122395522652,nan,nan,nan,nan,nan,nan,nan,nan,nan,nan,nan,nan,nan,nan,450.0,3.0,2.0,5.0,0.7,searching,nan,0,0.0,0.0,,nan,nan,nan,nan,nan,nan,nan,,nan,nan,nan,0,nan,
1786371756.103693,70.94909411300021,FLIGHT,mobile,0,0,0,0,1,0,0.0,0,0,0,0,0,0,0,0,0,closed_form,0.629775881767273,0.549284815788269,1.0707615613937378,-0.23077011108398438,0.16483688354492188,-0.27472686767578125,0.0024423599243164062,-0.0024423599243164062,-0.0073261260986328125,-0.0010977026904422232,0.15029924765569722,-0.009015811243070604,0.0,0.0,0.0,-0.4627631911469515,-0.20200219687125726,-3.5209415661041814,1.0,14.25643585794036,-6.108750682992193,-23.9890674806098,0.0,0.0,0.0,0.0,0.0,0.0,0.0,0.0,0.0,1000.0,1000.0,1000.0,1000.0,1000.0,1000.0,-0.12802062692293506,0.05455639767845034,0.4571074280884013,-0.12802062692293506,0.05455639767845034,0.4571074280884013,0.03414291784773755,0.01603595606106396,0.016128401753348034,102.89935491077705,4.309234804699732,0.008866856672190927,5.577092093173999,-0.001089643046898007,0.000469680103951735,0.45499845283102924,0.0,0.0,0.455,-1.0374701612450892e-19,-4.361861433267086e-20,-3.9501756653483886,0.47782097302125986,0.02282097302125985,0.008112407599682413,0.0,0.0,0.0,0.0,0.0,0.0,0.0,-4.405175665348389,0.0,0.0,0.0,-0.034182691189248084,-0.015418640574061759,-0.016139024524053226,0.0,0.0,-0.18168072402477264,-0.0012712544994428754,0.0002899960381910205,0.9833567142486572,0.0012890883954241872,4.862101559410803e-05,0.00023432679881807417,0.003396272426471114,-0.004740060772746801,-9.808780670166016,0.0010322671150788665,0.0023948221933096647,-2.776200532913208,0.18168072283242157,0.0012712544910997686,-0.0002899960362878076,-0.9833567077949927,0.0010322671081688872,0.0023948221724116718,0.0005461480824164613,0.0,0.0,0.0,0.0010322654447857908,0.002394819245327101,0.0,0.0,0.0,0.0,0.0012890883954241872,4.862101559410803e-05,0.00023432679881807417,0.0,0.0,0.0,0.0,0.0,0.0,0.0,0.0,0.0,0.0,0.0,0.0,0.0,-0.0,0,0.0,0.0,0.0,1.6,0.0,0.0,0.0,0.0,-0.0,0.0,0.0,0.0,0.0,0.0,0.0,0.0,0.0,0.0,-0.0,0.0,0.0,0.0,0.0,0.0,0.0,nan,nan,nan,nan,nan,nan,nan,nan,nan,nan,nan,nan,0.0,0.0,0.0,0.0,1.0,0.0,nan,nan,0.9658365507345044,nan,0.01,nan,nan,nan,nan,nan,nan,nan,0.03,1,0.01,nan,nan,nan,nan,nan,9.808760343123767,nan,nan,nan,nan,nan,nan,nan,0.0,1.0,0.0,0,nan,nan,nan,nan,nan,nan,nan,nan,nan,nan,nan,nan,nan,0,nan,nan,nan,nan,nan,nan,0.12,0.0,0.0,0.11,nan,off,0.0,0.0,0.0,982.5387120934118,479.7372115385673,0.0,0.0,11.50008487701416,11.496015548706055,11.49194622039795,0.0,0.0,0.0,-0.008999999612569809,-0.007000000216066837,0.004999999888241291,0.0,0.0,0.0,7,idle,0,-1,nan,0.0,0.0,0.455,-0.12802062692293506,0.05455639767845034,0.4571074280884013,nan,nan,nan,nan,nan,nan,nan,nan,nan,nan,nan,nan,nan,nan,450.0,3.0,2.0,5.0,0.7,searching,nan,0,0.0,0.0,,nan,nan,nan,nan,nan,nan,nan,,nan,nan,nan,0,nan,
1786371756.1070378,70.95250910300022,FLIGHT,mobile,0,0,0,0,1,0,0.0,0,0,0,0,0,0,0,0,0,closed_form,0.6301573514938354,0.549284815788269,1.0707615613937378,0.120880126953125,-0.0549468994140625,-0.120880126953125,0.0024423599243164062,-0.0024423599243164062,-0.0073261260986328125,0.03549564620262795,0.08872540353476929,-0.04257510595608693,0.0,0.0,0.0,-0.46949762643303067,-0.19785712230059704,-3.517204543172783,1.0,14.259466320510908,-6.074021954684294,-23.988864454416667,0.0,0.0,0.0,0.0,0.0,0.0,0.0,0.0,0.0,1000.0,1000.0,1000.0,1000.0,1000.0,1000.0,-0.12801659292868234,0.05446087577629494,0.45714149211948385,-0.12801659292868234,0.05446087577629494,0.45714149211948385,0.030339068208302334,-0.005502620228748264,0.01461164102286303,102.89547286146441,4.309631570342271,0.008866022452986034,5.578068860050466,-0.001090337570396211,0.00047037187978048737,0.4549984504526112,0.0,0.0,0.455,1.399052113865552e-19,1.845663000606324e-19,-3.9501756653483886,0.4778415834485495,0.022841583448549474,0.005223500433161578,0.0,0.0,0.0,0.0,0.0,0.0,0.0,-4.405175665348389,0.0,0.0,0.0,-0.03030521339829173,0.0061846235976799075,-0.014593864595274088,0.0,0.0,-0.18168848752975464,-0.001272145425900817,0.00029059487860649824,0.9833552837371826,0.0013236288214102387,-8.504769357386976e-05,0.0006153978174552321,0.012368228286504745,-0.015507287345826626,-9.800938606262207,0.0010337874991819263,0.0023963486310094595,-2.776184558868408,0.1816884854081734,0.0012721454110459413,-0.0002905948752132142,-0.9833552722545171,0.001033787503557047,0.0023963486020624077,0.0005619391007564164,0.0,0.0,0.0,0.001033785835292659,0.002396345668309387,0.0,0.0,0.0,0.0,0.0013236288214102387,-8.504769357386976e-05,0.0006153978174552321,0.0,0.0,0.0,0.0,0.0,0.0,0.0,0.0,0.0,0.0,0.0,0.0,0.0,-0.0,0,0.0,0.0,0.0,1.6,0.0,0.0,0.0,0.0,-0.0,0.0,0.0,0.0,0.0,0.0,0.0,0.0,0.0,0.0,-0.0,0.0,0.0,0.0,0.0,0.0,0.0,nan,nan,nan,nan,nan,nan,nan,nan,nan,nan,nan,nan,0.0,0.0,0.0,0.0,1.0,0.0,nan,nan,0.9658365507345044,nan,0.01,nan,nan,nan,nan,nan,nan,nan,0.03,1,0.01,nan,nan,nan,nan,nan,9.800950897948042,nan,nan,nan,nan,nan,nan,nan,0.0,1.0,0.0,0,nan,nan,nan,nan,nan,nan,nan,nan,nan,nan,nan,nan,nan,0,nan,nan,nan,nan,nan,nan,0.12,0.0,0.0,0.11,nan,off,0.0,0.0,0.0,982.5387120934118,479.7372115385673,0.0,0.0,11.50008487701416,11.496015548706055,11.49194622039795,0.0,0.0,0.0,-0.008999999612569809,-0.007000000216066837,0.004999999888241291,0.0,0.0,0.0,7,idle,0,-1,nan,0.0,0.0,0.455,-0.12801659292868234,0.05446087577629494,0.45714149211948385,nan,nan,nan,nan,nan,nan,nan,nan,nan,nan,nan,nan,nan,nan,450.0,3.0,2.0,5.0,0.7,searching,nan,0,0.0,0.0,,nan,nan,nan,nan,nan,nan,nan,,nan,nan,nan,0,nan,
1786371756.1106403,70.9560412510002,FLIGHT,mobile,0,0,0,0,1,0,0.0,0,0,0,0,0,0,0,0,0,closed_form,0.629775881767273,0.5489033460617065,1.0707615613937378,0.07692337036132812,-0.120880126953125,-0.23077011108398438,0.0024423599243164062,-0.0024423599243164062,-0.0073261260986328125,0.047923963450238,0.025843744388400994,-0.09903360749445617,0.0,0.0,0.0,-0.4685930780913092,-0.18936637228592823,-3.5115675867773484,1.0,14.241823368798663,-6.047902629385028,-23.88751236804651,0.0,0.0,0.0,0.0,0.0,0.0,0.0,0.0,0.0,1000.0,1000.0,1000.0,1000.0,1000.0,1000.0,-0.1281012890416749,0.05451276094682939,0.45706737752817056,-0.1281012890416749,0.05451276094682939,0.45706737752817056,0.032024477962442684,-0.024774017335314185,0.011952076314698927,102.90391002404826,4.308930091119596,0.008867718874752226,5.576277589928593,-0.0010908777256137634,0.0004702490280840994,0.45499844928487326,0.0,0.0,0.455,6.645852560451411e-22,7.349219617718618e-20,-3.9501756653483886,0.47779929778167746,0.02279929778167744,2.098618531744587e-05,0.0,0.0,0.0,0.0,0.0,0.0,0.0,-4.405175665348389,0.0,0.0,0.0,-0.0321240605240277,0.025550483043234082,-0.011957702185144935,0.0,0.0,-0.18170371651649475,-0.001272709108889103,0.0002903345739468932,0.9833524823188782,0.001581414369866252,0.00017787904653232545,0.0004702782316599041,0.023032095283269882,0.00682449946179986,-9.794788360595703,0.0010335175320506096,0.0023975358344614506,-2.776153564453125,0.18170371205010424,0.0012727090776051206,-0.0002903345668102886,-0.9833524581474619,0.0010335175018501626,0.0023975357597970045,0.0005929084224174867,0.0,0.0,0.0,0.0010335158326471743,0.002397532822651056,0.0,0.0,0.0,0.0,0.001581414369866252,0.00017787904653232545,0.0004702782316599041,0.0,0.0,0.0,0.0,0.0,0.0,0.0,0.0,0.0,0.0,0.0,0.0,0.0,-0.0,0,0.0,0.0,0.0,1.6,0.0,0.0,0.0,0.0,-0.0,0.0,0.0,0.0,0.0,0.0,0.0,0.0,0.0,0.0,-0.0,0.0,0.0,0.0,0.0,0.0,0.0,nan,nan,nan,nan,nan,nan,nan,nan,nan,nan,nan,nan,0.0,0.0,0.0,0.0,1.0,0.0,nan,nan,0.9658365507345044,nan,0.01,nan,nan,nan,nan,nan,nan,nan,0.03,1,0.01,nan,nan,nan,nan,nan,9.79480314534077,nan,nan,nan,nan,nan,nan,nan,0.0,1.0,0.0,0,nan,nan,nan,nan,nan,nan,nan,nan,nan,nan,nan,nan,nan,0,nan,nan,nan,nan,nan,nan,0.12,0.0,0.0,0.11,nan,off,0.0,0.0,0.0,982.5387120934118,479.7372115385673,0.0,0.0,11.50008487701416,11.495994567871094,11.491925239562988,0.0,-0.01163552887737751,0.0,-0.006000000052154064,0.019999999552965164,-0.004999999888241291,0.0,0.0,0.0,7,idle,0,-1,nan,0.0,0.0,0.455,-0.1281012890416749,0.05451276094682939,0.45706737752817056,nan,nan,nan,nan,nan,nan,nan,nan,nan,nan,nan,nan,nan,nan,450.0,3.0,2.0,5.0,0.7,searching,nan,0,0.0,0.0,,nan,nan,nan,nan,nan,nan,nan,,nan,nan,nan,0,nan,
1786371756.1142583,70.95966386900021,FLIGHT,mobile,0,0,0,0,1,0,0.0,0,0,0,0,0,0,0,0,0,closed_form,0.6301573514938354,0.549284815788269,1.0707615613937378,0.09889984130859375,0.1868133544921875,-0.20878982543945312,-0.0024423599243164062,-0.0024423599243164062,-0.0073261260986328125,0.06321672680774473,0.07413462741953696,-0.13196047287795526,0.0,0.0,0.0,-0.4751389802169959,-0.19895441856442722,-3.505801422242582,1.0,14.229449527973001,-6.045869819562623,-23.96953045967203,0.0,0.0,0.0,0.0,0.0,0.0,0.0,0.0,0.0,1000.0,1000.0,1000.0,1000.0,1000.0,1000.0,-0.12801659292868234,0.05446087577629494,0.45714149211948385,-0.12801659292868234,0.05446087577629494,0.45714149211948385,0.0510646727093103,-0.028313220286795497,0.020023719576825496,102.89547286146441,4.309631570342271,0.008866022452986025,5.578068860050465,-0.0010926233015117344,0.0004711696649641277,0.45499844414400786,0.0,0.0,0.455,1.654056303420375e-19,-1.030359595366726e-19,-3.9501756653483886,0.4778415834485495,0.022841583448549474,0.00224883076363239,0.0,0.0,0.0,0.0,0.0,0.0,0.0,-4.405175665348389,0.0,0.0,0.0,-0.05144640511224139,0.028992723048678823,-0.02004084063889347,0.0,0.0,-0.18171662092208862,-0.0012747830478474498,0.0002909641480073333,0.9833500981330872,0.001623515272513032,0.0006420202553272247,-0.00040402583545073867,0.008130804635584354,-0.0062135993503034115,-9.79504108428955,0.0010355409467592835,0.0024013721849769354,-2.776127338409424,0.1817166158749416,0.001274783012440576,-0.0002909641399258555,-0.983350070820712,0.0010355408960391664,0.0024013722013859176,0.0006191584672092769,0.0,0.0,0.0,0.0010355392180794434,0.0024013692496582225,0.0,0.0,0.0,0.0,0.001623515272513032,0.0006420202553272247,-0.00040402583545073867,0.0,0.0,0.0,0.0,0.0,0.0,0.0,0.0,0.0,0.0,0.0,0.0,0.0,-0.0,0,0.0,0.0,0.0,1.6,0.0,0.0,0.0,0.0,-0.0,0.0,0.0,0.0,0.0,0.0,0.0,0.0,0.0,0.0,-0.0,0.0,0.0,0.0,0.0,0.0,0.0,nan,nan,nan,nan,nan,nan,nan,nan,nan,nan,nan,nan,0.0,0.0,0.0,0.0,1.0,0.0,nan,nan,0.9658365507345044,nan,0.01,nan,nan,nan,nan,nan,nan,nan,0.03,1,0.01,nan,nan,nan,nan,nan,9.795033549987934,nan,nan,nan,nan,nan,nan,nan,0.0,1.0,0.0,0,nan,nan,nan,nan,nan,nan,nan,nan,nan,nan,nan,nan,nan,0,nan,nan,nan,nan,nan,nan,0.12,0.0,0.0,0.11,nan,off,0.0,0.0,0.0,982.5387120934118,479.7372115385673,0.0,0.0,11.50008487701416,11.495994567871094,11.491925239562988,0.0,-0.01163552887737751,0.0,-0.006000000052154064,0.019999999552965164,-0.004999999888241291,0.0,0.0,0.0,7,idle,0,-1,nan,0.0,0.0,0.455,-0.12801659292868234,0.05446087577629494,0.45714149211948385,nan,nan,nan,nan,nan,nan,nan,nan,nan,nan,nan,nan,nan,nan,450.0,3.0,2.0,5.0,0.7,searching,nan,0,0.0,0.0,,nan,nan,nan,nan,nan,nan,nan,,nan,nan,nan,0,nan,
1786371756.1177707,70.96318049600016,FLIGHT,mobile,0,0,0,0,1,0,0.0,0,0,0,0,0,0,0,0,0,closed_form,0.629775881767273,0.5489033460617065,1.0707615613937378,-0.120880126953125,-0.09889984130859375,-0.03296661376953125,0.0024423599243164062,0.0024423599243164062,-0.0024423599243164062,0.007987670679483805,0.02222428680109774,-0.10226231514542805,0.0,0.0,0.0,-0.46453945882713144,-0.1887620677584018,-3.5125012633612203,1.0,14.236085299720727,-6.0552917992707425,-23.862157141938052,0.0,0.0,0.0,0.0,0.0,0.0,0.0,0.0,0.0,1000.0,1000.0,1000.0,1000.0,1000.0,1000.0,-0.1281012890416749,0.05451276094682939,0.45706737752817056,-0.1281012890416749,0.05451276094682939,0.45706737752817056,0.03168700507659046,-0.015702294412088282,0.008167327873596333,102.90391002404826,4.308930091119596,0.008867718874752226,5.57627758992859,-0.0010937063933207343,0.0004712852962976077,0.4549984414220501,0.0,0.0,0.455,2.2096862099058876e-19,1.7687014904771455e-20,-3.9501756653483886,0.47779929778167746,0.02279929778167744,-0.0024740565561211327,0.0,0.0,0.0,0.0,0.0,0.0,0.0,-4.405175665348389,0.0,0.0,0.0,-0.03209367846640817,0.01638929980971889,-0.008262043601887656,0.0,0.0,-0.1817229837179184,-0.0012759784003719687,0.00029086455469951034,0.9833489060401917,0.0016294600209221244,0.0007804625201970339,-0.0003601111238822341,-0.007941238582134247,0.008464045822620392,-9.800460815429688,0.0010357950814068317,0.0024037526454776525,-2.7761144638061523,0.1817229813060136,0.0012759783834366404,-0.00029086455083903216,-0.9833488929887664,0.0010357950376309224,0.0024037526298144375,0.0006321069847902945,0.0,0.0,0.0,0.0010357933562066015,0.002403749670261965,0.0,0.0,0.0,0.0,0.0016294600209221244,0.0007804625201970339,-0.0003601111238822341,0.0,0.0,0.0,0.0,0.0,0.0,0.0,0.0,0.0,0.0,0.0,0.0,0.0,-0.0,0,0.0,0.0,0.0,1.6,0.0,0.0,0.0,0.0,-0.0,0.0,0.0,0.0,0.0,0.0,0.0,0.0,0.0,0.0,-0.0,0.0,0.0,0.0,0.0,0.0,0.0,nan,nan,nan,nan,nan,nan,nan,nan,nan,nan,nan,nan,0.0,0.0,0.0,0.0,1.0,0.0,nan,nan,0.9658365507345044,nan,0.01,nan,nan,nan,nan,nan,nan,nan,0.03,1,0.01,nan,nan,nan,nan,nan,9.800399388735451,nan,nan,nan,nan,nan,nan,nan,0.0,1.0,0.0,0,nan,nan,nan,nan,nan,nan,nan,nan,nan,nan,nan,nan,nan,0,nan,nan,nan,nan,nan,nan,0.12,0.0,0.0,0.11,nan,off,0.0,0.0,0.0,982.5387120934118,479.7372115385673,0.0,0.0,11.50008487701416,11.495994567871094,11.491925239562988,0.0,-0.01163552887737751,0.0,-0.006000000052154064,0.019999999552965164,-0.004999999888241291,0.0,0.0,0.0,7,idle,0,-1,nan,0.0,0.0,0.455,-0.1281012890416749,0.05451276094682939,0.45706737752817056,nan,nan,nan,nan,nan,nan,nan,nan,nan,nan,nan,nan,nan,nan,450.0,3.0,2.0,5.0,0.7,searching,nan,0,0.0,0.0,,nan,nan,nan,nan,nan,nan,nan,,nan,nan,nan,0,nan,
1786371756.1225388,70.96796574400013,FLIGHT,mobile,0,0,0,0,1,0,0.0,0,0,0,0,0,0,0,0,0,closed_form,0.629775881767273,0.5489033460617065,1.0707615613937378,-0.010990142822265625,-0.16483688354492188,0.0549468994140625,0.0024423599243164062,0.0024423599243164062,-0.0073261260986328125,0.0022943266289589745,-0.03389406430270815,-0.05509955077758087,0.0,0.0,0.0,-0.4619558117512674,-0.18161170210229616,-3.5198842617152626,1.0,14.259079612083745,-6.056425739082423,-23.83912326145344,0.0,0.0,0.0,0.0,0.0,0.0,0.0,0.0,0.0,1000.0,1000.0,1000.0,1000.0,1000.0,1000.0,-0.1281012890416749,0.05451276094682939,0.45706737752817056,-0.1281012890416749,0.05451276094682939,0.45706737752817056,0.0073548015372726545,-0.013203988403699601,-0.0005955775623536838,102.90391002404826,4.308930091119596,0.008867718874752226,5.576277589928595,-0.0010939896579565819,0.00047156287370529526,0.454998440453464,0.0,0.0,0.455,-1.169472917762349e-19,1.4095859895325496e-19,-3.9501756653483886,0.47779929778167746,0.02279929778167744,-0.004048068937073462,0.0,0.0,0.0,0.0,0.0,0.0,0.0,-4.405175665348389,0.0,0.0,0.0,-0.007200115167764271,0.013957824047116244,0.0005823426867009065,0.0,0.0,-0.1817360371351242,-0.0012763438280671835,0.0002910910116042942,0.9833465218544006,0.0016396548599004745,-0.00034648150904104114,7.587998697999865e-05,0.007642794866114855,-0.0008141680737026036,-9.803241729736328,0.0010364052141085267,0.002404375234618783,-2.776087999343872,0.18173602959087368,0.001276343775083429,-0.0002910909995204854,-0.9833464810335891,0.0010364051015086945,0.0024043751912527157,0.0006586467344102247,0.0,0.0,0.0,0.001036403418100099,0.0024043722289743222,0.0,0.0,0.0,0.0,0.0016396548599004745,-0.00034648150904104114,7.587998697999865e-05,0.0,0.0,0.0,0.0,0.0,0.0,0.0,0.0,0.0,0.0,0.0,0.0,0.0,-0.0,0,0.0,0.0,0.0,1.6,0.0,0.0,0.0,0.0,-0.0,0.0,0.0,0.0,0.0,0.0,0.0,0.0,0.0,0.0,-0.0,0.0,0.0,0.0,0.0,0.0,0.0,nan,nan,nan,nan,nan,nan,nan,nan,nan,nan,nan,nan,0.0,0.0,0.0,0.0,1.0,0.0,nan,nan,0.9658365507345044,nan,0.01,nan,nan,nan,nan,nan,nan,nan,0.03,1,0.01,nan,nan,nan,nan,nan,9.803227348325992,nan,nan,nan,nan,nan,nan,nan,0.0,1.0,0.0,0,nan,nan,nan,nan,nan,nan,nan,nan,nan,nan,nan,nan,nan,0,nan,nan,nan,nan,nan,nan,0.12,0.0,0.0,0.11,nan,off,0.0,0.0,0.0,982.5387120934118,479.7372115385673,0.0,0.0,11.50008487701416,11.495994567871094,11.49194622039795,0.0,0.0,0.0,0.012000000104308128,0.03099999949336052,-0.01600000075995922,0.0,0.0,0.0,7,idle,0,-1,nan,0.0,0.0,0.455,-0.1281012890416749,0.05451276094682939,0.45706737752817056,nan,nan,nan,nan,nan,nan,nan,nan,nan,nan,nan,nan,nan,nan,450.0,3.0,2.0,5.0,0.7,searching,nan,0,0.0,0.0,,nan,nan,nan,nan,nan,nan,nan,,nan,nan,nan,0,nan,
1786371756.1265676,70.97198908900008,FLIGHT,mobile,0,0,0,0,1,0,0.0,0,0,0,0,0,0,0,0,0,closed_form,0.629775881767273,0.549284815788269,1.0707615613937378,-0.16483688354492188,-0.07692337036132812,-0.5604400634765625,0.0024423599243164062,-0.0024423599243164062,-0.0073261260986328125,-0.047845036423205284,-0.046802856120294146,-0.20670170458727538,0.0,0.0,0.0,-0.46260905015225734,-0.18627900644215198,-3.5035444786635805,1.0,14.193423426715029,-6.040015242150772,-23.787227556354466,0.0,0.0,0.0,0.0,0.0,0.0,0.0,0.0,0.0,1000.0,1000.0,1000.0,1000.0,1000.0,1000.0,-0.12802062692293506,0.05455639767845034,0.4571074280884013,-0.12802062692293506,0.05455639767845034,0.4571074280884013,0.04398345518042458,-0.02620598409745813,0.001156914744967163,102.89935491077705,4.309234804699732,0.008866856672190927,5.577092093173999,-0.0010941641680139167,0.0004720950017536209,0.4549984394820303,0.0,0.0,0.455,-4.861787673726135e-19,-2.6814330254769765e-20,-3.9501756653483886,0.47782097302125986,0.02282097302125985,-0.013669678899864318,0.0,0.0,0.0,0.0,0.0,0.0,0.0,-4.405175665348389,0.0,0.0,0.0,-0.043992238292784154,0.027118020311975608,-0.001131783472554979,0.0,0.0,-0.18174295127391815,-0.0012766406871378422,0.00029162218561396003,0.9833452105522156,0.0020065903663635254,-5.41447752766544e-06,0.00018042924057226628,0.007920140400528908,-0.006297602318227291,-9.800113677978516,0.0010375746060162783,0.0024047589395195246,-2.776073932647705,0.18174294961018156,0.0012766406754510405,-0.0002916221829443517,-0.9833452015503402,0.0010375746186690321,0.002404758730949067,0.0006727229731760327,0.0,0.0,0.0,0.0010375729324629194,0.002404755766000661,0.0,0.0,0.0,0.0,0.0020065903663635254,-5.41447752766544e-06,0.00018042924057226628,0.0,0.0,0.0,0.0,0.0,0.0,0.0,0.0,0.0,0.0,0.0,0.0,0.0,-0.0,0,0.0,0.0,0.0,1.6,0.0,0.0,0.0,0.0,-0.0,0.0,0.0,0.0,0.0,0.0,0.0,0.0,0.0,0.0,-0.0,0.0,0.0,0.0,0.0,0.0,0.0,nan,nan,nan,nan,nan,nan,nan,nan,nan,nan,nan,nan,0.0,0.0,0.0,0.0,1.0,0.0,nan,nan,0.9658365507345044,nan,0.01,nan,nan,nan,nan,nan,nan,nan,0.03,1,0.01,nan,nan,nan,nan,nan,9.800105646653043,nan,nan,nan,nan,nan,nan,nan,0.0,1.0,0.0,0,nan,nan,nan,nan,nan,nan,nan,nan,nan,nan,nan,nan,nan,0,nan,nan,nan,nan,nan,nan,0.12,0.0,0.0,0.11,nan,off,0.0,0.0,0.0,982.5387120934118,479.7372115385673,0.0,0.0,11.50008487701416,11.495994567871094,11.49194622039795,0.0,0.0,0.0,0.012000000104308128,0.03099999949336052,-0.01600000075995922,0.0,0.0,0.0,7,idle,0,-1,nan,0.0,0.0,0.455,-0.12802062692293506,0.05455639767845034,0.4571074280884013,nan,nan,nan,nan,nan,nan,nan,nan,nan,nan,nan,nan,nan,nan,450.0,3.0,2.0,5.0,0.7,searching,nan,0,0.0,0.0,,nan,nan,nan,nan,nan,nan,nan,,nan,nan,nan,0,nan,
1786371756.1303864,70.97581181500026,FLIGHT,mobile,0,0,0,0,1,0,0.0,0,0,0,0,0,0,0,0,0,closed_form,0.629775881767273,0.549284815788269,1.0707615613937378,-0.3186798095703125,0.23077011108398438,-0.0549468994140625,0.0024423599243164062,-0.0024423599243164062,-0.0024423599243164062,-0.12909546836733746,0.036469034040989425,-0.1611752630353115,0.0,0.0,0.0,-0.45344436633287993,-0.19308657225442435,-3.5094560122595193,1.0,14.193342011653511,-6.082993572236939,-23.805081556446098,0.0,0.0,0.0,0.0,0.0,0.0,0.0,0.0,0.0,1000.0,1000.0,1000.0,1000.0,1000.0,1000.0,-0.12802062692293506,0.05455639767845034,0.4571074280884013,-0.12802062692293506,0.05455639767845034,0.4571074280884013,0.04875569963383508,0.01089302391430076,0.0003617167824645944,102.89935491077705,4.309234804699732,0.008866856672190927,5.577092093174002,-0.0010954502944027398,0.0004731924439490988,0.45499843524737915,0.0,0.0,0.455,-6.297331634793003e-19,3.0701510920889904e-19,-3.9501756653483886,0.47782097302125986,0.02282097302125985,-0.011473141553013624,0.0,0.0,0.0,0.0,0.0,0.0,0.0,-4.405175665348389,0.0,0.0,0.0,-0.04875136983594867,-0.010021517741552922,-0.0003632090639000149,0.0,0.0,-0.18175636231899261,-0.0012782536214217544,0.00029253377579152584,0.983342707157135,0.0018026998732239008,7.924693636596203e-05,0.0006335954531095922,0.00956354383379221,-0.0008062516571953893,-9.823041915893555,0.0010399866150692105,0.0024075855035334826,-2.7760465145111084,0.18175636463903205,0.0012782536377380957,-0.0002925337795255899,-0.9833427197090691,0.0010399865948870005,0.002407585390535775,0.0007000127127934506,0.0,0.0,0.0,0.0010399849003558245,0.002407582413627786,0.0,0.0,0.0,0.0,0.0018026998732239008,7.924693636596203e-05,0.0006335954531095922,0.0,0.0,0.0,0.0,0.0,0.0,0.0,0.0,0.0,0.0,0.0,0.0,0.0,-0.0,0,0.0,0.0,0.0,1.6,0.0,0.0,0.0,0.0,-0.0,0.0,0.0,0.0,0.0,0.0,0.0,0.0,0.0,0.0,-0.0,0.0,0.0,0.0,0.0,0.0,0.0,nan,nan,nan,nan,nan,nan,nan,nan,nan,nan,nan,nan,0.0,0.0,0.0,0.0,1.0,0.0,nan,nan,0.9658365507345044,nan,0.01,nan,nan,nan,nan,nan,nan,nan,0.03,1,0.01,nan,nan,nan,nan,nan,9.823031997802385,nan,nan,nan,nan,nan,nan,nan,0.0,1.0,0.0,0,nan,nan,nan,nan,nan,nan,nan,nan,nan,nan,nan,nan,nan,0,nan,nan,nan,nan,nan,nan,0.12,0.0,0.0,0.11,nan,off,0.0,0.0,0.0,982.5387120934118,479.7372115385673,0.0,0.0,11.50008487701416,11.495994567871094,11.49194622039795,0.0,0.0,0.0,0.012000000104308128,0.03099999949336052,-0.01600000075995922,0.0,0.0,0.0,7,idle,0,-1,nan,0.0,0.0,0.455,-0.12802062692293506,0.05455639767845034,0.4571074280884013,nan,nan,nan,nan,nan,nan,nan,nan,nan,nan,nan,nan,nan,nan,450.0,3.0,2.0,5.0,0.7,searching,nan,0,0.0,0.0,,nan,nan,nan,nan,nan,nan,nan,,nan,nan,nan,0,nan,
1786371756.134003,70.97947721900026,FLIGHT,mobile,0,0,0,0,1,0,0.0,0,0,0,0,0,0,0,0,0,closed_form,0.629775881767273,0.549284815788269,1.0707615613937378,-0.07692337036132812,0.010990142822265625,-0.23077011108398438,0.0024423599243164062,-0.0024423599243164062,-0.0024423599243164062,-0.11344383896553466,0.028825366675372284,-0.18205371744991336,0.0,0.0,0.0,-0.4556686905631439,-0.19297276582165332,-3.5066261302641513,1.0,14.187859114817641,-6.073646955626957,-23.803137585218046,0.0,0.0,0.0,0.0,0.0,0.0,0.0,0.0,0.0,1000.0,1000.0,1000.0,1000.0,1000.0,1000.0,-0.12802062692293506,0.05455639767845034,0.4571074280884013,-0.12802062692293506,0.05455639767845034,0.4571074280884013,0.052797996515503605,0.0027838606195184773,0.0020021617661556655,102.89935491077705,4.309234804699732,0.008866856672190927,5.5770920931740005,-0.001095226392647993,0.00047284510246819816,0.45499843614748603,0.0,0.0,0.455,-7.767581983681191e-20,-1.0647896682316449e-19,-3.9501756653483886,0.47782097302125986,0.02282097302125985,-0.011912729898844926,0.0,0.0,0.0,0.0,0.0,0.0,0.0,-4.405175665348389,0.0,0.0,0.0,-0.052714452344829174,-0.0024273097235013824,-0.0019004376255269582,0.0,0.0,-0.18177200853824615,-0.0012779469834640622,0.00029218284180387855,0.9833398461341858,0.001286720740608871,-0.0003711846366059035,-0.0015243323286995292,-0.00770930340513587,-0.005253172013908625,-9.792937278747559,0.0010392232798039913,0.0024070932995527983,-2.776014804840088,0.18177200539335983,0.0012779469613539583,-0.0002921828367487447,-0.983339829121159,0.0010392232031607763,0.002407093297341192,0.0007318228021134948,0.0,0.0,0.0,0.0010392215107639213,0.0024070903229473344,0.0,0.0,0.0,0.0,0.001286720740608871,-0.0003711846366059035,-0.0015243323286995292,0.0,0.0,0.0,0.0,0.0,0.0,0.0,0.0,0.0,0.0,0.0,0.0,0.0,-0.0,0,0.0,0.0,0.0,1.6,0.0,0.0,0.0,0.0,-0.0,0.0,0.0,0.0,0.0,0.0,0.0,0.0,0.0,0.0,-0.0,0.0,0.0,0.0,0.0,0.0,0.0,nan,nan,nan,nan,nan,nan,nan,nan,nan,nan,nan,nan,0.0,0.0,0.0,0.0,1.0,0.0,nan,nan,0.9658365507345044,nan,0.01,nan,nan,nan,nan,nan,nan,nan,0.03,1,0.01,nan,nan,nan,nan,nan,9.792890522251994,nan,nan,nan,nan,nan,nan,nan,0.0,1.0,0.0,0,nan,nan,nan,nan,nan,nan,nan,nan,nan,nan,nan,nan,nan,0,nan,nan,nan,nan,nan,nan,0.12,0.0,0.0,0.11,nan,off,0.0,0.0,0.0,982.5387120934118,479.7372115385673,0.0,0.0,11.50008487701416,11.495994567871094,11.491925239562988,0.0,-0.01163552887737751,0.0,0.00800000037997961,-0.014999999664723873,0.032999999821186066,0.0,0.0,0.0,7,idle,0,-1,nan,0.0,0.0,0.455,-0.12802062692293506,0.05455639767845034,0.4571074280884013,nan,nan,nan,nan,nan,nan,nan,nan,nan,nan,nan,nan,nan,nan,450.0,3.0,2.0,5.0,0.7,searching,nan,0,0.0,0.0,,nan,nan,nan,nan,nan,nan,nan,,nan,nan,nan,0,nan,
1786371756.1374757,70.98288542400017,FLIGHT,mobile,0,0,0,0,1,0,0.0,0,0,0,0,0,0,0,0,0,closed_form,0.6301573514938354,0.549284815788269,1.0707615613937378,-0.07692337036132812,0.010990142822265625,-0.20878982543945312,0.0024423599243164062,-0.0024423599243164062,-0.0024423599243164062,-0.1024876983842727,0.023474799519440287,-0.1900745498467753,0.0,0.0,0.0,-0.4593965343524875,-0.19379671581831673,-3.5053506291518524,1.0,14.192353382219785,-6.060478556990013,-23.829758948613037,0.0,0.0,0.0,0.0,0.0,0.0,0.0,0.0,0.0,1000.0,1000.0,1000.0,1000.0,1000.0,1000.0,-0.12801659292868234,0.05446087577629494,0.45714149211948385,-0.12801659292868234,0.05446087577629494,0.45714149211948385,0.053889205994208746,-0.0018458861880630165,0.002819605161430763,102.89547286146441,4.309631570342271,0.008866022452986034,5.578068860050466,-0.0010950797205367,0.00047297545776714785,0.4549984363650298,0.0,0.0,0.455,-4.9854385790481415e-19,2.3828075971058685e-19,-3.9501756653483886,0.4778415834485495,0.022841583448549474,-0.011950158405011214,0.0,0.0,0.0,0.0,0.0,0.0,0.0,-4.405175665348389,0.0,0.0,0.0,-0.0538037439830226,0.0024072801470287485,-0.0027325652126817097,0.0,0.0,-0.18177902698516846,-0.001277816598303616,0.00029234387329779565,0.9833385348320007,0.0016379310982301831,-0.00034542122739367187,-0.0011733346618711948,0.008370162919163704,-0.006696511059999466,-9.79733943939209,0.0010395097779110074,0.0024067710619419813,-2.776000499725342,0.18177902634735862,0.0012778165938201285,-0.00029234387227204586,-0.9833385313817512,0.0010395096985014948,0.0024067709401188768,0.0007461027567157324,0.0,0.0,0.0,0.0010395080059381698,0.0024067679663874776,0.0,0.0,0.0,0.0,0.0016379310982301831,-0.00034542122739367187,-0.0011733346618711948,0.0,0.0,0.0,0.0,0.0,0.0,0.0,0.0,0.0,0.0,0.0,0.0,0.0,-0.0,0,0.0,0.0,0.0,1.6,0.0,0.0,0.0,0.0,-0.0,0.0,0.0,0.0,0.0,0.0,0.0,0.0,0.0,0.0,-0.0,0.0,0.0,0.0,0.0,0.0,0.0,nan,nan,nan,nan,nan,nan,nan,nan,nan,nan,nan,nan,0.0,0.0,0.0,0.0,1.0,0.0,nan,nan,0.9658365507345044,nan,0.01,nan,nan,nan,nan,nan,nan,nan,0.03,1,0.01,nan,nan,nan,nan,nan,9.797332876355808,nan,nan,nan,nan,nan,nan,nan,0.0,1.0,0.0,0,nan,nan,nan,nan,nan,nan,nan,nan,nan,nan,nan,nan,nan,0,nan,nan,nan,nan,nan,nan,0.12,0.0,0.0,0.11,nan,off,0.0,0.0,0.0,982.5387120934118,479.7372115385673,1.3446807861328125,0.6191730499267578,11.50008487701416,11.495994567871094,11.491925239562988,0.0,-0.01163552887737751,0.0,0.00800000037997961,-0.014999999664723873,0.032999999821186066,0.0,0.0,0.0,7,idle,0,-1,nan,0.0,0.0,0.455,-0.12801659292868234,0.05446087577629494,0.45714149211948385,nan,nan,nan,nan,nan,nan,nan,nan,nan,nan,nan,nan,nan,nan,450.0,3.0,2.0,5.0,0.7,searching,nan,0,0.0,0.0,,nan,nan,nan,nan,nan,nan,nan,,nan,nan,nan,0,nan,
1786371756.1405745,70.98598100200023,FLIGHT,mobile,0,0,0,0,1,0,0.0,0,0,0,0,0,0,0,0,0,closed_form,0.6301573514938354,0.549284815788269,1.0707615613937378,-0.07692337036132812,0.010990142822265625,-0.20878982543945312,-0.0024423599243164062,0.0024423599243164062,-0.0073261260986328125,-0.09481839997738932,0.01972940251028789,-0.19568913252457865,0.0,0.0,0.0,-0.46034120112194504,-0.19361942404387397,-3.504521121263467,1.0,14.191445230091325,-6.0568858831835914,-23.830155622093876,0.0,0.0,0.0,0.0,0.0,0.0,0.0,0.0,0.0,1000.0,1000.0,1000.0,1000.0,1000.0,1000.0,-0.12801659292868234,0.05446087577629494,0.45714149211948385,-0.12801659292868234,0.05446087577629494,0.45714149211948385,0.05465556339145502,-0.005086753314740174,0.00339174453147824,102.89547286146441,4.309631570342271,0.008866022452986034,5.578068860050466,-0.0010950797205367,0.00047297545776714785,0.4549984363650298,0.0,0.0,0.455,-4.9854385790481415e-19,2.3828075971058685e-19,-3.9501756653483886,0.4778415834485495,0.022841583448549474,-0.01197748603844269,0.0,0.0,0.0,0.0,0.0,0.0,0.0,-4.405175665348389,0.0,0.0,0.0,-0.05457388630725628,0.005648166563807362,-0.0032994892691592145,0.0,0.0,-0.18177902698516846,-0.001277816598303616,0.00029234387329779565,0.9833385348320007,0.0016379310982301831,-0.00034542122739367187,-0.0011733346618711948,0.008370162919163704,-0.006696511059999466,-9.79733943939209,0.0010395097779110074,0.0024067710619419813,-2.776000499725342,0.18177902634735862,0.0012778165938201285,-0.00029234387227204586,-0.9833385313817512,0.0010395096985014948,0.0024067709401188768,0.0007461027567157324,0.0,0.0,0.0,0.0010395080059381698,0.0024067679663874776,0.0,0.0,0.0,0.0,0.0016379310982301831,-0.00034542122739367187,-0.0011733346618711948,0.0,0.0,0.0,0.0,0.0,0.0,0.0,0.0,0.0,0.0,0.0,0.0,0.0,-0.0,0,0.0,0.0,0.0,1.6,0.0,0.0,0.0,0.0,-0.0,0.0,0.0,0.0,0.0,0.0,0.0,0.0,0.0,0.0,-0.0,0.0,0.0,0.0,0.0,0.0,0.0,nan,nan,nan,nan,nan,nan,nan,nan,nan,nan,nan,nan,0.0,0.0,0.0,0.0,1.0,0.0,nan,nan,0.9658365507345044,nan,0.01,nan,nan,nan,nan,nan,nan,nan,0.03,1,0.01,nan,nan,nan,nan,nan,9.797332876355808,nan,nan,nan,nan,nan,nan,nan,0.0,1.0,0.0,0,nan,nan,nan,nan,nan,nan,nan,nan,nan,nan,nan,nan,nan,0,nan,nan,nan,nan,nan,nan,0.12,0.0,0.0,0.11,nan,off,0.0,0.0,0.0,982.5387120934118,479.7372115385673,0.0,3.7178993225097656,11.50008487701416,11.495994567871094,11.491925239562988,0.0,-0.01163552887737751,0.0,0.00800000037997961,-0.014999999664723873,0.032999999821186066,0.0,0.0,0.0,7,idle,0,-1,nan,0.0,0.0,0.455,-0.12801659292868234,0.05446087577629494,0.45714149211948385,nan,nan,nan,nan,nan,nan,nan,nan,nan,nan,nan,nan,nan,nan,450.0,3.0,2.0,5.0,0.7,searching,nan,0,0.0,0.0,,nan,nan,nan,nan,nan,nan,nan,,nan,nan,nan,0,nan,
1786371756.1437263,70.98920641200014,FLIGHT,mobile,0,0,0,0,1,0,0.0,0,0,0,0,0,0,0,0,0,closed_form,0.629775881767273,0.549284815788269,1.0707615613937378,0.03296661376953125,-0.010990142822265625,-0.20878982543945312,0.0024423599243164062,-0.0024423599243164062,-0.0073261260986328125,-0.05648289585331314,0.010513538910521833,-0.19961934039904097,0.0,0.0,0.0,-0.4619918074239335,-0.19201018179119012,-3.503147847407807,1.0,14.189532458980437,-6.053921444115204,-23.818836181752697,0.0,0.0,0.0,0.0,0.0,0.0,0.0,0.0,0.0,1000.0,1000.0,1000.0,1000.0,1000.0,1000.0,-0.12802062692293506,0.05455639767845034,0.4571074280884013,-0.12802062692293506,0.05455639767845034,0.4571074280884013,0.054148945004836566,-0.016361887514235597,0.006046886678638319,102.89935491077705,4.309234804699732,0.008866856672190927,5.577092093174002,-0.0010950797205367,0.00047297545776714785,0.4549984363650298,0.0,0.0,0.455,-4.9854385790481415e-19,2.3828075971058685e-19,-3.9501756653483886,0.47782097302125986,0.02282097302125985,-0.010591311384090024,0.0,0.0,0.0,0.0,0.0,0.0,0.0,-4.405175665348389,0.0,0.0,0.0,-0.05408217026390791,0.01692636436021218,-0.005944275858886391,0.0,0.0,-0.18177902698516846,-0.001277816598303616,0.00029234387329779565,0.9833385348320007,0.0016379310982301831,-0.00034542122739367187,-0.0011733346618711948,0.008370162919163704,-0.006696511059999466,-9.79733943939209,0.0010395097779110074,0.0024067710619419813,-2.776000499725342,0.18177902634735862,0.0012778165938201285,-0.00029234387227204586,-0.9833385313817512,0.0010395096985014948,0.0024067709401188768,0.0007461027567157324,0.0,0.0,0.0,0.0010395080059381698,0.0024067679663874776,0.0,0.0,0.0,0.0,0.0016379310982301831,-0.00034542122739367187,-0.0011733346618711948,0.0,0.0,0.0,0.0,0.0,0.0,0.0,0.0,0.0,0.0,0.0,0.0,0.0,-0.0,0,0.0,0.0,0.0,1.6,0.0,0.0,0.0,0.0,-0.0,0.0,0.0,0.0,0.0,0.0,0.0,0.0,0.0,0.0,-0.0,0.0,0.0,0.0,0.0,0.0,0.0,nan,nan,nan,nan,nan,nan,nan,nan,nan,nan,nan,nan,0.0,0.0,0.0,0.0,1.0,0.0,nan,nan,0.9658365507345044,nan,0.01,nan,nan,nan,nan,nan,nan,nan,0.03,1,0.01,nan,nan,nan,nan,nan,9.797332876355808,nan,nan,nan,nan,nan,nan,nan,0.0,1.0,0.0,0,nan,nan,nan,nan,nan,nan,nan,nan,nan,nan,nan,nan,nan,0,nan,nan,nan,nan,nan,nan,0.12,0.0,0.0,0.11,nan,off,0.0,0.0,0.0,982.5387120934118,479.7372115385673,0.0,0.0,11.50008487701416,11.495994567871094,11.49194622039795,0.0,0.0,0.0,0.006000000052154064,-0.04699999839067459,0.004999999888241291,0.0,0.0,0.0,7,idle,0,-1,nan,0.0,0.0,0.455,-0.12802062692293506,0.05455639767845034,0.4571074280884013,nan,nan,nan,nan,nan,nan,nan,nan,nan,nan,nan,nan,nan,nan,450.0,3.0,2.0,5.0,0.7,searching,nan,0,0.0,0.0,,nan,nan,nan,nan,nan,nan,nan,,nan,nan,nan,0,nan,
1786371756.1475933,70.99301243300009,FLIGHT,mobile,0,0,0,0,1,0,0.0,0,0,0,0,0,0,0,0,0,closed_form,0.629775881767273,0.549284815788269,1.0707615613937378,-0.09889984130859375,0.14285659790039062,0.0549468994140625,0.0024423599243164062,-0.0024423599243164062,-0.0073261260986328125,-0.06920797948989732,0.05021645660748248,-0.12324946845510991,0.0,0.0,0.0,-0.45856390529759333,-0.19403693892502086,-3.5117738138686168,1.0,14.213684405260196,-6.0805061799446705,-23.857830688216332,0.0,0.0,0.0,0.0,0.0,0.0,0.0,0.0,0.0,1000.0,1000.0,1000.0,1000.0,1000.0,1000.0,-0.12802062692293506,0.05455639767845034,0.4571074280884013,-0.12802062692293506,0.05455639767845034,0.4571074280884013,0.0423163792672659,0.0034957158775875815,0.005256104379196589,102.89935491077705,4.309234804699732,0.008866856672190927,5.5770920931740005,-0.0010955553665187314,0.0004732501988030544,0.45499843493432834,0.0,0.0,0.455,1.3045228674621795e-19,2.1273833482275247e-19,-3.9501756653483886,0.47782097302125986,0.02282097302125985,-0.005910270880159006,0.0,0.0,0.0,0.0,0.0,0.0,0.0,-4.405175665348389,0.0,0.0,0.0,-0.042413205707913466,-0.002682650419001899,-0.005281083275943152,0.0,0.0,-0.18178778886795044,-0.0012783880811184645,0.000292534357868135,0.9833369255065918,0.0017683757469058037,0.00021758931688964367,0.0002462976844981313,0.029271885752677917,-0.008237632922828197,-9.815979957580566,0.0010401135077700019,0.002407816471531987,-2.775982618331909,0.18178778622305708,0.0012783880625187546,-0.0002925343536119515,-0.9833369111996831,0.0010401135296468063,0.0024078163189325775,0.0007639209344903313,0.0,0.0,0.0,0.0010401118345738797,0.0024078133411338616,0.0,0.0,0.0,0.0,0.0017683757469058037,0.00021758931688964367,0.0002462976844981313,0.0,0.0,0.0,0.0,0.0,0.0,0.0,0.0,0.0,0.0,0.0,0.0,0.0,-0.0,0,0.0,0.0,0.0,1.6,0.0,0.0,0.0,0.0,-0.0,0.0,0.0,0.0,0.0,0.0,0.0,0.0,0.0,0.0,-0.0,0.0,0.0,0.0,0.0,0.0,0.0,nan,nan,nan,nan,nan,nan,nan,nan,nan,nan,nan,nan,0.0,0.0,0.0,0.0,1.0,0.0,nan,nan,0.9658365507345044,nan,0.01,nan,nan,nan,nan,nan,nan,nan,0.03,1,0.01,nan,nan,nan,nan,nan,9.816025242810626,nan,nan,nan,nan,nan,nan,nan,0.0,1.0,0.0,0,nan,nan,nan,nan,nan,nan,nan,nan,nan,nan,nan,nan,nan,0,nan,nan,nan,nan,nan,nan,0.12,0.0,0.0,0.11,nan,off,0.0,0.0,0.0,982.5387120934118,479.7372115385673,0.0,0.0,11.50008487701416,11.495994567871094,11.49194622039795,0.0,0.0,0.0,0.006000000052154064,-0.04699999839067459,0.004999999888241291,0.0,0.0,0.0,7,idle,0,-1,nan,0.0,0.0,0.455,-0.12802062692293506,0.05455639767845034,0.4571074280884013,nan,nan,nan,nan,nan,nan,nan,nan,nan,nan,nan,nan,nan,nan,450.0,3.0,2.0,5.0,0.7,searching,nan,0,0.0,0.0,,nan,nan,nan,nan,nan,nan,nan,,nan,nan,nan,0,nan,
1786371756.151174,70.99660756100023,FLIGHT,mobile,0,0,0,0,1,0,0.0,0,0,0,0,0,0,0,0,0,closed_form,0.6301573514938354,0.549284815788269,1.0711430311203003,0.20878982543945312,0.5604400634765625,0.4505500793457031,0.0024423599243164062,-0.0024423599243164062,-0.0024423599243164062,0.014191361988907823,0.2032835386682065,0.048890395885134025,0.0,0.0,0.0,-0.4651883909936462,-0.20723975322039573,-3.5285048326394453,1.0,14.296191735895025,-6.127719106494484,-24.0846357626376,0.0,0.0,0.0,0.0,0.0,0.0,0.0,0.0,0.0,1000.0,1000.0,1000.0,1000.0,1000.0,1000.0,-0.12811697138702072,0.05452148478063089,0.457122395522652,-0.12811697138702072,0.05452148478063089,0.457122395522652,0.03026781439555894,0.02746422266403033,0.020164785809331166,102.90915129158832,4.310772827558537,0.008864110289850775,5.580254534090535,-0.0010960207046543944,0.00047560110861569676,0.45499843136235146,0.0,0.0,0.455,-5.470129521732273e-19,4.2761004195135405e-19,-3.9501756653483886,0.4778571283850803,0.022857128385080305,0.014308345058270404,0.0,0.0,0.0,0.0,0.0,0.0,0.0,-4.405175665348389,0.0,0.0,0.0,-0.0300770161356638,-0.02675219446370872,-0.020144943902194998,0.0,0.0,-0.18182700872421265,-0.0012793723726645112,0.00029493076726794243,0.983329713344574,0.001849641790613532,-0.000594680430367589,-0.0010085919639095664,-0.00036543727037496865,0.004485506564378738,-9.819095611572266,0.0010452804854139686,0.0024088392965495586,-2.7759029865264893,0.1818269987213877,0.0012793723022825696,-0.00029493075104295547,-0.9833296592487877,0.0010452803847608091,0.0024088390430757793,0.0008436826529518471,0.0,0.0,0.0,0.0010452786781030353,0.002408836055545779,0.0,0.0,0.0,0.0,0.001849641790613532,-0.000594680430367589,-0.0010085919639095664,0.0,0.0,0.0,0.0,0.0,0.0,0.0,0.0,0.0,0.0,0.0,0.0,0.0,-0.0,0,0.0,0.0,0.0,1.6,0.0,0.0,0.0,0.0,-0.0,0.0,0.0,0.0,0.0,0.0,0.0,0.0,0.0,0.0,-0.0,0.0,0.0,0.0,0.0,0.0,0.0,nan,nan,nan,nan,nan,nan,nan,nan,nan,nan,nan,nan,0.0,0.0,0.0,0.0,1.0,0.0,nan,nan,0.9658365507345044,nan,0.01,nan,nan,nan,nan,nan,nan,nan,0.03,1,0.01,nan,nan,nan,nan,nan,9.819056190821145,nan,nan,nan,nan,nan,nan,nan,0.0,1.0,0.0,0,nan,nan,nan,nan,nan,nan,nan,nan,nan,nan,nan,nan,nan,0,nan,nan,nan,nan,nan,nan,0.12,0.0,0.0,0.11,nan,off,0.0,0.0,0.0,982.5387120934118,479.7372115385673,0.0,0.0,11.50008487701416,11.495994567871094,11.49194622039795,0.0,0.0,0.0,-0.027000000700354576,0.004999999888241291,-0.014999999664723873,0.0,0.0,0.0,7,idle,0,-1,nan,0.0,0.0,0.455,-0.12811697138702072,0.05452148478063089,0.457122395522652,nan,nan,nan,nan,nan,nan,nan,nan,nan,nan,nan,nan,nan,nan,450.0,3.0,2.0,5.0,0.7,searching,nan,0,0.0,0.0,,nan,nan,nan,nan,nan,nan,nan,,nan,nan,nan,0,nan,
1786371756.1547348,71.00020950500014,FLIGHT,mobile,0,0,0,0,1,0,0.0,0,0,0,0,0,0,0,0,0,closed_form,0.6301573514938354,0.549284815788269,1.0711430311203003,0.09889984130859375,0.09889984130859375,0.09889984130859375,0.0024423599243164062,-0.0024423599243164062,-0.0073261260986328125,0.039603905784813605,0.17196842946032267,0.06389322951217194,0.0,0.0,0.0,-0.4670754174181156,-0.20379203345490504,-3.530336505930727,1.0,14.308010392524178,-6.119610246175424,-24.084432164331197,0.0,0.0,0.0,0.0,0.0,0.0,0.0,0.0,0.0,1000.0,1000.0,1000.0,1000.0,1000.0,1000.0,-0.12811697138702072,0.05452148478063089,0.457122395522652,-0.12811697138702072,0.05452148478063089,0.457122395522652,0.019967995265005496,0.01990340647955663,0.018394023072871215,102.90915129158832,4.310772827558537,0.008864110289850775,5.580254534090535,-0.0010960207046543944,0.00047560110861569676,0.45499843136235146,0.0,0.0,0.455,-5.470129521732273e-19,4.2761004195135405e-19,-3.9501756653483886,0.4778571283850803,0.022857128385080305,0.01451321676259698,0.0,0.0,0.0,0.0,0.0,0.0,0.0,-4.405175665348389,0.0,0.0,0.0,-0.019756288466989423,-0.019290918107691547,-0.01837215566576651,0.0,0.0,-0.18182700872421265,-0.0012793723726645112,0.00029493076726794243,0.983329713344574,0.0015755300410091877,-0.0006271544843912125,-0.000860854284837842,0.0061452388763427734,0.008444555103778839,-9.807107925415039,0.0010452804854139686,0.0024088392965495586,-2.7759029865264893,0.1818269987213877,0.0012793723022825696,-0.00029493075104295547,-0.9833296592487877,0.0010452803847608091,0.0024088390430757793,0.0008436826529518471,0.0,0.0,0.0,0.0010452786781030353,0.002408836055545779,0.0,0.0,0.0,0.0,0.0015755300410091877,-0.0006271544843912125,-0.000860854284837842,0.0,0.0,0.0,0.0,0.0,0.0,0.0,0.0,0.0,0.0,0.0,0.0,0.0,-0.0,0,0.0,0.0,0.0,1.6,0.0,0.0,0.0,0.0,-0.0,0.0,0.0,0.0,0.0,0.0,0.0,0.0,0.0,0.0,-0.0,0.0,0.0,0.0,0.0,0.0,0.0,nan,nan,nan,nan,nan,nan,nan,nan,nan,nan,nan,nan,0.0,0.0,0.0,0.0,1.0,0.0,nan,nan,0.9658365507345044,nan,0.01,nan,nan,nan,nan,nan,nan,nan,0.03,1,0.01,nan,nan,nan,nan,nan,9.80708009084484,nan,nan,nan,nan,nan,nan,nan,0.0,1.0,0.0,0,nan,nan,nan,nan,nan,nan,nan,nan,nan,nan,nan,nan,nan,0,nan,nan,nan,nan,nan,nan,0.12,0.0,0.0,0.11,nan,off,0.0,0.0,0.0,982.5387120934118,479.7372115385673,0.0,0.0,11.50008487701416,11.495994567871094,11.49194622039795,0.0,0.0,0.0,-0.027000000700354576,0.004999999888241291,-0.014999999664723873,0.0,0.0,0.0,7,idle,0,-1,nan,0.0,0.0,0.455,-0.12811697138702072,0.05452148478063089,0.457122395522652,nan,nan,nan,nan,nan,nan,nan,nan,nan,nan,nan,nan,nan,nan,450.0,3.0,2.0,5.0,0.7,searching,nan,0,0.0,0.0,,nan,nan,nan,nan,nan,nan,nan,,nan,nan,nan,0,nan,
