frame_idx,t_wall
8806,1786574266.630763
8807,1786574266.696641
8808,1786574266.764485
8809,1786574266.831084
8810,1786574266.897608
8811,1786574266.964185
8812,1786574267.031309
8813,1786574267.096642
8814,1786574267.164333
8815,1786574267.230584
8816,1786574267.297921
8817,1786574267.367399
8818,1786574267.443206
8819,1786574267.507603
8820,1786574267.573421
8821,1786574267.631125
8822,1786574267.697598
8823,1786574267.764504
8824,1786574267.832044
8825,1786574267.901015
8826,1786574267.966326
8827,1786574268.031581
8828,1786574268.098571
8829,1786574268.164813
8830,1786574268.232133
8831,1786574268.297883
8832,1786574268.365264
8833,1786574268.434390
8834,1786574268.498912
8835,1786574268.565096
8836,1786574268.632213
8837,1786574268.698758
8838,1786574268.766298
8839,1786574268.832413
8840,1786574268.900274
8841,1786574268.965854
8842,1786574269.033069
8843,1786574269.099792
8844,1786574269.167218
8845,1786574269.233428
8846,1786574269.306713
8847,1786574269.365625
8848,1786574269.433836
8849,1786574269.525232
8850,1786574269.570085
8851,1786574269.634470
8852,1786574269.703862
8853,1786574269.770585
8854,1786574269.836889
8855,1786574269.899819
8856,1786574269.967247
8857,1786574270.032897
8858,1786574270.100341
8859,1786574270.167588
8860,1786574270.233927
8861,1786574270.300067
8862,1786574270.367469
8863,1786574270.433562
8864,1786574270.500498
8865,1786574270.566825
8866,1786574270.634406
8867,1786574270.701043
8868,1786574270.767805
8869,1786574270.834980
8870,1786574270.901234
8871,1786574270.966975
8872,1786574271.034473
8873,1786574271.100892
8874,1786574271.167702
8875,1786574271.234070
8876,1786574271.301795
8877,1786574271.368291
8878,1786574271.435548
8879,1786574271.501143
8880,1786574271.568699
8881,1786574271.643578
8882,1786574271.702798
8883,1786574271.768058
8884,1786574271.838847
8885,1786574271.903182
8886,1786574271.968574
8887,1786574272.035321
8888,1786574272.102707
8889,1786574272.178176
8890,1786574272.235547
8891,1786574272.303189
8892,1786574272.369209
8893,1786574272.435374
8894,1786574272.503519
8895,1786574272.568550
8896,1786574272.636409
8897,1786574272.704343
8898,1786574272.770474
8899,1786574272.835874
8900,1786574272.902768
8901,1786574272.971499
8902,1786574273.036559
8903,1786574273.103622
8904,1786574273.171162
8905,1786574273.243448
8906,1786574273.307603
8907,1786574273.371610
8908,1786574273.439443
8909,1786574273.503356
8910,1786574273.571472
8911,1786574273.637238
8912,1786574273.703643
8913,1786574273.770006
8914,1786574273.837495
8915,1786574273.903753
8916,1786574273.970717
8917,1786574274.037578
8918,1786574274.104307
8919,1786574274.170803
8920,1786574274.237658
8921,1786574274.305248
8922,1786574274.371268
8923,1786574274.437430
8924,1786574274.504680
8925,1786574274.570456
8926,1786574274.637724
8927,1786574274.704372
8928,1786574274.771607
8929,1786574274.849205
8930,1786574274.905101
8931,1786574274.973523
8932,1786574275.038517
8933,1786574275.104694
8934,1786574275.171761
8935,1786574275.238309
8936,1786574275.306835
8937,1786574275.404231
8938,1786574275.534716
8939,1786574275.584024
8940,1786574275.639677
8941,1786574275.706065
8942,1786574275.772187
8943,1786574275.838415
8944,1786574275.905573
8945,1786574275.972180
8946,1786574276.039381
8947,1786574276.565751
8948,1786574276.888502
8949,1786574276.932970
8950,1786574276.977049
8951,1786574277.041839
8952,1786574277.108115
8953,1786574277.187692
8954,1786574277.241458
8955,1786574277.307818
8956,1786574277.373758
8957,1786574277.439860
8958,1786574277.507543
8959,1786574277.574259
8960,1786574277.641621
8961,1786574277.714862
8962,1786574277.774310
8963,1786574277.840691
8964,1786574277.909922
8965,1786574277.975501
8966,1786574278.041342
8967,1786574278.108344
8968,1786574278.174538
8969,1786574278.240872
8970,1786574278.309051
8971,1786574278.375011
8972,1786574278.441689
8973,1786574278.507590
8974,1786574278.575435
8975,1786574278.641537
8976,1786574278.708557
8977,1786574278.774588
8978,1786574278.841763
8979,1786574278.908226
8980,1786574278.975065
8981,1786574279.040868
8982,1786574279.110068
8983,1786574279.175284
8984,1786574279.241925
8985,1786574279.308101
8986,1786574279.375559
8987,1786574279.441745
8988,1786574279.509862
8989,1786574279.575302
8990,1786574279.642553
8991,1786574279.709099
8992,1786574279.775870
8993,1786574279.848250
8994,1786574279.910681
8995,1786574279.975594
8996,1786574280.044939
8997,1786574280.109164
8998,1786574280.177880
8999,1786574280.242518
9000,1786574280.311213
9001,1786574280.379001
9002,1786574280.443577
9003,1786574280.509629
9004,1786574280.576599
9005,1786574280.642980
9006,1786574280.709848
9007,1786574280.776921
9008,1786574280.845895
9009,1786574280.919523
9010,1786574280.977731
9011,1786574281.044595
9012,1786574281.111516
9013,1786574281.177689
9014,1786574281.246028
9015,1786574281.312799
9016,1786574281.379755
9017,1786574281.455785
9018,1786574281.510788
9019,1786574281.577027
9020,1786574281.644903
9021,1786574281.710448
9022,1786574281.779324
9023,1786574281.844882
9024,1786574281.913767
9025,1786574281.979196
9026,1786574282.044641
9027,1786574282.112365
9028,1786574282.178268
9029,1786574282.245830
9030,1786574282.312751
9031,1786574282.377890
9032,1786574282.447233
9033,1786574282.511340
9034,1786574282.600412
9035,1786574282.645033
9036,1786574282.715655
9037,1786574282.780750
9038,1786574282.848272
9039,1786574282.913045
9040,1786574282.980312
9041,1786574283.058464
9042,1786574283.118455
9043,1786574283.178804
9044,1786574283.246104
9045,1786574283.315286
9046,1786574283.383408
9047,1786574283.445978
9048,1786574283.513009
9049,1786574283.579327
9050,1786574283.646561
9051,1786574283.713404
9052,1786574283.779464
9053,1786574283.846258
9054,1786574283.912928
9055,1786574283.980454
9056,1786574284.046571
9057,1786574284.112992
9058,1786574284.180364
9059,1786574284.246769
9060,1786574284.313653
9061,1786574284.379826
9062,1786574284.447403
9063,1786574284.513983
9064,1786574284.580329
9065,1786574284.646507
9066,1786574284.713696
9067,1786574284.779700
9068,1786574284.847762
9069,1786574284.914137
9070,1786574284.980674
9071,1786574285.046838
9072,1786574285.114191
9073,1786574285.180230
9074,1786574285.247458
9075,1786574285.314202
9076,1786574285.380615
9077,1786574285.448094
9078,1786574285.514703
9079,1786574285.582054
9080,1786574285.648337
9081,1786574285.713987
9082,1786574285.781490
9083,1786574285.847866
9084,1786574285.914761
9085,1786574285.980994
9086,1786574286.048592
9087,1786574286.116027
9088,1786574286.182314
9089,1786574286.248662
9090,1786574286.315492
9091,1786574286.381374
9092,1786574286.448834
9093,1786574286.517155
9094,1786574286.587492
9095,1786574286.648885
9096,1786574286.717959
9097,1786574286.821552
9098,1786574286.860585
9099,1786574286.915079
9100,1786574286.982929
9101,1786574287.049343
9102,1786574287.116775
9103,1786574287.181980
9104,1786574287.249497
9105,1786574287.315693
9106,1786574287.382960
9107,1786574287.448836
9108,1786574287.516617
9109,1786574287.583305
9110,1786574287.651189
9111,1786574287.715767
9112,1786574287.784119
9113,1786574287.853322
9114,1786574287.917228
9115,1786574287.982654
9116,1786574288.052613
9117,1786574288.116344
9118,1786574288.184046
9119,1786574288.249839
9120,1786574288.317312
9121,1786574288.382802
9122,1786574288.450843
9123,1786574288.516999
9124,1786574288.583771
9125,1786574288.650867
9126,1786574288.717321
9127,1786574288.785784
9128,1786574288.851263
9129,1786574288.916756
9130,1786574288.984709
9131,1786574289.050684
9132,1786574289.118200
9133,1786574289.184320
9134,1786574289.254025
9135,1786574289.317147
9136,1786574289.384361
9137,1786574289.453009
9138,1786574289.518154
9139,1786574289.584221
9140,1786574289.651542
9141,1786574289.718627
9142,1786574289.786113
9143,1786574289.851304
9144,1786574289.919179
9145,1786574289.988835
9146,1786574290.052457
9147,1786574290.118726
9148,1786574290.185063
9149,1786574290.252239
9150,1786574290.318549
9151,1786574290.385151
9152,1786574290.452666
9153,1786574290.519298
9154,1786574290.585890
9155,1786574290.652585
9156,1786574290.719136
9157,1786574290.786949
9158,1786574290.864228
9159,1786574290.918872
9160,1786574290.985815
9161,1786574291.052494
9162,1786574291.120635
9163,1786574291.185634
9164,1786574291.253467
9165,1786574291.319298
9166,1786574291.387906
9167,1786574291.452312
9168,1786574291.520417
9169,1786574291.606102
9170,1786574291.652770
9171,1786574291.719349
9172,1786574291.786454
9173,1786574291.853382
9174,1786574291.920601
9175,1786574291.986272
9176,1786574292.054346
9177,1786574292.120401
9178,1786574292.187317
9179,1786574292.255593
9180,1786574292.320166
9181,1786574292.387309
9182,1786574292.453557
9183,1786574292.520452
9184,1786574292.587851
9185,1786574292.655262
9186,1786574292.721224
9187,1786574292.786731
9188,1786574292.854720
9189,1786574292.921132
9190,1786574292.987726
9191,1786574293.054144
9192,1786574293.121133
9193,1786574293.187145
9194,1786574293.254847
9195,1786574293.323653
9196,1786574293.388206
9197,1786574293.454623
9198,1786574293.523088
9199,1786574293.589030
9200,1786574293.654765
9201,1786574293.721441
9202,1786574293.788141
9203,1786574293.854984
9204,1786574293.923454
9205,1786574293.999093
9206,1786574294.054927
9207,1786574294.121671
9208,1786574294.189461
9209,1786574294.255051
9210,1786574294.322301
9211,1786574294.388607
9212,1786574294.455467
9213,1786574294.522257
9214,1786574294.588853
9215,1786574294.656655
9216,1786574294.722927
9217,1786574294.790620
9218,1786574294.856089
9219,1786574294.925464
9220,1786574294.989939
9221,1786574295.055516
9222,1786574295.122938
9223,1786574295.189809
9224,1786574295.256110
9225,1786574295.322681
9226,1786574295.390083
9227,1786574295.456126
9228,1786574295.523554
9229,1786574295.589566
9230,1786574295.657254
9231,1786574295.723237
9232,1786574295.790599
9233,1786574295.856096
9234,1786574295.923359
9235,1786574295.990968
9236,1786574296.056870
9237,1786574296.123487
9238,1786574296.190385
9239,1786574296.256455
9240,1786574296.327445
9241,1786574296.399070
9242,1786574296.457252
9243,1786574296.523255
9244,1786574296.590619
9245,1786574296.658118
9246,1786574296.725464
9247,1786574296.791192
9248,1786574296.858212
9249,1786574296.923716
9250,1786574296.991153
9251,1786574297.058152
9252,1786574297.124721
9253,1786574297.191283
9254,1786574297.258074
9255,1786574297.324116
9256,1786574297.392321
9257,1786574297.484053
9258,1786574297.534171
9259,1786574297.604728
9260,1786574297.665428
9261,1786574297.727864
9262,1786574297.794802
9263,1786574297.858864
9264,1786574297.927834
9265,1786574297.993759
9266,1786574298.058724
9267,1786574298.124745
9268,1786574298.192057
9269,1786574298.258673
9270,1786574298.325500
9271,1786574298.391397
9272,1786574298.461453
9273,1786574298.527282
9274,1786574298.592576
9275,1786574298.658848
9276,1786574298.726610
9277,1786574298.792854
9278,1786574298.863325
9279,1786574298.926927
9280,1786574298.997682
9281,1786574299.062991
9282,1786574299.126240
9283,1786574299.192401
9284,1786574299.259711
9285,1786574299.326278
9286,1786574299.394050
9287,1786574299.460675
9288,1786574299.528261
9289,1786574299.612100
9290,1786574299.661618
9291,1786574299.726780
9292,1786574299.793613
9293,1786574299.859703
9294,1786574299.926665
9295,1786574299.992700
9296,1786574300.060741
9297,1786574300.140681
9298,1786574300.196172
9299,1786574300.260440
9300,1786574300.327780
9301,1786574300.393893
9302,1786574300.461250
9303,1786574300.527093
9304,1786574300.595690
9305,1786574300.665494
9306,1786574300.730621
9307,1786574300.793864
9308,1786574300.862381
9309,1786574300.927124
9310,1786574300.994217
9311,1786574301.061195
9312,1786574301.128004
9313,1786574301.193640
9314,1786574301.261804
9315,1786574301.327208
9316,1786574301.394702
9317,1786574301.460782
9318,1786574301.528266
9319,1786574301.594929
9320,1786574301.661546
9321,1786574301.734287
9322,1786574301.797448
9323,1786574302.466255
9324,1786574302.530430
9325,1786574302.594968
9326,1786574302.662347
9327,1786574302.728623
9328,1786574302.796063
9329,1786574302.862096
9330,1786574302.930515
9331,1786574302.995403
9332,1786574303.062423
9333,1786574303.129064
9334,1786574303.197416
9335,1786574303.264703
9336,1786574303.331053
9337,1786574303.396609
9338,1786574303.463813
9339,1786574303.529571
9340,1786574303.596408
9341,1786574303.662463
9342,1786574303.730154
9343,1786574303.798043
9344,1786574303.863392
9345,1786574303.930537
9346,1786574303.996882
9347,1786574304.063410
9348,1786574304.131135
9349,1786574304.196293
9350,1786574304.264275
9351,1786574304.330240
9352,1786574304.397383
9353,1786574304.463655
9354,1786574304.533720
9355,1786574304.596699
9356,1786574304.664104
9357,1786574304.730753
9358,1786574304.799230
9359,1786574304.864229
9360,1786574304.930731
9361,1786574304.998278
9362,1786574305.064131
9363,1786574305.130499
9364,1786574305.197742
9365,1786574305.264303
9366,1786574305.330870
9367,1786574305.398225
9368,1786574305.464646
9369,1786574305.531447
9370,1786574305.597850
9371,1786574305.665519
9372,1786574305.732372
9373,1786574305.802031
9374,1786574305.865472
9375,1786574305.931289
9376,1786574305.998681
9377,1786574306.064427
9378,1786574306.131569
9379,1786574306.199150
9380,1786574306.265186
9381,1786574306.331851
9382,1786574306.398513
9383,1786574306.464865
9384,1786574306.531975
9385,1786574306.602056
9386,1786574306.666605
9387,1786574306.732667
9388,1786574306.810407
9389,1786574306.866865
9390,1786574306.933385
9391,1786574306.999534
9392,1786574307.067849
9393,1786574307.133189
9394,1786574307.201736
9395,1786574307.265221
9396,1786574307.332664
9397,1786574307.398859
9398,1786574307.466243
9399,1786574307.537652
9400,1786574307.599871
9401,1786574307.666599
9402,1786574307.733564
9403,1786574307.801027
9404,1786574307.878602
9405,1786574307.933115
9406,1786574308.000022
9407,1786574308.066797
9408,1786574308.135849
9409,1786574308.199821
9410,1786574308.266913
9411,1786574308.332852
9412,1786574308.401461
9413,1786574308.466897
9414,1786574308.533514
9415,1786574308.600495
9416,1786574308.667445
9417,1786574308.733756
9418,1786574308.800621
9419,1786574308.867458
9420,1786574308.938052
9421,1786574309.000324
9422,1786574309.068734
9423,1786574309.133777
9424,1786574309.201154
9425,1786574309.266732
9426,1786574309.334340
9427,1786574309.400481
9428,1786574309.467621
9429,1786574309.534498
9430,1786574309.601254
9431,1786574309.667664
9432,1786574309.734347
9433,1786574309.801396
9434,1786574309.868410
9435,1786574309.935046
9436,1786574310.002294
9437,1786574310.067612
9438,1786574310.135166
9439,1786574310.202123
9440,1786574310.268221
9441,1786574310.334925
9442,1786574310.402664
9443,1786574310.467729
9444,1786574310.535858
9445,1786574310.601369
9446,1786574310.669561
9447,1786574310.734830
9448,1786574310.803266
9449,1786574310.868819
9450,1786574310.935743
9451,1786574311.002432
9452,1786574311.069250
9453,1786574311.136097
9454,1786574311.202494
9455,1786574311.268962
9456,1786574311.336102
9457,1786574311.402954
9458,1786574311.486429
9459,1786574311.535832
9460,1786574311.604473
9461,1786574311.669335
9462,1786574311.737612
9463,1786574311.802706
9464,1786574311.869832
9465,1786574311.935904
9466,1786574312.004553
9467,1786574312.069800
9468,1786574312.150680
9469,1786574312.203302
9470,1786574312.271561
9471,1786574312.340257
9472,1786574312.403541
9473,1786574312.469930
9474,1786574312.538867
9475,1786574312.602884
9476,1786574312.678866
9477,1786574312.739046
9478,1786574312.804915
9479,1786574312.870284
9480,1786574312.937412
9481,1786574313.003830
9482,1786574313.070970
9483,1786574313.137074
9484,1786574313.204363
9485,1786574313.271543
9486,1786574313.338342
9487,1786574313.404190
9488,1786574313.471634
9489,1786574313.537313
9490,1786574313.604786
9491,1786574313.671113
9492,1786574313.738508
9493,1786574313.804404
9494,1786574313.871325
9495,1786574313.937429
9496,1786574314.004607
9497,1786574314.071038
9498,1786574314.138518
9499,1786574314.204656
9500,1786574314.271534
9501,1786574314.337968
9502,1786574314.405670
9503,1786574314.471694
9504,1786574314.539267
9505,1786574314.605603
9506,1786574314.672997
9507,1786574314.738096
9508,1786574314.805442
9509,1786574314.871563
9510,1786574314.939427
9511,1786574315.005905
9512,1786574315.072597
9513,1786574315.140098
9514,1786574315.207418
9515,1786574315.274443
9516,1786574315.351479
9517,1786574315.410136
9518,1786574315.473740
9519,1786574315.541019
9520,1786574315.606592
9521,1786574315.673196
9522,1786574315.745132
9523,1786574315.806124
9524,1786574315.872839
9525,1786574315.939066
9526,1786574316.006188
9527,1786574316.072266
9528,1786574316.141771
9529,1786574316.206308
9530,1786574316.274063
9531,1786574316.339429
9532,1786574316.406568
9533,1786574316.472704
9534,1786574316.540643
9535,1786574316.606442
9536,1786574316.673676
9537,1786574316.739737
9538,1786574316.806762
9539,1786574316.873510
9540,1786574316.940454
9541,1786574317.006822
9542,1786574317.074390
9543,1786574317.139995
9544,1786574317.207524
9545,1786574317.273376
9546,1786574317.340721
9547,1786574317.406896
9548,1786574317.474236
9549,1786574317.540186
9550,1786574317.608309
9551,1786574317.674107
9552,1786574317.742506
9553,1786574317.808768
9554,1786574317.874359
9555,1786574317.941105
9556,1786574318.009647
9557,1786574318.074982
9558,1786574318.141562
9559,1786574318.208244
9560,1786574318.275328
9561,1786574318.340896
9562,1786574318.410682
9563,1786574318.475221
9564,1786574318.541302
9565,1786574318.608206
9566,1786574318.675035
9567,1786574318.741743
9568,1786574318.809860
9569,1786574318.874845
9570,1786574318.942750
9571,1786574319.008220
9572,1786574319.075589
9573,1786574319.143432
9574,1786574319.209145
9575,1786574319.275469
9576,1786574319.342831
9577,1786574319.408466
9578,1786574319.475506
9579,1786574319.541677
9580,1786574319.608687
9581,1786574319.676670
9582,1786574319.742382
9583,1786574319.808598
9584,1786574319.876071
9585,1786574319.942568
9586,1786574320.009270
9587,1786574320.076926
9588,1786574320.142977
9589,1786574320.209521
9590,1786574320.277262
9591,1786574320.342593
9592,1786574320.409899
9593,1786574320.475662
9594,1786574320.543310
9595,1786574320.609539
9596,1786574320.676348
9597,1786574320.742973
9598,1786574320.809929
9599,1786574320.876527
9600,1786574320.943602
9601,1786574321.009337
9602,1786574321.077142
9603,1786574321.147128
9604,1786574321.213209
9605,1786574321.276870
9606,1786574321.344188
9607,1786574321.410341
9608,1786574321.478237
9609,1786574321.543324
9610,1786574321.610311
9611,1786574321.678100
9612,1786574321.744745
9613,1786574321.811189
9614,1786574321.877630
9615,1786574321.943683
9616,1786574322.011397
9617,1786574322.078263
9618,1786574322.144760
9619,1786574322.210442
9620,1786574322.277646
9621,1786574322.343704
9622,1786574322.411894
9623,1786574322.477320
9624,1786574322.544639
9625,1786574322.610904
9626,1786574322.679253
9627,1786574322.744220
9628,1786574322.812576
9629,1786574322.878177
9630,1786574322.945135
9631,1786574323.011143
9632,1786574323.078469
9633,1786574323.144499
9634,1786574323.212341
9635,1786574323.278497
9636,1786574323.345491
9637,1786574323.411220
9638,1786574323.479531
9639,1786574323.545269
9640,1786574323.612205
9641,1786574323.678292
9642,1786574323.745078
9643,1786574323.812309
9644,1786574323.879088
9645,1786574323.946073
9646,1786574324.012912
9647,1786574324.078796
9648,1786574324.146049
9649,1786574324.211914
9650,1786574324.279107
9651,1786574324.345523
9652,1786574324.425892
9653,1786574324.479760
9654,1786574324.547152
9655,1786574324.612269
9656,1786574324.679617
9657,1786574324.746401
9658,1786574324.813829
9659,1786574324.879580
9660,1786574324.946523
9661,1786574325.013226
9662,1786574325.080689
9663,1786574325.146544
9664,1786574325.213382
9665,1786574325.279752
9666,1786574325.347501
9667,1786574325.414146
9668,1786574325.489782
9669,1786574325.546447
9670,1786574325.614016
9671,1786574325.680022
9672,1786574325.746990
9673,1786574325.813499
9674,1786574325.880616
9675,1786574325.946595
9676,1786574326.013906
9677,1786574326.080373
9678,1786574326.146975
9679,1786574326.407260
9680,1786574326.450861
9681,1786574326.509027
9682,1786574326.549342
9683,1786574326.614011
9684,1786574326.681235
9685,1786574326.747062
9686,1786574326.814515
9687,1786574326.880543
9688,1786574326.947628
9689,1786574327.014163
9690,1786574327.081217
9691,1786574327.147224
9692,1786574327.214563
9693,1786574327.280809
9694,1786574327.348073
9695,1786574327.414605
9696,1786574327.481637
9697,1786574327.547543
9698,1786574327.615131
9699,1786574328.865826
9700,1786574328.940133
9701,1786574328.979092
9702,1786574329.021896
9703,1786574329.082297
9704,1786574329.149761
9705,1786574329.216432
9706,1786574329.285113
9707,1786574329.349663
9708,1786574329.417315
9709,1786574329.487666
9710,1786574329.558353
9711,1786574329.617428
9712,1786574329.684428
9713,1786574329.750594
9714,1786574329.817796
9715,1786574329.884652
9716,1786574329.951203
9717,1786574330.030743
9718,1786574330.083787
9719,1786574330.150309
9720,1786574330.218386
9721,1786574330.283425
9722,1786574330.350834
9723,1786574330.416827
9724,1786574330.484058
9725,1786574330.558407
9726,1786574330.617428
9727,1786574330.683682
9728,1786574330.751179
9729,1786574330.817837
9730,1786574330.884409
9731,1786574330.950459
9732,1786574331.018288
9733,1786574331.087249
9734,1786574331.151583
9735,1786574331.217391
9736,1786574331.284734
9737,1786574331.351161
9738,1786574331.419250
9739,1786574331.484692
9740,1786574331.551612
9741,1786574331.619852
9742,1786574331.685882
9743,1786574331.774831
9744,1786574331.836405
9745,1786574331.885513
9746,1786574331.951583
9747,1786574332.018119
9748,1786574332.084823
9749,1786574332.151438
9750,1786574332.218372
9751,1786574332.285200
9752,1786574332.352905
9753,1786574332.419136
9754,1786574332.485273
9755,1786574332.552261
9756,1786574332.618765
9757,1786574332.685108
9758,1786574332.751859
9759,1786574332.818377
9760,1786574332.885395
9761,1786574332.952101
9762,1786574333.019218
9763,1786574333.085078
9764,1786574333.152521
9765,1786574333.218421
9766,1786574333.285788
9767,1786574333.353079
9768,1786574333.419411
9769,1786574333.485481
9770,1786574333.553087
9771,1786574333.619376
9772,1786574333.686344
9773,1786574333.752649
9774,1786574333.821084
9775,1786574333.885982
9776,1786574333.953308
9777,1786574334.019440
9778,1786574334.086268
9779,1786574334.155218
9780,1786574334.220272
9781,1786574334.288774
9782,1786574334.354300
9783,1786574334.423648
9784,1786574334.486910
9785,1786574334.554056
9786,1786574334.621634
9787,1786574334.686557
9788,1786574334.754140
9789,1786574334.820053
9790,1786574334.887264
9791,1786574334.954263
9792,1786574335.021609
9793,1786574335.086852
9794,1786574335.154539
9795,1786574335.223156
9796,1786574335.294105
9797,1786574335.354260
9798,1786574335.423409
9799,1786574335.487211
9800,1786574335.554831
9801,1786574335.621128
9802,1786574335.687753
9803,1786574335.754583
9804,1786574335.821663
9805,1786574335.887290
9806,1786574335.954328
9807,1786574336.021023
9808,1786574336.088239
9809,1786574336.154406
9810,1786574336.221464
9811,1786574336.288403
9812,1786574336.355304
9813,1786574336.420718
9814,1786574336.488888
9815,1786574336.554181
9816,1786574336.621572
9817,1786574336.687985
9818,1786574336.755272
9819,1786574336.821688
9820,1786574336.891389
9821,1786574336.954847
9822,1786574337.023405
9823,1786574337.102899
9824,1786574337.155402
9825,1786574337.221320
9826,1786574337.296303
9827,1786574337.354860
9828,1786574337.421999
9829,1786574337.488388
9830,1786574337.556337
9831,1786574337.622049
9832,1786574337.689232
9833,1786574337.755262
9834,1786574337.826168
9835,1786574337.888932
9836,1786574337.956400
9837,1786574338.023011
9838,1786574338.090449
9839,1786574338.155454
9840,1786574338.222922
9841,1786574338.289919
9842,1786574338.356102
9843,1786574338.423361
9844,1786574338.497801
9845,1786574338.581764
9846,1786574338.633235
9847,1786574338.689379
9848,1786574338.756674
9849,1786574338.822849
9850,1786574338.889894
9851,1786574338.955818
9852,1786574339.023513
9853,1786574339.090883
9854,1786574339.157456
9855,1786574339.223875
9856,1786574339.291643
9857,1786574339.356688
9858,1786574339.424756
9859,1786574339.489588
9860,1786574339.627576
9861,1786574339.683205
9862,1786574339.722114
9863,1786574339.759985
9864,1786574339.824260
9865,1786574339.890246
9866,1786574339.957034
9867,1786574340.024219
9868,1786574340.090828
9869,1786574340.158106
9870,1786574340.224303
9871,1786574340.290506
9872,1786574340.358057
9873,1786574340.423888
9874,1786574340.491448
9875,1786574340.558686
9876,1786574340.625441
9877,1786574340.690501
9878,1786574340.757790
9879,1786574340.824404
9880,1786574340.891660
9881,1786574340.957714
9882,1786574341.025181
9883,1786574341.091270
9884,1786574341.158678
9885,1786574341.225342
9886,1786574341.295071
9887,1786574341.357820
9888,1786574341.425104
9889,1786574341.491462
9890,1786574341.558836
9891,1786574341.624783
9892,1786574341.692613
9893,1786574341.758471
9894,1786574341.827842
9895,1786574341.891792
9896,1786574341.959381
9897,1786574342.025627
9898,1786574342.092846
9899,1786574342.158672
9900,1786574342.226351
9901,1786574342.292439
9902,1786574342.361639
9903,1786574342.425126
9904,1786574342.492779
9905,1786574342.558839
9906,1786574342.626217
9907,1786574342.692242
9908,1786574342.759662
9909,1786574342.826429
9910,1786574342.919379
9911,1786574342.977103
9912,1786574343.034969
9913,1786574343.094751
9914,1786574343.161254
9915,1786574343.226954
9916,1786574343.294335
9917,1786574343.361609
9918,1786574343.440613
9919,1786574343.493813
9920,1786574343.560451
9921,1786574343.627079
9922,1786574343.693899
9923,1786574343.759490
9924,1786574343.828331
9925,1786574343.894301
9926,1786574343.963515
9927,1786574344.027216
9928,1786574344.094523
9929,1786574344.161619
9930,1786574344.228647
9931,1786574344.293369
9932,1786574344.360931
9933,1786574344.426598
9934,1786574344.495327
9935,1786574344.561145
9936,1786574344.627742
9937,1786574344.694189
9938,1786574344.761910
9939,1786574344.827169
9940,1786574344.896501
9941,1786574344.960820
9942,1786574345.028748
9943,1786574345.094406
9944,1786574345.162163
9945,1786574345.227985
9946,1786574345.295649
9947,1786574345.366324
9948,1786574345.428999
9949,1786574345.495736
9950,1786574345.581091
9951,1786574345.629178
9952,1786574345.697055
9953,1786574345.761663
9954,1786574345.829922
9955,1786574345.895180
9956,1786574345.963280
9957,1786574346.029356
9958,1786574346.096782
9959,1786574346.163246
9960,1786574346.228837
9961,1786574346.295895
9962,1786574346.362454
9963,1786574346.428760
9964,1786574346.495167
9965,1786574346.562737
9966,1786574346.628652
9967,1786574346.695927
9968,1786574346.763058
9969,1786574346.829205
9970,1786574346.896554
9971,1786574346.963258
9972,1786574347.030305
9973,1786574347.098907
9974,1786574347.163821
9975,1786574347.231169
9976,1786574347.297124
9977,1786574347.363659
9978,1786574347.429791
9979,1786574347.497875
9980,1786574347.563245
9981,1786574347.630156
9982,1786574347.696011
9983,1786574347.764308
9984,1786574347.829948
9985,1786574347.897251
9986,1786574347.963283
9987,1786574348.030860
9988,1786574348.096638
9989,1786574348.163897
9990,1786574348.229795
9991,1786574348.301182
9992,1786574348.363338
9993,1786574348.430212
9994,1786574348.497082
9995,1786574348.567112
9996,1786574348.629657
9997,1786574348.697280
9998,1786574348.765035
9999,1786574348.830660
10000,1786574348.897089
10001,1786574348.965017
10002,1786574349.030297
10003,1786574349.097544
10004,1786574349.172610
10005,1786574349.231379
10006,1786574349.297157
10007,1786574349.364476
10008,1786574349.431466
10009,1786574349.498027
10010,1786574349.564336
10011,1786574349.635290
10012,1786574349.697760
10013,1786574349.765362
10014,1786574349.830996
10015,1786574349.899656
10016,1786574349.964730
10017,1786574350.031701
10018,1786574350.098658
10019,1786574350.165157
10020,1786574350.231158
10021,1786574350.298705
10022,1786574350.364725
10023,1786574350.431988
10024,1786574350.498605
10025,1786574350.566608
10026,1786574350.631425
10027,1786574350.707535
10028,1786574350.767901
10029,1786574350.833687
10030,1786574350.900889
10031,1786574350.966178
10032,1786574351.032641
10033,1786574351.098982
10034,1786574351.165811
10035,1786574351.233112
10036,1786574351.298295
10037,1786574351.367090
10038,1786574351.432205
10039,1786574351.501416
10040,1786574351.565144
10041,1786574351.633050
10042,1786574351.701309
10043,1786574351.766697
10044,1786574351.832379
10045,1786574351.900162
10046,1786574351.965883
10047,1786574352.034323
10048,1786574352.099661
10049,1786574352.167655
10050,1786574352.233063
10051,1786574352.300436
10052,1786574352.367527
10053,1786574352.433328
10054,1786574352.499869
10055,1786574352.566843
10056,1786574352.635786
10057,1786574352.700569
10058,1786574352.767729
10059,1786574352.833736
10060,1786574352.899581
10061,1786574352.966865
10062,1786574353.033035
10063,1786574353.103731
10064,1786574353.166464
10065,1786574353.235188
10066,1786574353.300936
10067,1786574353.367623
10068,1786574353.434277
10069,1786574353.506871
10070,1786574353.586377
10071,1786574353.634106
10072,1786574353.699987
10073,1786574353.767051
10074,1786574353.835008
10075,1786574353.901455
10076,1786574353.967819
10077,1786574354.033841
10078,1786574354.100437
10079,1786574354.167532
10080,1786574354.234418
10081,1786574354.301607
10082,1786574354.367306
10083,1786574354.434225
10084,1786574354.501610
10085,1786574354.567804
10086,1786574354.633911
10087,1786574354.701487
10088,1786574354.767708
10089,1786574354.835210
10090,1786574354.901392
10091,1786574354.968335
10092,1786574355.034735
10093,1786574355.103055
10094,1786574355.167745
10095,1786574355.235052
10096,1786574355.301376
10097,1786574355.368281
10098,1786574355.434621
10099,1786574355.502253
10100,1786574355.567970
10101,1786574355.635625
10102,1786574355.701806
10103,1786574355.768761
10104,1786574355.835194
10105,1786574355.904117
10106,1786574355.970304
10107,1786574356.036463
10108,1786574356.101676
10109,1786574356.169213
10110,1786574356.235105
10111,1786574356.302393
10112,1786574356.368448
10113,1786574356.441378
10114,1786574356.501879
10115,1786574356.570084
10116,1786574356.636524
10117,1786574356.702768
10118,1786574356.771410
10119,1786574356.836198
10120,1786574356.903289
10121,1786574356.971563
10122,1786574357.036621
10123,1786574357.103813
10124,1786574357.169670
10125,1786574357.237303
10126,1786574357.306009
10127,1786574357.370029
10128,1786574357.435834
10129,1786574357.505345
10130,1786574357.569426
10131,1786574357.636606
10132,1786574357.703212
10133,1786574357.770184
10134,1786574357.836762
10135,1786574357.903543
10136,1786574357.970110
10137,1786574358.036632
10138,1786574358.708078
10139,1786574359.064615
10140,1786574359.112752
10141,1786574359.171920
10142,1786574359.236983
10143,1786574359.305964
10144,1786574359.370778
10145,1786574359.437806
10146,1786574359.503748
10147,1786574359.571135
10148,1786574359.637679
10149,1786574359.704704
10150,1786574359.771666
10151,1786574359.846557
10152,1786574359.904234
10153,1786574359.971544
10154,1786574360.037906
10155,1786574360.104719
10156,1786574360.172512
10157,1786574360.239118
10158,1786574360.304322
10159,1786574360.372600
10160,1786574360.438030
10161,1786574360.505474
10162,1786574360.572115
10163,1786574360.638695
10164,1786574360.705053
10165,1786574360.772541
10166,1786574360.838714
10167,1786574360.907441
10168,1786574360.971907
10169,1786574361.042087
10170,1786574361.106198
10171,1786574361.172507
10172,1786574361.238821
10173,1786574361.305992
10174,1786574361.372306
10175,1786574361.439052
10176,1786574361.505505
10177,1786574361.579472
10178,1786574361.638677
10179,1786574361.707589
10180,1786574361.771995
10181,1786574361.839241
10182,1786574361.905973
10183,1786574361.972742
10184,1786574362.039745
10185,1786574362.106487
10186,1786574362.173233
10187,1786574362.239782
10188,1786574362.305796
10189,1786574362.373511
10190,1786574362.440105
10191,1786574362.506484
10192,1786574362.572906
10193,1786574362.642192
10194,1786574362.706786
10195,1786574362.773829
10196,1786574362.839857
10197,1786574362.907494
10198,1786574362.973751
10199,1786574363.049268
10200,1786574363.106374
10201,1786574363.174720
10202,1786574363.240140
10203,1786574363.307593
10204,1786574363.373184
10205,1786574363.441010
10206,1786574363.507228
10207,1786574363.603478
10208,1786574363.640475
10209,1786574363.707479
10210,1786574363.773544
10211,1786574363.842411
10212,1786574363.907321
10213,1786574363.974616
10214,1786574364.040517
10215,1786574364.108032
10216,1786574364.174215
10217,1786574364.241563
10218,1786574364.307914
10219,1786574364.374394
10220,1786574364.443298
10221,1786574364.507901
10222,1786574364.574301
10223,1786574364.641798
10224,1786574364.711838
10225,1786574364.775650
10226,1786574364.841618
10227,1786574364.908416
10228,1786574364.974356
10229,1786574365.042614
10230,1786574365.108864
10231,1786574365.181803
10232,1786574365.241187
10233,1786574365.308797
10234,1786574365.374698
10235,1786574365.443232
10236,1786574365.508445
10237,1786574365.579729
10238,1786574365.645646
10239,1786574365.708780
10240,1786574365.774858
10241,1786574365.842924
10242,1786574365.909290
10243,1786574365.976455
10244,1786574366.041806
10245,1786574366.109497
10246,1786574366.175090
10247,1786574366.242572
10248,1786574366.309722
10249,1786574366.376364
10250,1786574366.441920
10251,1786574366.510475
10252,1786574366.576575
10253,1786574366.642678
10254,1786574366.709146
10255,1786574366.776453
10256,1786574366.842685
10257,1786574366.909707
10258,1786574366.975609
10259,1786574367.043620
10260,1786574367.109141
10261,1786574367.177295
10262,1786574367.242857
10263,1786574367.309811
10264,1786574367.376077
10265,1786574367.443461
10266,1786574367.509693
10267,1786574367.577211
10268,1786574367.642982
10269,1786574367.711351
10270,1786574367.776829
10271,1786574367.847206
10272,1786574367.909661
10273,1786574367.976901
10274,1786574368.043656
10275,1786574368.110326
10276,1786574368.176897
10277,1786574368.244961
10278,1786574368.310354
10279,1786574368.377988
10280,1786574368.445577
10281,1786574368.511016
10282,1786574368.577346
10283,1786574368.644340
10284,1786574368.710274
10285,1786574368.778442
10286,1786574368.844194
10287,1786574368.916382
10288,1786574368.977009
10289,1786574369.045297
10290,1786574369.111709
10291,1786574369.178564
10292,1786574369.243834
10293,1786574369.312385
10294,1786574369.378502
10295,1786574369.449147
10296,1786574369.510619
10297,1786574369.578255
10298,1786574369.644239
10299,1786574369.712466
10300,1786574369.777607
10301,1786574369.845706
10302,1786574369.911705
10303,1786574369.979059
10304,1786574370.044784
10305,1786574370.111807
10306,1786574370.178382
10307,1786574370.246051
10308,1786574370.312774
10309,1786574370.379766
10310,1786574370.445726
10311,1786574370.514728
10312,1786574370.578737
10313,1786574370.649555
10314,1786574370.712788
10315,1786574370.779079
10316,1786574370.845526
10317,1786574370.912883
10318,1786574370.979265
10319,1786574371.055426
10320,1786574371.112152
10321,1786574371.179539
10322,1786574371.246442
10323,1786574371.312680
10324,1786574371.378689
10325,1786574371.446263
10326,1786574371.513534
10327,1786574371.579813
10328,1786574371.646175
10329,1786574371.714005
10330,1786574371.780052
10331,1786574371.883895
10332,1786574371.941650
10333,1786574371.997164
10334,1786574372.046337
10335,1786574372.115057
10336,1786574372.180592
10337,1786574372.247723
10338,1786574372.313011
10339,1786574372.381764
10340,1786574372.446393
10341,1786574372.515207
10342,1786574372.580312
10343,1786574372.647661
10344,1786574372.713629
10345,1786574372.780713
10346,1786574372.846303
10347,1786574372.914111
10348,1786574372.983687
10349,1786574373.082426
10350,1786574373.149409
10351,1786574373.194706
10352,1786574373.246834
10353,1786574373.314874
10354,1786574373.380363
10355,1786574373.448169
10356,1786574373.513910
10357,1786574373.581197
10358,1786574373.647192
10359,1786574373.714131
10360,1786574373.782011
10361,1786574373.847713
10362,1786574373.914295
10363,1786574373.981853
10364,1786574374.047619
10365,1786574374.115072
10366,1786574374.181002
10367,1786574374.253027
10368,1786574374.314176
10369,1786574374.381628
10370,1786574374.448103
10371,1786574374.516896
10372,1786574374.584428
10373,1786574374.648344
10374,1786574374.716613
10375,1786574374.825419
10376,1786574374.896504
10377,1786574374.942081
10378,1786574374.982298
10379,1786574375.049319
10380,1786574375.116862
10381,1786574375.182864
10382,1786574375.248164
10383,1786574375.315795
10384,1786574375.381587
10385,1786574375.448894
10386,1786574375.514841
10387,1786574375.583810
10388,1786574375.679827
10389,1786574375.716752
10390,1786574375.781557
10391,1786574375.848746
10392,1786574375.915206
10393,1786574375.983909
10394,1786574376.048558
10395,1786574376.115933
10396,1786574376.182088
10397,1786574376.249424
10398,1786574376.315373
10399,1786574376.382780
10400,1786574376.448698
10401,1786574376.516078
10402,1786574376.582425
10403,1786574376.650110
10404,1786574376.716164
10405,1786574376.783201
10406,1786574376.849404
10407,1786574376.916570
10408,1786574376.982647
10409,1786574377.049824
10410,1786574377.116206
10411,1786574377.183514
10412,1786574377.249297
10413,1786574377.316515
10414,1786574377.383089
10415,1786574377.449713
10416,1786574377.516508
10417,1786574377.583748
10418,1786574377.650052
10419,1786574377.717197
10420,1786574377.783244
10421,1786574377.850550
10422,1786574377.916854
10423,1786574377.983841
10424,1786574378.050389
10425,1786574378.117168
10426,1786574378.183265
10427,1786574378.250614
10428,1786574378.317000
10429,1786574378.385373
10430,1786574378.499385
10431,1786574378.575363
10432,1786574378.612370
10433,1786574378.654106
10434,1786574378.717750
10435,1786574378.784544
10436,1786574378.850659
10437,1786574378.918108
10438,1786574378.984096
10439,1786574379.079686
10440,1786574379.213077
10441,1786574379.263701
10442,1786574379.318114
10443,1786574379.385043
10444,1786574379.452367
10445,1786574379.521267
10446,1786574379.584781
10447,1786574379.652093
10448,1786574379.718589
10449,1786574379.786931
10450,1786574379.852198
10451,1786574379.918579
10452,1786574379.999619
10453,1786574380.069234
10454,1786574380.133653
10455,1786574380.229449
10456,1786574380.274237
10457,1786574380.319673
10458,1786574380.384846
10459,1786574380.451909
10460,1786574380.518358
10461,1786574380.585331
10462,1786574380.652634
10463,1786574380.728428
10464,1786574380.785986
10465,1786574380.852739
10466,1786574380.919373
10467,1786574380.985734
10468,1786574381.051912
10469,1786574381.119720
10470,1786574381.185312
10471,1786574381.252495
10472,1786574381.319327
10473,1786574381.385782
10474,1786574381.452414
10475,1786574381.519254
10476,1786574381.585691
10477,1786574381.653031
10478,1786574381.718905
10479,1786574381.786047
10480,1786574381.854348
10481,1786574381.920604
10482,1786574381.986251
10483,1786574382.053642
10484,1786574382.121185
10485,1786574382.188281
10486,1786574382.253272
10487,1786574382.320426
10488,1786574382.386233
10489,1786574382.454095
10490,1786574382.520388
10491,1786574382.587900
10492,1786574382.652997
10493,1786574382.720437
10494,1786574382.787205
10495,1786574382.854666
10496,1786574382.919987
10497,1786574382.987270
10498,1786574383.053780
10499,1786574383.122984
10500,1786574383.186721
10501,1786574383.254815
10502,1786574383.320544
10503,1786574383.387429
10504,1786574383.453592
10505,1786574383.520876
10506,1786574383.587331
10507,1786574383.655228
10508,1786574383.721060
10509,1786574383.787875
10510,1786574383.855392
10511,1786574384.738956
10512,1786574384.815793
10513,1786574384.865350
10514,1786574384.921661
10515,1786574384.988474
10516,1786574385.054826
10517,1786574385.122345
10518,1786574385.194714
10519,1786574385.255286
10520,1786574385.322327
10521,1786574385.388942
10522,1786574385.454534
10523,1786574385.522312
10524,1786574385.590454
10525,1786574385.656827
10526,1786574385.722797
10527,1786574385.789485
10528,1786574385.855344
10529,1786574385.924009
10530,1786574385.990439
10531,1786574386.055693
10532,1786574386.122209
10533,1786574386.191133
10534,1786574386.255795
10535,1786574386.322558
10536,1786574386.390677
10537,1786574386.456125
10538,1786574386.522521
10539,1786574386.590111
10540,1786574386.655675
10541,1786574386.723794
10542,1786574386.790560
10543,1786574386.856919
10544,1786574386.923008
10545,1786574386.990781
10546,1786574387.056456
10547,1786574387.123917
10548,1786574387.192979
10549,1786574387.257308
10550,1786574387.322871
10551,1786574387.390338
10552,1786574387.456218
10553,1786574387.523445
10554,1786574387.589721
10555,1786574387.658525
10556,1786574387.724578
10557,1786574387.790846
10558,1786574387.856544
10559,1786574387.923966
10560,1786574387.991012
10561,1786574388.057295
10562,1786574388.124462
10563,1786574388.191336
10564,1786574388.257084
10565,1786574388.324445
10566,1786574388.390472
10567,1786574388.459121
10568,1786574388.526022
10569,1786574388.591798
10570,1786574388.657427
10571,1786574388.724118
10572,1786574388.792131
10573,1786574388.858565
10574,1786574388.924101
10575,1786574388.991690
10576,1786574389.058002
10577,1786574389.124810
10578,1786574389.191300
10579,1786574389.258074
10580,1786574389.325032
10581,1786574389.391440
10582,1786574389.457566
10583,1786574389.524878
10584,1786574389.591536
10585,1786574389.658419
10586,1786574389.724518
10587,1786574389.791601
10588,1786574389.858517
10589,1786574389.925534
10590,1786574389.991606
10591,1786574390.059104
10592,1786574390.130583
10593,1786574390.192075
10594,1786574390.258005
10595,1786574390.325240
10596,1786574390.391502
10597,1786574390.458906
10598,1786574390.525544
10599,1786574390.592660
10600,1786574390.658476
10601,1786574390.734351
10602,1786574390.791654
10603,1786574390.859559
10604,1786574390.926864
10605,1786574390.992761
10606,1786574391.058919
10607,1786574391.126315
10608,1786574391.192371
10609,1786574391.260133
10610,1786574391.325812
10611,1786574391.392850
10612,1786574391.459565
10613,1786574391.526783
10614,1786574391.592514
10615,1786574391.659663
10616,1786574391.726586
10617,1786574391.793749
10618,1786574391.859187
10619,1786574391.926501
10620,1786574391.993389
10621,1786574392.060508
10622,1786574392.126081
10623,1786574392.193409
10624,1786574392.259471
10625,1786574392.328423
10626,1786574392.394047
10627,1786574392.462390
10628,1786574392.526436
10629,1786574392.594336
10630,1786574392.661633
10631,1786574392.727238
10632,1786574392.793660
10633,1786574392.860534
10634,1786574392.926218
10635,1786574392.994478
10636,1786574393.059684
10637,1786574393.127699
10638,1786574393.193119
10639,1786574393.260586
10640,1786574393.327240
10641,1786574393.394000
10642,1786574393.461395
10643,1786574393.527492
10644,1786574393.594324
10645,1786574393.661810
10646,1786574393.727844
10647,1786574393.794693
10648,1786574393.869313
10649,1786574393.928714
10650,1786574393.994077
10651,1786574394.061713
10652,1786574394.127408
10653,1786574394.195059
10654,1786574394.261904
10655,1786574394.327712
10656,1786574394.393997
10657,1786574394.461241
10658,1786574394.528616
10659,1786574394.595071
10660,1786574394.660920
10661,1786574394.728432
10662,1786574394.794399
10663,1786574394.861274
10664,1786574394.930830
10665,1786574394.996707
10666,1786574395.061890
10667,1786574395.128466
10668,1786574395.196163
10669,1786574395.262291
10670,1786574395.328338
10671,1786574395.395607
10672,1786574395.472471
10673,1786574395.534336
10674,1786574395.603401
10675,1786574395.661677
10676,1786574395.728938
10677,1786574395.795089
10678,1786574395.863091
10679,1786574395.928668
10680,1786574396.008483
10681,1786574396.064525
10682,1786574396.130347
10683,1786574396.196257
10684,1786574396.263526
10685,1786574396.329559
10686,1786574396.396742
10687,1786574396.463295
10688,1786574396.539319
10689,1786574396.596100
10690,1786574396.663318
10691,1786574396.729288
10692,1786574396.797066
10693,1786574396.863432
10694,1786574396.929490
10695,1786574396.997659
10696,1786574397.101227
10697,1786574397.162894
10698,1786574397.222277
10699,1786574397.269181
10700,1786574397.330812
10701,1786574397.397130
10702,1786574397.466554
10703,1786574397.529721
10704,1786574397.604243
10705,1786574397.673752
10706,1786574397.730247
10707,1786574397.796404
10708,1786574397.863657
10709,1786574397.930324
10710,1786574397.996622
10711,1786574398.063445
10712,1786574398.131912
10713,1786574398.197143
10714,1786574398.263774
10715,1786574398.330057
10716,1786574398.398874
10717,1786574398.465625
10718,1786574398.531137
10719,1786574398.597246
10720,1786574398.670885
10721,1786574398.730627
10722,1786574398.799152
10723,1786574398.863979
10724,1786574398.931845
10725,1786574398.998187
10726,1786574399.065345
10727,1786574399.131148
10728,1786574399.201812
10729,1786574399.264230
10730,1786574399.331902
10731,1786574399.397604
10732,1786574399.465362
10733,1786574399.538330
10734,1786574399.601005
10735,1786574399.664475
10736,1786574399.740003
10737,1786574399.797670
10738,1786574399.865896
10739,1786574399.931316
10740,1786574399.998185
10741,1786574400.065200
10742,1786574400.131555
10743,1786574400.197893
10744,1786574400.265300
10745,1786574400.331078
10746,1786574400.398611
10747,1786574400.464671
10748,1786574400.532182
10749,1786574400.598423
10750,1786574400.666016
10751,1786574400.731843
10752,1786574400.799192
10753,1786574400.864921
10754,1786574400.932389
10755,1786574400.998897
10756,1786574401.065890
10757,1786574401.131971
10758,1786574401.199370
10759,1786574401.265680
10760,1786574401.332769
10761,1786574401.398494
10762,1786574401.465783
10763,1786574401.532266
10764,1786574401.600290
10765,1786574401.665876
10766,1786574401.733225
10767,1786574401.798975
10768,1786574401.868663
10769,1786574401.932352
10770,1786574401.999299
10771,1786574402.065567
10772,1786574402.132898
10773,1786574402.199175
10774,1786574402.266346
10775,1786574402.332746
10776,1786574402.399832
10777,1786574402.465929
10778,1786574402.533432
10779,1786574402.600842
10780,1786574402.667506
10781,1786574402.733469
10782,1786574402.800389
10783,1786574402.866603
10784,1786574402.943075
10785,1786574403.000139
10786,1786574403.067024
10787,1786574403.133342
10788,1786574403.200731
10789,1786574403.267146
10790,1786574403.334213
10791,1786574403.400410
10792,1786574403.471539
10793,1786574403.533626
10794,1786574403.601069
10795,1786574403.667032
10796,1786574403.734447
10797,1786574403.800472
10798,1786574403.868062
10799,1786574403.934008
10800,1786574404.002598
10801,1786574404.066562
10802,1786574404.133839
10803,1786574404.200132
10804,1786574404.267907
10805,1786574404.334298
10806,1786574404.401047
10807,1786574404.469483
10808,1786574404.552887
10809,1786574404.609117
10810,1786574404.669562
10811,1786574404.734423
10812,1786574404.802979
10813,1786574404.868721
10814,1786574404.935767
10815,1786574405.001434
10816,1786574405.074522
10817,1786574405.134495
10818,1786574405.201906
10819,1786574405.268407
10820,1786574405.335518
10821,1786574405.401855
10822,1786574405.468168
10823,1786574405.535724
10824,1786574405.613818
10825,1786574405.669635
10826,1786574405.734427
10827,1786574405.801764
10828,1786574405.869388
10829,1786574405.935607
10830,1786574406.002308
10831,1786574406.069403
10832,1786574406.141146
10833,1786574406.202070
10834,1786574406.269177
10835,1786574406.335834
10836,1786574406.403277
10837,1786574406.469208
10838,1786574406.535876
10839,1786574406.602756
10840,1786574406.673242
10841,1786574406.736415
10842,1786574406.802297
10843,1786574406.870077
10844,1786574406.936150
10845,1786574407.007245
10846,1786574407.070653
10847,1786574407.136758
10848,1786574407.205862
10849,1786574407.269856
10850,1786574407.336093
10851,1786574407.403242
10852,1786574407.469409
10853,1786574407.536872
10854,1786574407.603192
10855,1786574407.670660
10856,1786574407.748760
10857,1786574407.804929
10858,1786574407.869501
10859,1786574407.937234
10860,1786574408.004011
10861,1786574408.070782
10862,1786574408.136670
10863,1786574408.204111
10864,1786574408.275076
10865,1786574408.337107
10866,1786574408.403532
10867,1786574408.470465
10868,1786574408.536522
10869,1786574408.604878
10870,1786574408.670419
10871,1786574408.737880
10872,1786574408.806320
10873,1786574408.870692
10874,1786574408.936935
10875,1786574409.004473
10876,1786574409.070484
10877,1786574409.137854
10878,1786574409.203931
10879,1786574409.271122
10880,1786574409.347469
10881,1786574409.406843
10882,1786574409.471838
10883,1786574409.537897
10884,1786574409.604311
10885,1786574409.672820
10886,1786574409.744363
10887,1786574409.805207
10888,1786574409.874994
10889,1786574409.937741
10890,1786574410.004514
10891,1786574410.072084
10892,1786574410.138401
10893,1786574410.204924
10894,1786574410.271609
10895,1786574410.338742
10896,1786574410.415842
10897,1786574410.471714
10898,1786574410.538317
10899,1786574410.605592
10900,1786574410.672521
10901,1786574410.738507
10902,1786574410.805293
10903,1786574410.872305
10904,1786574410.939640
10905,1786574411.005765
10906,1786574411.071791
10907,1786574411.139530
10908,1786574411.205663
10909,1786574411.273175
10910,1786574411.338711
10911,1786574411.406371
10912,1786574411.477258
10913,1786574411.539829
10914,1786574411.605750
10915,1786574411.673884
10916,1786574411.739124
10917,1786574411.806324
10918,1786574411.872732
10919,1786574411.944149
10920,1786574412.024848
10921,1786574412.079831
10922,1786574412.138987
10923,1786574412.206680
10924,1786574412.272987
10925,1786574412.340216
10926,1786574412.405814
10927,1786574412.473286
10928,1786574412.546201
10929,1786574412.606574
10930,1786574412.672729
10931,1786574412.740313
10932,1786574412.806043
10933,1786574412.873511
10934,1786574412.939553
10935,1786574413.008776
10936,1786574413.093353
10937,1786574413.142584
10938,1786574413.206486
10939,1786574413.273582
10940,1786574413.340132
10941,1786574413.408510
10942,1786574413.473191
10943,1786574413.540848
10944,1786574413.622476
10945,1786574413.675165
10946,1786574413.740746
10947,1786574413.808657
10948,1786574413.873693
10949,1786574413.941139
10950,1786574414.007737
10951,1786574414.075562
10952,1786574414.162496
10953,1786574414.208784
10954,1786574414.273760
10955,1786574414.341183
10956,1786574414.407109
10957,1786574414.474889
10958,1786574414.541876
10959,1786574415.444552
10960,1786574415.848056
10961,1786574415.896765
10962,1786574415.945547
10963,1786574416.016907
10964,1786574416.075506
10965,1786574416.142320
10966,1786574416.214359
10967,1786574416.276108
10968,1786574416.341752
10969,1786574416.408827
10970,1786574416.475160
10971,1786574416.542269
10972,1786574416.608744
10973,1786574416.675847
10974,1786574416.742957
10975,1786574416.809577
10976,1786574416.875823
10977,1786574416.943271
10978,1786574417.009107
10979,1786574417.083131
10980,1786574417.142155
10981,1786574417.209874
10982,1786574417.275702
10983,1786574417.343079
10984,1786574417.409649
10985,1786574417.478516
10986,1786574417.543448
10987,1786574417.610292
10988,1786574417.676257
10989,1786574417.743319
10990,1786574417.809722
10991,1786574417.876909
10992,1786574417.943596
10993,1786574418.010350
10994,1786574418.075838
10995,1786574418.143358
10996,1786574418.209640
10997,1786574418.276345
10998,1786574418.344514
10999,1786574418.412632
11000,1786574418.478513
11001,1786574418.544538
11002,1786574418.610933
11003,1786574418.700550
11004,1786574418.759828
11005,1786574418.816476
11006,1786574418.878055
11007,1786574418.944377
11008,1786574419.010888
11009,1786574419.078237
11010,1786574419.143867
11011,1786574419.212927
11012,1786574419.277208
11013,1786574419.344675
11014,1786574419.410460
11015,1786574419.477459
11016,1786574419.543506
11017,1786574419.611124
11018,1786574419.677094
11019,1786574419.744266
11020,1786574419.843683
11021,1786574419.895194
11022,1786574419.944210
11023,1786574420.011780
11024,1786574420.077342
11025,1786574420.145334
11026,1786574420.211482
11027,1786574420.278312
11028,1786574420.344660
11029,1786574420.411442
11030,1786574420.478093
11031,1786574420.545348
11032,1786574420.611321
11033,1786574420.678601
11034,1786574420.744732
11035,1786574420.811726
11036,1786574420.878081
11037,1786574420.945646
11038,1786574421.011532
11039,1786574421.079066
11040,1786574421.145132
11041,1786574421.212283
11042,1786574421.278425
11043,1786574421.347186
11044,1786574421.411830
11045,1786574421.479241
11046,1786574421.545232
11047,1786574421.612875
11048,1786574421.681521
11049,1786574421.746459
11050,1786574421.811849
11051,1786574421.879054
11052,1786574421.945348
11053,1786574422.012345
11054,1786574422.079093
11055,1786574422.145468
11056,1786574422.218219
11057,1786574422.279479
11058,1786574422.345753
11059,1786574422.415630
11060,1786574422.478873
11061,1786574422.546322
11062,1786574422.612280
11063,1786574422.680616
11064,1786574422.746058
11065,1786574422.813409
11066,1786574422.879085
11067,1786574422.946442
11068,1786574423.013907
11069,1786574423.081112
11070,1786574423.146904
11071,1786574423.213729
11072,1786574423.281086
11073,1786574423.346479
11074,1786574423.413521
11075,1786574423.483169
11076,1786574423.546746
11077,1786574423.625783
11078,1786574423.680772
11079,1786574423.747832
11080,1786574423.813695
11081,1786574423.880664
11082,1786574423.946772
11083,1786574424.019002
11084,1786574424.080471
11085,1786574424.148278
11086,1786574424.213593
11087,1786574424.281259
11088,1786574424.346999
11089,1786574424.415233
11090,1786574424.481206
11091,1786574424.550808
11092,1786574424.615288
11093,1786574424.682478
11094,1786574424.747516
11095,1786574424.814968
11096,1786574424.881774
11097,1786574424.948367
11098,1786574425.015195
11099,1786574425.102976
11100,1786574425.155443
11101,1786574425.216770
11102,1786574425.281703
11103,1786574425.348594
11104,1786574425.414532
11105,1786574425.481847
11106,1786574425.548598
11107,1786574425.622876
11108,1786574425.681823
11109,1786574425.748677
11110,1786574425.815049
11111,1786574425.882312
11112,1786574425.949070
11113,1786574426.015342
11114,1786574426.081655
11115,1786574426.150228
11116,1786574426.215720
11117,1786574426.282276
11118,1786574426.348208
11119,1786574426.416380
11120,1786574426.481868
11121,1786574426.549802
11122,1786574426.615846
11123,1786574426.684579
11124,1786574426.748331
11125,1786574426.815769
11126,1786574426.882760
11127,1786574426.950760
11128,1786574427.016007
11129,1786574427.082390
11130,1786574427.148702
11131,1786574427.219345
11132,1786574427.282331
11133,1786574427.349840
11134,1786574427.415958
11135,1786574427.483639
11136,1786574427.552629
11137,1786574427.616666
11138,1786574427.682993
11139,1786574427.749756
11140,1786574427.817019
11141,1786574427.883103
11142,1786574427.949644
11143,1786574428.016656
11144,1786574428.083067
11145,1786574428.152453
11146,1786574428.216255
11147,1786574428.283735
11148,1786574428.351903
11149,1786574428.420057
11150,1786574428.484340
11151,1786574428.550678
11152,1786574428.616331
11153,1786574428.683820
11154,1786574428.750235
11155,1786574428.818044
11156,1786574428.883828
11157,1786574428.950656
11158,1786574429.017102
11159,1786574429.083683
11160,1786574429.155592
11161,1786574429.217126
11162,1786574429.283644
11163,1786574429.351834
11164,1786574429.417167
11165,1786574429.484069
11166,1786574429.550578
11167,1786574429.617853
11168,1786574429.683591
11169,1786574429.750749
11170,1786574429.817406
11171,1786574429.885211
11172,1786574429.951394
11173,1786574430.018145
11174,1786574430.087274
11175,1786574430.150748
11176,1786574430.218622
11177,1786574430.284641
11178,1786574430.351564
11179,1786574430.428652
11180,1786574430.484597
11181,1786574430.552193
11182,1786574430.619137
11183,1786574430.684870
11184,1786574430.754668
11185,1786574430.823575
11186,1786574430.884779
11187,1786574430.955718
11188,1786574431.017844
11189,1786574431.084829
11190,1786574431.151314
11191,1786574431.218540
11192,1786574431.286126
11193,1786574431.351874
11194,1786574431.418437
11195,1786574431.494919
11196,1786574431.552291
11197,1786574431.619522
11198,1786574431.685874
11199,1786574431.755717
11200,1786574431.819207
11201,1786574431.887792
11202,1786574431.960237
11203,1786574432.038844
11204,1786574432.092820
11205,1786574432.153149
11206,1786574432.218696
11207,1786574432.286659
11208,1786574432.352182
11209,1786574432.419370
11210,1786574432.485507
11211,1786574432.553135
11212,1786574432.619274
11213,1786574432.686201
11214,1786574432.753082
11215,1786574432.819599
11216,1786574432.886096
11217,1786574432.953551
11218,1786574433.019253
11219,1786574433.090368
11220,1786574433.154608
11221,1786574433.219427
11222,1786574433.286267
11223,1786574433.354130
11224,1786574433.419549
11225,1786574433.486661
11226,1786574433.553105
11227,1786574433.620065
11228,1786574433.686046
11229,1786574433.753780
11230,1786574433.820159
11231,1786574433.887723
11232,1786574433.954000
11233,1786574434.020530
11234,1786574434.086788
11235,1786574434.157771
11236,1786574434.220369
11237,1786574434.286889
11238,1786574434.353661
11239,1786574434.420775
11240,1786574434.486757
11241,1786574434.554161
11242,1786574434.620438
11243,1786574434.692211
11244,1786574434.754497
11245,1786574434.820753
11246,1786574434.887396
11247,1786574434.959492
11248,1786574435.021252
11249,1786574435.087686
11250,1786574435.154597
11251,1786574435.226014
11252,1786574435.290746
11253,1786574435.354853
11254,1786574435.421442
11255,1786574435.489117
11256,1786574435.554507
11257,1786574435.622473
11258,1786574435.687799
11259,1786574435.755690
11260,1786574435.821812
11261,1786574435.889021
11262,1786574435.955611
11263,1786574436.021755
11264,1786574436.090014
11265,1786574436.155792
11266,1786574436.221618
11267,1786574436.296007
11268,1786574436.355191
11269,1786574436.421896
11270,1786574436.488098
11271,1786574436.556121
11272,1786574436.621977
11273,1786574436.689365
11274,1786574436.755334
11275,1786574436.829801
11276,1786574436.893585
11277,1786574436.958905
11278,1786574437.022502
11279,1786574437.089785
11280,1786574437.155397
11281,1786574437.222742
11282,1786574437.288759
11283,1786574437.361276
11284,1786574437.422817
11285,1786574437.490058
11286,1786574437.555352
11287,1786574437.622979
11288,1786574437.689284
11289,1786574437.757179
11290,1786574437.822828
11291,1786574437.890391
11292,1786574437.956011
11293,1786574438.023902
11294,1786574438.089830
11295,1786574438.159018
11296,1786574438.223148
11297,1786574438.290127
11298,1786574438.356255
11299,1786574438.424650
11300,1786574438.489333
11301,1786574438.556584
11302,1786574438.625862
11303,1786574438.690836
11304,1786574438.756505
11305,1786574438.824311
11306,1786574438.889616
11307,1786574438.966454
11308,1786574439.025759
11309,1786574439.091369
11310,1786574439.157873
11311,1786574439.225479
11312,1786574439.290689
11313,1786574439.357151
11314,1786574439.424273
11315,1786574439.493358
11316,1786574439.561186
11317,1786574439.626159
11318,1786574439.689775
11319,1786574439.757504
11320,1786574439.823330
11321,1786574439.890725
11322,1786574439.957139
11323,1786574440.030803
11324,1786574440.090659
11325,1786574440.157540
11326,1786574440.224501
11327,1786574440.290825
11328,1786574440.356914
11329,1786574440.425038
11330,1786574440.490587
11331,1786574440.562198
11332,1786574440.624888
11333,1786574440.691498
11334,1786574440.757961
11335,1786574440.824655
11336,1786574440.891195
11337,1786574440.958453
11338,1786574441.025038
11339,1786574441.098582
11340,1786574441.158489
11341,1786574441.225662
11342,1786574441.291065
11343,1786574441.358933
11344,1786574441.424567
11345,1786574441.492357
11346,1786574441.559360
11347,1786574441.635991
11348,1786574441.691615
11349,1786574441.758753
11350,1786574441.824713
11351,1786574441.892837
11352,1786574441.961068
11353,1786574442.028513
11354,1786574442.093302
11355,1786574442.184150
11356,1786574442.246210
11357,1786574442.298282
11358,1786574442.358228
11359,1786574442.425658
11360,1786574442.492349
11361,1786574442.558778
11362,1786574442.625461
11363,1786574442.692384
11364,1786574442.760128
11365,1786574442.825786
11366,1786574442.892887
11367,1786574442.959021
11368,1786574443.026292
11369,1786574443.092749
11370,1786574443.161009
11371,1786574443.237860
11372,1786574443.293730
11373,1786574443.359723
11374,1786574443.425881
11375,1786574443.492881
11376,1786574443.559325
11377,1786574443.626748
11378,1786574443.693215
11379,1786574443.763546
11380,1786574443.826576
11381,1786574443.893574
11382,1786574443.959249
11383,1786574444.027080
11384,1786574444.093159
11385,1786574444.159775
11386,1786574444.228382
11387,1786574444.302221
11388,1786574444.359807
11389,1786574444.426448
11390,1786574444.493166
11391,1786574444.561048
11392,1786574444.626389
11393,1786574444.694561
11394,1786574444.760056
11395,1786574444.830446
11396,1786574444.892926
11397,1786574444.960543
11398,1786574445.026350
11399,1786574445.094121
11400,1786574445.160202
11401,1786574445.228287
11402,1786574445.293412
11403,1786574445.360616
11404,1786574446.084188
11405,1786574446.515087
11406,1786574446.566516
11407,1786574446.629901
11408,1786574446.708640
11409,1786574446.763154
11410,1786574446.827771
11411,1786574446.897043
11412,1786574446.961829
11413,1786574447.029125
11414,1786574447.095821
11415,1786574447.162994
11416,1786574447.228719
11417,1786574447.296364
11418,1786574447.362333
11419,1786574447.429954
11420,1786574447.495404
11421,1786574447.562319
11422,1786574447.628938
11423,1786574447.696480
11424,1786574447.768150
11425,1786574447.831212
11426,1786574447.895723
11427,1786574447.963042
11428,1786574448.029810
11429,1786574448.095264
11430,1786574448.162535
11431,1786574448.229453
11432,1786574448.295526
11433,1786574448.362115
11434,1786574448.429103
11435,1786574448.496132
11436,1786574448.562135
11437,1786574448.629753
11438,1786574448.696123
11439,1786574448.762801
11440,1786574448.830967
11441,1786574448.896346
11442,1786574448.962382
11443,1786574449.029662
11444,1786574449.096256
11445,1786574449.162760
11446,1786574449.229240
11447,1786574449.296733
11448,1786574449.363282
11449,1786574449.429823
11450,1786574449.495902
11451,1786574449.564390
11452,1786574449.630538
11453,1786574449.698032
11454,1786574449.764118
11455,1786574449.831014
11456,1786574449.904267
11457,1786574449.964009
11458,1786574450.030092
11459,1786574450.097378
11460,1786574450.246894
11461,1786574450.296833
11462,1786574450.363229
11463,1786574450.431410
11464,1786574450.496731
11465,1786574450.563826
11466,1786574450.630683
11467,1786574450.698391
11468,1786574450.765373
11469,1786574450.831593
11470,1786574450.897624
11471,1786574450.981014
11472,1786574451.039416
11473,1786574451.098346
11474,1786574451.165317
11475,1786574451.232152
11476,1786574451.297201
11477,1786574451.366339
11478,1786574451.431456
11479,1786574451.516609
11480,1786574451.570964
11481,1786574451.631809
11482,1786574451.699635
11483,1786574451.765471
11484,1786574451.832689
11485,1786574451.898577
11486,1786574451.967730
11487,1786574452.043662
11488,1786574452.098591
11489,1786574452.165360
11490,1786574452.231663
11491,1786574452.298194
11492,1786574452.372726
11493,1786574452.432734
11494,1786574452.498601
11495,1786574452.565408
11496,1786574452.631048
11497,1786574452.698434
11498,1786574452.765689
11499,1786574452.832217
11500,1786574452.898657
11501,1786574452.965396
11502,1786574453.031641
11503,1786574453.099142
11504,1786574453.164742
11505,1786574453.232367
11506,1786574453.298196
11507,1786574453.367661
11508,1786574453.433148
11509,1786574453.500503
11510,1786574453.566164
11511,1786574453.634336
11512,1786574453.699259
11513,1786574453.766715
11514,1786574453.833142
11515,1786574453.900468
11516,1786574453.965666
11517,1786574454.033425
11518,1786574454.101229
11519,1786574454.169667
11520,1786574454.233255
11521,1786574454.301804
11522,1786574454.366333
11523,1786574454.433365
11524,1786574454.500207
11525,1786574454.567851
11526,1786574454.634807
11527,1786574454.711878
11528,1786574454.769066
11529,1786574454.835251
11530,1786574454.901284
11531,1786574454.967180
11532,1786574455.033178
11533,1786574455.104645
11534,1786574455.167490
11535,1786574455.244619
11536,1786574455.300047
11537,1786574455.367223
11538,1786574455.433131
11539,1786574455.500407
11540,1786574455.566655
11541,1786574455.634573
11542,1786574455.700485
11543,1786574455.774274
11544,1786574455.834307
11545,1786574455.900667
11546,1786574455.967027
11547,1786574456.034171
11548,1786574456.100625
11549,1786574456.167833
11550,1786574456.234254
11551,1786574456.306046
11552,1786574456.367122
11553,1786574456.434704
11554,1786574456.501859
11555,1786574456.570099
11556,1786574456.634161
11557,1786574456.701278
11558,1786574456.767543
11559,1786574456.834499
11560,1786574456.910592
11561,1786574456.967933
11562,1786574457.035116
11563,1786574457.103420
11564,1786574457.182583
11565,1786574457.235562
11566,1786574457.301492
11567,1786574457.369261
11568,1786574457.434660
11569,1786574457.502609
11570,1786574457.568853
11571,1786574457.636861
11572,1786574457.701717
11573,1786574457.768298
11574,1786574457.834980
11575,1786574457.901915
11576,1786574457.968241
11577,1786574458.035196
11578,1786574458.101192
11579,1786574458.169163
11580,1786574458.411589
11581,1786574458.473797
11582,1786574458.509785
11583,1786574458.568764
11584,1786574458.635027
11585,1786574458.702801
11586,1786574458.768392
11587,1786574458.835812
11588,1786574458.902256
11589,1786574458.970075
11590,1786574459.045612
11591,1786574459.103168
11592,1786574459.169291
11593,1786574459.235688
11594,1786574459.301715
11595,1786574459.370169
11596,1786574459.435463
11597,1786574459.502450
11598,1786574459.568958
11599,1786574459.639243
11600,1786574459.702197
11601,1786574459.769145
11602,1786574459.835509
11603,1786574459.902792
11604,1786574459.968736
11605,1786574460.037905
11606,1786574460.121087
11607,1786574460.169724
11608,1786574460.235841
11609,1786574460.302685
11610,1786574460.369838
11611,1786574460.436487
11612,1786574460.502650
11613,1786574460.569724
11614,1786574460.636621
11615,1786574460.703421
11616,1786574460.769768
11617,1786574460.836827
11618,1786574460.903052
11619,1786574460.970119
11620,1786574461.036442
11621,1786574461.103547
11622,1786574461.169847
11623,1786574461.237524
11624,1786574461.303214
11625,1786574461.370481
11626,1786574461.436852
11627,1786574461.504081
11628,1786574461.570424
11629,1786574461.637633
11630,1786574461.703626
11631,1786574461.771113
11632,1786574461.837398
11633,1786574461.904166
11634,1786574461.970501
11635,1786574462.037799
11636,1786574462.103847
11637,1786574462.171343
11638,1786574462.237496
11639,1786574462.304873
11640,1786574462.372031
11641,1786574462.439048
11642,1786574462.504714
11643,1786574462.572087
11644,1786574462.661230
11645,1786574462.720532
11646,1786574462.789253
11647,1786574462.841822
11648,1786574462.904800
11649,1786574462.972596
11650,1786574463.038187
11651,1786574463.105588
11652,1786574463.171564
11653,1786574463.238868
11654,1786574463.310586
11655,1786574463.372336
11656,1786574463.438711
11657,1786574463.505399
11658,1786574463.571754
11659,1786574463.638715
11660,1786574463.705341
11661,1786574463.772280
11662,1786574463.853281
11663,1786574463.906404
11664,1786574463.976603
11665,1786574464.039900
11666,1786574464.106270
11667,1786574464.172584
11668,1786574464.240223
11669,1786574464.307632
11670,1786574464.376156
11671,1786574464.439906
11672,1786574464.507052
11673,1786574464.573442
11674,1786574464.639738
11675,1786574464.707278
11676,1786574464.773499
11677,1786574464.841393
11678,1786574464.907303
11679,1786574464.974465
11680,1786574465.040735
11681,1786574465.107753
11682,1786574465.175112
11683,1786574465.241766
11684,1786574465.308623
11685,1786574465.375367
11686,1786574465.441110
11687,1786574465.508635
11688,1786574465.574716
11689,1786574465.641887
11690,1786574465.715925
11691,1786574465.776099
11692,1786574465.841911
11693,1786574465.909700
11694,1786574465.975195
11695,1786574466.042108
11696,1786574466.109938
11697,1786574466.175710
11698,1786574466.242221
11699,1786574466.309623
11700,1786574466.376202
11701,1786574466.443343
11702,1786574466.509651
11703,1786574466.576650
11704,1786574466.643411
11705,1786574466.711582
11706,1786574466.777163
11707,1786574466.845532
11708,1786574466.910428
11709,1786574466.978138
11710,1786574467.046154
11711,1786574467.111859
11712,1786574467.177717
11713,1786574467.248764
11714,1786574467.310651
11715,1786574467.381060
11716,1786574467.444339
11717,1786574467.512900
11718,1786574467.589885
11719,1786574467.646043
11720,1786574467.711437
11721,1786574467.778745
11722,1786574467.845206
11723,1786574467.912682
11724,1786574467.978659
11725,1786574468.046150
11726,1786574468.121693
11727,1786574468.180458
11728,1786574468.246374
11729,1786574468.314854
11730,1786574468.381447
11731,1786574468.446313
11732,1786574468.512635
11733,1786574468.581143
11734,1786574468.650596
11735,1786574468.713682
11736,1786574468.780342
11737,1786574468.847694
11738,1786574468.914176
11739,1786574468.980887
11740,1786574469.047470
11741,1786574469.114678
11742,1786574469.180879
11743,1786574469.247833
11744,1786574469.314806
11745,1786574469.381166
11746,1786574469.447531
11747,1786574469.515844
11748,1786574469.580879
11749,1786574469.648734
11750,1786574469.714718
11751,1786574469.782503
11752,1786574469.848627
11753,1786574469.916233
11754,1786574469.994209
11755,1786574470.049338
11756,1786574470.115511
11757,1786574470.182740
11758,1786574470.249681
11759,1786574470.317044
11760,1786574470.384212
11761,1786574470.467139
11762,1786574470.523483
11763,1786574470.585482
11764,1786574470.649161
11765,1786574470.717519
11766,1786574470.793892
11767,1786574470.852344
11768,1786574470.938464
11769,1786574470.991574
11770,1786574471.050425
11771,1786574471.124811
11772,1786574471.184969
11773,1786574471.252512
11774,1786574471.326682
11775,1786574471.384597
11776,1786574471.450724
11777,1786574471.517802
11778,1786574471.584689
11779,1786574471.651392
11780,1786574471.718321
11781,1786574471.786241
11782,1786574471.854021
11783,1786574471.920151
11784,1786574471.986007
11785,1786574472.052496
11786,1786574472.119426
11787,1786574472.186025
11788,1786574472.253381
11789,1786574472.320702
11790,1786574472.394477
11791,1786574472.453001
11792,1786574472.519841
11793,1786574472.590261
11794,1786574472.654091
11795,1786574472.721475
11796,1786574472.788147
11797,1786574472.856345
11798,1786574472.930747
11799,1786574472.990066
11800,1786574473.054542
11801,1786574473.121376
11802,1786574473.189267
11803,1786574473.255462
11804,1786574473.320314
11805,1786574473.388486
11806,1786574473.457273
11807,1786574473.522436
11808,1786574473.588429
11809,1786574473.656610
11810,1786574473.721599
11811,1786574473.789605
11812,1786574473.854664
11813,1786574473.924147
11814,1786574474.003621
11815,1786574474.063565
11816,1786574474.122014
11817,1786574474.192041
11818,1786574474.258275
11819,1786574474.322541
11820,1786574474.388697
11821,1786574474.455997
11822,1786574474.522533
11823,1786574474.590182
11824,1786574474.656783
11825,1786574474.723536
11826,1786574474.789814
11827,1786574474.856526
11828,1786574474.922670
11829,1786574474.990668
11830,1786574475.056470
11831,1786574475.123723
11832,1786574475.190388
11833,1786574475.257374
11834,1786574475.323516
11835,1786574475.394425
11836,1786574475.457633
11837,1786574475.524138
11838,1786574475.591381
11839,1786574475.659774
11840,1786574475.735674
11841,1786574475.792591
11842,1786574475.857415
11843,1786574475.925894
11844,1786574475.991719
11845,1786574476.058539
11846,1786574476.124788
11847,1786574476.191869
11848,1786574477.083544
11849,1786574477.141973
11850,1786574477.193527
11851,1786574477.261849
11852,1786574477.327566
11853,1786574477.400802
11854,1786574477.461553
11855,1786574477.528086
11856,1786574477.595562
11857,1786574477.661222
11858,1786574477.727503
11859,1786574477.795841
11860,1786574477.861009
11861,1786574477.928711
11862,1786574478.001185
11863,1786574478.063409
11864,1786574478.135895
11865,1786574478.196047
11866,1786574478.262045
11867,1786574478.329777
11868,1786574478.395443
11869,1786574478.462348
11870,1786574478.528211
11871,1786574478.596521
11872,1786574478.666621
11873,1786574478.729866
11874,1786574478.795608
11875,1786574478.862798
11876,1786574478.930030
11877,1786574478.996411
11878,1786574479.063197
11879,1786574479.129971
11880,1786574479.197268
11881,1786574479.265258
11882,1786574479.333785
11883,1786574479.403037
11884,1786574479.464121
11885,1786574479.531138
11886,1786574479.602619
11887,1786574479.663834
11888,1786574479.731619
11889,1786574479.798409
11890,1786574479.864196
11891,1786574479.931393
11892,1786574479.999185
11893,1786574480.065405
11894,1786574480.130846
11895,1786574480.198801
11896,1786574480.264430
11897,1786574480.333157
11898,1786574480.397789
11899,1786574480.465608
11900,1786574480.531905
11901,1786574480.599511
11902,1786574480.664643
11903,1786574480.734725
11904,1786574480.798746
11905,1786574480.866314
11906,1786574480.932729
11907,1786574480.999553
11908,1786574481.065834
11909,1786574481.132867
11910,1786574481.200769
11911,1786574481.267220
11912,1786574481.333156
11913,1786574481.399827
11914,1786574481.466674
11915,1786574481.533616
11916,1786574481.600156
11917,1786574481.669847
11918,1786574481.745431
11919,1786574481.801543
11920,1786574481.867536
11921,1786574481.937369
11922,1786574482.004130
11923,1786574482.069674
11924,1786574482.134906
11925,1786574482.200935
11926,1786574482.268571
11927,1786574482.335330
11928,1786574482.402112
11929,1786574482.473882
11930,1786574482.534771
11931,1786574482.602223
11932,1786574482.668570
11933,1786574482.737610
11934,1786574482.801290
11935,1786574482.869233
11936,1786574482.935325
11937,1786574483.002299
11938,1786574483.068316
11939,1786574483.136637
11940,1786574483.202218
11941,1786574483.269923
11942,1786574483.337323
11943,1786574483.403654
11944,1786574483.470398
11945,1786574483.544796
11946,1786574483.603401
11947,1786574483.670545
11948,1786574483.736685
11949,1786574483.802894
11950,1786574483.869162
11951,1786574483.936411
11952,1786574484.002902
11953,1786574484.070407
11954,1786574484.137395
11955,1786574484.205218
11956,1786574484.272625
11957,1786574484.339657
11958,1786574484.404252
11959,1786574484.471269
11960,1786574484.538805
11961,1786574484.605115
11962,1786574484.670681
11963,1786574484.739691
11964,1786574484.804822
11965,1786574484.872283
11966,1786574484.937826
11967,1786574485.005337
11968,1786574485.071206
11969,1786574485.140690
11970,1786574485.205082
11971,1786574485.278913
11972,1786574485.338722
11973,1786574485.407521
11974,1786574485.472878
11975,1786574485.539390
11976,1786574485.606178
11977,1786574485.673126
11978,1786574485.739293
11979,1786574485.806412
11980,1786574485.874031
11981,1786574485.941720
11982,1786574486.006534
11983,1786574486.074283
11984,1786574486.139814
11985,1786574486.207468
11986,1786574486.272830
11987,1786574486.340425
11988,1786574486.410858
11989,1786574486.477419
11990,1786574486.540015
11991,1786574486.607687
11992,1786574486.673749
11993,1786574486.741146
11994,1786574486.807744
11995,1786574486.874260
11996,1786574486.940618
11997,1786574487.008093
11998,1786574487.074365
11999,1786574487.141468
12000,1786574487.207596
12001,1786574487.275716
12002,1786574487.341332
12003,1786574487.408074
12004,1786574487.475582
12005,1786574487.541871
12006,1786574487.608865
12007,1786574487.676886
12008,1786574487.742570
12009,1786574487.818498
12010,1786574487.875374
12011,1786574487.943493
12012,1786574488.010262
12013,1786574488.077149
12014,1786574488.146176
12015,1786574488.209592
12016,1786574488.275698
12017,1786574488.342866
12018,1786574488.409280
12019,1786574488.477299
12020,1786574488.543847
12021,1786574488.612390
12022,1786574488.677836
12023,1786574488.744785
12024,1786574488.811166
12025,1786574488.879418
12026,1786574488.942998
12027,1786574489.010271
12028,1786574489.079211
12029,1786574489.146371
12030,1786574489.212225
12031,1786574489.278239
12032,1786574489.346054
12033,1786574489.425265
12034,1786574489.478070
12035,1786574489.547184
12036,1786574489.631348
12037,1786574489.682436
12038,1786574489.744202
12039,1786574489.812364
12040,1786574489.878623
12041,1786574489.957538
12042,1786574490.011254
12043,1786574490.100050
12044,1786574490.150703
12045,1786574490.212875
12046,1786574490.279326
12047,1786574490.346565
12048,1786574490.412895
12049,1786574490.493167
12050,1786574490.545651
12051,1786574490.613239
12052,1786574490.679450
12053,1786574490.746714
12054,1786574490.812731
12055,1786574490.879710
12056,1786574490.946356
12057,1786574491.015342
12058,1786574491.080864
12059,1786574491.146884
12060,1786574491.213418
12061,1786574491.301718
12062,1786574491.346803
12063,1786574491.414536
12064,1786574491.479794
12065,1786574491.549150
12066,1786574491.613833
12067,1786574491.681239
12068,1786574491.752646
12069,1786574491.814964
12070,1786574491.880865
12071,1786574491.948133
12072,1786574492.080436
12073,1786574492.155503
12074,1786574492.214751
12075,1786574492.283412
12076,1786574492.349526
12077,1786574492.418320
12078,1786574492.482886
12079,1786574492.552175
12080,1786574492.615162
12081,1786574492.682382
12082,1786574492.748819
12083,1786574492.816657
12084,1786574492.882924
12085,1786574492.951489
12086,1786574493.015048
12087,1786574493.083242
12088,1786574493.149864
12089,1786574493.223422
12090,1786574493.282805
12091,1786574493.349714
12092,1786574493.415574
12093,1786574493.484962
12094,1786574493.551716
12095,1786574493.620626
12096,1786574493.685124
12097,1786574493.753664
12098,1786574493.816391
12099,1786574493.883749
12100,1786574493.952643
12101,1786574494.017480
12102,1786574494.084379
12103,1786574494.152197
12104,1786574494.222307
12105,1786574494.295136
12106,1786574494.350695
12107,1786574494.419078
12108,1786574494.484638
12109,1786574494.551279
12110,1786574494.617592
12111,1786574494.685523
12112,1786574494.751507
12113,1786574494.818689
12114,1786574494.885814
12115,1786574494.951815
12116,1786574495.021586
12117,1786574495.085841
12118,1786574495.152718
12119,1786574495.219222
12120,1786574495.287929
12121,1786574495.371695
12122,1786574495.419195
12123,1786574495.485989
12124,1786574495.559287
12125,1786574495.619616
12126,1786574495.686787
12127,1786574495.753553
12128,1786574495.820578
12129,1786574495.894681
12130,1786574495.952629
12131,1786574496.020229
12132,1786574496.086791
12133,1786574496.153586
12134,1786574496.220300
12135,1786574496.287480
12136,1786574496.354144
12137,1786574496.425174
12138,1786574496.487413
12139,1786574496.554295
12140,1786574496.620808
12141,1786574496.688142
12142,1786574496.754320
12143,1786574496.822125
12144,1786574496.887812
12145,1786574496.976889
12146,1786574497.028737
12147,1786574497.089573
12148,1786574497.154785
12149,1786574497.221804
12150,1786574497.287760
12151,1786574497.355015
12152,1786574497.421884
12153,1786574497.497687
12154,1786574497.555054
12155,1786574497.622753
12156,1786574497.688184
12157,1786574497.756505
12158,1786574497.821616
12159,1786574497.889652
12160,1786574497.955156
12161,1786574498.023133
12162,1786574498.088617
12163,1786574498.156893
12164,1786574498.222504
12165,1786574498.295381
12166,1786574498.355530
12167,1786574498.423023
12168,1786574498.490109
12169,1786574498.556716
12170,1786574498.622820
12171,1786574498.690987
12172,1786574498.757097
12173,1786574498.823944
12174,1786574498.890414
12175,1786574498.957280
12176,1786574499.023085
12177,1786574499.091077
12178,1786574499.156849
12179,1786574499.224242
12180,1786574499.290148
12181,1786574499.358845
12182,1786574499.423875
12183,1786574499.491387
12184,1786574499.558007
12185,1786574499.650627
12186,1786574499.707670
12187,1786574499.759274
12188,1786574499.824752
12189,1786574499.892041
12190,1786574499.957632
12191,1786574500.029932
12192,1786574500.092260
12193,1786574500.178738
12194,1786574500.233658
12195,1786574500.292459
12196,1786574500.358250
12197,1786574500.425216
12198,1786574500.492150
12199,1786574500.560860
12200,1786574500.625364
12201,1786574500.695695
12202,1786574500.759465
12203,1786574500.826246
12204,1786574500.892228
12205,1786574500.960216
12206,1786574501.026450
12207,1786574501.092906
12208,1786574501.159470
12209,1786574501.226376
12210,1786574501.293271
12211,1786574501.360056
12212,1786574501.426329
12213,1786574501.493505
12214,1786574501.565624
12215,1786574501.628718
12216,1786574501.694928
12217,1786574501.775447
12218,1786574501.826825
12219,1786574501.895164
12220,1786574501.961678
12221,1786574502.044252
12222,1786574502.093591
12223,1786574502.164154
12224,1786574502.228083
12225,1786574502.295773
12226,1786574502.362619
12227,1786574502.427778
12228,1786574502.497715
12229,1786574502.561561
12230,1786574502.628096
12231,1786574502.694848
12232,1786574502.761362
12233,1786574502.830304
12234,1786574502.895124
12235,1786574502.963236
12236,1786574503.028172
12237,1786574503.095780
12238,1786574503.162439
12239,1786574503.230408
12240,1786574503.296228
12241,1786574503.379895
12242,1786574503.430217
12243,1786574503.496352
12244,1786574503.562797
12245,1786574503.646522
12246,1786574503.695798
12247,1786574503.763836
12248,1786574503.829337
12249,1786574503.896995
12250,1786574503.963189
12251,1786574504.030348
12252,1786574504.097769
12253,1786574504.164631
12254,1786574504.230381
12255,1786574504.297825
12256,1786574504.364615
12257,1786574504.433838
12258,1786574504.496794
12259,1786574504.565115
12260,1786574504.631107
12261,1786574504.697626
12262,1786574504.763906
12263,1786574504.831290
12264,1786574504.897405
12265,1786574504.965580
12266,1786574505.030839
12267,1786574505.098060
12268,1786574505.164018
12269,1786574505.232624
12270,1786574505.298271
12271,1786574505.366224
12272,1786574505.432692
12273,1786574505.502728
12274,1786574505.565401
12275,1786574505.632075
12276,1786574505.698728
12277,1786574505.766067
12278,1786574505.833357
12279,1786574505.899867
12280,1786574505.965778
12281,1786574506.033644
12282,1786574506.099147
12283,1786574506.166621
12284,1786574506.232715
12285,1786574506.299399
12286,1786574506.366059
12287,1786574506.436579
12288,1786574506.499604
12289,1786574506.566551
12290,1786574506.633885
12291,1786574506.700201
12292,1786574506.898820
12293,1786574506.942924
12294,1786574507.040202
12295,1786574507.111822
12296,1786574507.169544
12297,1786574507.234239
12298,1786574507.300579
12299,1786574507.369403
12300,1786574507.434045
12301,1786574507.502882
12302,1786574507.568546
12303,1786574507.637148
12304,1786574507.712094
12305,1786574507.774779
12306,1786574507.841186
12307,1786574507.914104
12308,1786574507.967474
12309,1786574508.034731
12310,1786574508.101441
12311,1786574508.170762
12312,1786574508.234790
12313,1786574508.301594
12314,1786574508.367997
12315,1786574508.435738
12316,1786574508.501598
12317,1786574508.569520
12318,1786574508.637552
12319,1786574508.707852
12320,1786574508.769888
12321,1786574508.836671
12322,1786574508.902503
12323,1786574508.970197
12324,1786574509.036860
12325,1786574509.102777
12326,1786574509.168921
12327,1786574509.236539
12328,1786574509.302722
12329,1786574509.369633
12330,1786574509.435639
12331,1786574509.503247
12332,1786574509.814278
12333,1786574509.877642
12334,1786574509.915803
12335,1786574509.970506
12336,1786574510.037280
12337,1786574510.104154
12338,1786574510.170540
12339,1786574510.238531
12340,1786574510.304758
12341,1786574510.372142
12342,1786574510.448694
12343,1786574510.505502
12344,1786574510.571206
12345,1786574510.638228
12346,1786574510.704183
12347,1786574510.771868
12348,1786574510.837851
12349,1786574510.905253
12350,1786574510.971518
12351,1786574511.038858
12352,1786574511.105460
12353,1786574511.172089
12354,1786574511.238460
12355,1786574511.306060
12356,1786574511.371757
12357,1786574511.439527
12358,1786574511.511260
12359,1786574511.572381
12360,1786574511.638438
12361,1786574511.706367
12362,1786574511.772119
12363,1786574511.841045
12364,1786574511.908150
12365,1786574511.973537
12366,1786574512.041645
12367,1786574512.108050
12368,1786574512.172812
12369,1786574512.240112
12370,1786574512.306270
12371,1786574512.373572
12372,1786574512.439827
12373,1786574512.507062
12374,1786574512.573309
12375,1786574512.640289
12376,1786574512.706451
12377,1786574512.774122
12378,1786574512.840032
12379,1786574512.909048
12380,1786574512.974539
12381,1786574513.041600
12382,1786574513.121465
12383,1786574513.175177
12384,1786574513.241205
12385,1786574513.308081
12386,1786574513.375021
12387,1786574513.442336
12388,1786574513.507384
12389,1786574513.575666
12390,1786574513.641203
12391,1786574513.708450
12392,1786574513.774543
12393,1786574513.841713
12394,1786574513.908581
12395,1786574513.975467
12396,1786574514.041741
12397,1786574514.108836
12398,1786574514.176090
12399,1786574514.242571
12400,1786574514.308760
12401,1786574514.375910
12402,1786574514.442174
12403,1786574514.510300
12404,1786574514.578578
12405,1786574514.642729
12406,1786574514.709585
12407,1786574514.776205
12408,1786574514.845656
12409,1786574514.910799
12410,1786574514.977612
12411,1786574515.043282
12412,1786574515.109360
12413,1786574515.177324
12414,1786574515.242774
12415,1786574515.309948
12416,1786574515.377147
12417,1786574515.443686
12418,1786574515.509789
12419,1786574515.577559
12420,1786574515.643755
12421,1786574515.711735
12422,1786574515.776838
12423,1786574515.844793
12424,1786574515.910910
12425,1786574515.978338
12426,1786574516.044581
12427,1786574516.111859
12428,1786574516.178585
12429,1786574516.245204
12430,1786574516.314588
12431,1786574516.378534
12432,1786574516.445379
12433,1786574516.512210
12434,1786574516.578837
12435,1786574516.645553
12436,1786574516.712289
12437,1786574516.778839
12438,1786574516.846494
12439,1786574516.911845
12440,1786574516.978458
12441,1786574517.045772
12442,1786574517.112112
12443,1786574517.179148
12444,1786574517.245632
12445,1786574517.318598
12446,1786574517.381539
12447,1786574517.446368
12448,1786574517.515827
12449,1786574517.579691
12450,1786574517.646443
12451,1786574517.712769
12452,1786574517.779848
12453,1786574517.851514
12454,1786574517.928898
12455,1786574517.983457
12456,1786574518.047405
12457,1786574518.114894
12458,1786574518.179603
12459,1786574518.247468
12460,1786574518.316082
12461,1786574518.381279
12462,1786574518.449351
12463,1786574518.514100
12464,1786574518.580384
12465,1786574518.647049
12466,1786574518.715103
12467,1786574518.781166
12468,1786574518.846956
12469,1786574518.915281
12470,1786574518.981217
12471,1786574519.048838
12472,1786574519.114786
12473,1786574519.181479
12474,1786574519.248168
12475,1786574519.317050
12476,1786574519.394553
12477,1786574519.457318
12478,1786574519.515779
12479,1786574519.584093
12480,1786574519.651404
12481,1786574519.717543
12482,1786574519.781885
12483,1786574519.849209
12484,1786574519.915593
12485,1786574519.983534
12486,1786574520.049515
12487,1786574520.116246
12488,1786574520.181865
12489,1786574520.249535
12490,1786574520.315423
12491,1786574520.383303
12492,1786574520.450718
12493,1786574520.516492
12494,1786574520.586324
12495,1786574520.649268
12496,1786574520.717627
12497,1786574520.783337
12498,1786574520.850212
12499,1786574520.918376
12500,1786574520.984254
12501,1786574521.050329
12502,1786574521.117054
12503,1786574521.184984
12504,1786574521.250336
12505,1786574521.317447
12506,1786574521.383792
12507,1786574521.450800
12508,1786574521.517993
12509,1786574521.584248
12510,1786574521.651378
12511,1786574521.718416
12512,1786574521.784724
12513,1786574521.851285
12514,1786574521.918273
12515,1786574521.984643
12516,1786574522.050498
12517,1786574522.117814
12518,1786574522.184147
12519,1786574522.251100
12520,1786574522.317451
12521,1786574522.385683
12522,1786574522.450842
12523,1786574522.518537
12524,1786574522.584586
12525,1786574522.652296
12526,1786574522.718025
12527,1786574522.788933
12528,1786574522.852611
12529,1786574522.919224
12530,1786574522.986538
12531,1786574523.053220
12532,1786574523.119108
12533,1786574523.186327
12534,1786574523.252600
12535,1786574523.319193
12536,1786574523.386146
12537,1786574523.453754
12538,1786574523.519742
12539,1786574523.587190
12540,1786574523.653203
12541,1786574523.721196
12542,1786574523.787152
12543,1786574523.855087
12544,1786574523.920262
12545,1786574523.986687
12546,1786574524.053616
12547,1786574524.120433
12548,1786574524.187896
12549,1786574524.254824
12550,1786574524.320508
12551,1786574524.387498
12552,1786574524.453486
12553,1786574524.520849
12554,1786574524.586789
12555,1786574524.654138
12556,1786574524.721795
12557,1786574524.788252
12558,1786574524.859721
12559,1786574524.921044
12560,1786574524.995265
12561,1786574525.054598
12562,1786574525.121408
12563,1786574525.188039
12564,1786574525.255383
12565,1786574525.321918
12566,1786574525.392430
12567,1786574525.455195
12568,1786574525.521707
12569,1786574525.588467
12570,1786574525.654692
12571,1786574525.723257
12572,1786574525.788730
12573,1786574525.855300
12574,1786574525.922597
12575,1786574525.988894
12576,1786574526.056853
12577,1786574526.122314
12578,1786574526.188621
12579,1786574526.256431
12580,1786574526.322797
12581,1786574526.390580
12582,1786574526.464435
12583,1786574526.523415
12584,1786574526.589515
12585,1786574526.656879
12586,1786574526.722655
12587,1786574526.790349
12588,1786574526.856385
12589,1786574526.923690
12590,1786574526.989716
12591,1786574527.056808
12592,1786574527.123899
12593,1786574527.191380
12594,1786574527.257287
12595,1786574527.323644
12596,1786574527.389857
12597,1786574527.458097
12598,1786574527.523185
12599,1786574527.591109
12600,1786574527.657665
12601,1786574527.726392
12602,1786574527.792292
12603,1786574527.859251
12604,1786574527.929219
12605,1786574527.992406
12606,1786574528.088178
12607,1786574528.149469
12608,1786574528.205469
12609,1786574528.269628
12610,1786574528.328034
12611,1786574528.393074
12612,1786574528.458330
12613,1786574528.525899
12614,1786574528.594669
12615,1786574528.659168
12616,1786574528.727121
12617,1786574528.814181
12618,1786574528.858432
12619,1786574528.925775
12620,1786574528.992141
12621,1786574529.059736
12622,1786574529.127432
12623,1786574529.194358
12624,1786574529.260162
12625,1786574529.327077
12626,1786574529.393014
12627,1786574529.460068
12628,1786574529.525777
12629,1786574529.597878
12630,1786574529.659742
12631,1786574529.727527
12632,1786574529.793694
12633,1786574529.861790
12634,1786574529.927320
12635,1786574529.995543
12636,1786574530.061340
12637,1786574530.127101
12638,1786574530.193311
12639,1786574530.260409
12640,1786574530.326674
12641,1786574530.394116
12642,1786574530.467818
12643,1786574530.527661
12644,1786574530.593714
12645,1786574530.661682
12646,1786574530.727834
12647,1786574530.794764
12648,1786574530.860427
12649,1786574530.929142
12650,1786574530.994349
12651,1786574531.061272
12652,1786574531.127671
12653,1786574531.194585
12654,1786574531.260667
12655,1786574531.329314
12656,1786574531.395490
12657,1786574531.462922
12658,1786574531.531549
12659,1786574531.595904
12660,1786574531.661767
12661,1786574531.728600
12662,1786574531.795146
12663,1786574531.862582
12664,1786574531.931776
12665,1786574531.998198
12666,1786574532.062877
12667,1786574532.128696
12668,1786574532.195363
12669,1786574532.262349
12670,1786574532.328559
12671,1786574532.396844
12672,1786574532.463177
12673,1786574532.529275
12674,1786574532.595493
12675,1786574532.665216
12676,1786574532.731508
12677,1786574532.796287
12678,1786574532.863544
12679,1786574532.929659
12680,1786574532.996886
12681,1786574533.065215
12682,1786574533.129802
12683,1786574533.198384
12684,1786574533.263867
12685,1786574533.332159
12686,1786574533.397615
12687,1786574533.465199
12688,1786574533.529866
12689,1786574533.598546
12690,1786574533.667984
12691,1786574533.730619
12692,1786574533.797050
12693,1786574533.864431
12694,1786574533.942329
12695,1786574533.998531
12696,1786574534.065176
12697,1786574534.132888
12698,1786574534.197549
12699,1786574534.264410
12700,1786574534.331364
12701,1786574534.398010
12702,1786574534.464423
12703,1786574534.531545
12704,1786574534.598040
12705,1786574534.665336
12706,1786574534.731050
12707,1786574534.798426
12708,1786574534.864648
12709,1786574534.933132
12710,1786574535.002618
12711,1786574535.064934
12712,1786574535.130976
12713,1786574535.198599
12714,1786574535.266254
12715,1786574535.333494
12716,1786574535.399057
12717,1786574535.466038
12718,1786574535.531573
12719,1786574535.612465
12720,1786574535.665707
12721,1786574535.732706
12722,1786574535.799678
12723,1786574535.865726
12724,1786574535.931836
12725,1786574536.000387
12726,1786574536.073312
12727,1786574536.133027
12728,1786574536.199734
12729,1786574536.266624
12730,1786574536.333206
12731,1786574536.400054
12732,1786574536.465898
12733,1786574536.533565
12734,1786574536.599857
12735,1786574536.666726
12736,1786574536.733417
12737,1786574536.800455
12738,1786574536.867362
12739,1786574536.933741
12740,1786574537.001006
12741,1786574537.068174
12742,1786574537.135099
12743,1786574537.200630
12744,1786574537.267879
12745,1786574537.334478
12746,1786574537.402091
12747,1786574537.467439
12748,1786574537.534233
12749,1786574538.027670
12750,1786574538.273944
12751,1786574538.335827
12752,1786574538.402500
12753,1786574538.469299
12754,1786574538.537847
12755,1786574538.604311
12756,1786574538.672153
12757,1786574538.736789
12758,1786574538.802679
12759,1786574538.873590
12760,1786574538.938013
12761,1786574539.002844
12762,1786574539.069341
12763,1786574539.137148
12764,1786574539.203698
12765,1786574539.271951
12766,1786574539.345693
12767,1786574539.404638
12768,1786574539.469066
12769,1786574539.536260
12770,1786574539.602686
12771,1786574539.671513
12772,1786574539.736355
12773,1786574539.804041
12774,1786574539.870307
12775,1786574539.937549
12776,1786574540.003160
12777,1786574540.070601
12778,1786574540.137010
12779,1786574540.203724
12780,1786574540.270386
12781,1786574540.337006
12782,1786574540.404529
12783,1786574540.471675
12784,1786574540.537648
12785,1786574540.605620
12786,1786574540.670547
12787,1786574540.742735
12788,1786574540.804748
12789,1786574540.872075
12790,1786574540.937155
12791,1786574541.005780
12792,1786574541.070998
12793,1786574541.141304
12794,1786574541.204508
12795,1786574541.271239
12796,1786574541.338034
12797,1786574541.404989
12798,1786574541.471100
12799,1786574541.539847
12800,1786574541.605709
12801,1786574541.672790
12802,1786574541.738324
12803,1786574541.805428
12804,1786574541.872169
12805,1786574541.939894
12806,1786574542.005096
12807,1786574542.072503
12808,1786574542.138898
12809,1786574542.206124
12810,1786574542.272160
12811,1786574542.339350
12812,1786574542.405703
12813,1786574542.473200
12814,1786574542.539835
12815,1786574542.635942
12816,1786574542.674299
12817,1786574542.741756
12818,1786574542.807464
12819,1786574542.873361
12820,1786574542.939935
12821,1786574543.008612
12822,1786574543.072814
12823,1786574543.140783
12824,1786574543.208280
12825,1786574543.273424
12826,1786574543.340253
12827,1786574543.407230
12828,1786574543.473226
12829,1786574543.540556
12830,1786574543.606775
12831,1786574543.674177
12832,1786574543.739752
12833,1786574543.807447
12834,1786574543.873465
12835,1786574543.940866
12836,1786574544.007360
12837,1786574544.074657
12838,1786574544.140733
12839,1786574544.208063
12840,1786574544.274285
12841,1786574544.341671
12842,1786574544.408242
12843,1786574544.475077
12844,1786574544.541367
12845,1786574544.608641
12846,1786574544.674768
12847,1786574544.742497
12848,1786574544.807748
12849,1786574544.877439
12850,1786574544.941478
12851,1786574545.008517
12852,1786574545.076392
12853,1786574545.143204
12854,1786574545.209531
12855,1786574545.276541
12856,1786574545.342192
12857,1786574545.409631
12858,1786574545.475301
12859,1786574545.545513
12860,1786574545.608931
12861,1786574545.675842
12862,1786574545.741831
12863,1786574545.809423
12864,1786574545.875912
12865,1786574545.943360
12866,1786574546.009104
12867,1786574546.085190
12868,1786574546.144539
12869,1786574546.209747
12870,1786574546.276837
12871,1786574546.343952
12872,1786574546.410125
12873,1786574546.476715
12874,1786574546.542835
12875,1786574546.611347
12876,1786574546.676855
12877,1786574546.743801
12878,1786574546.810249
12879,1786574546.877754
12880,1786574546.944100
12881,1786574547.010282
12882,1786574547.076741
12883,1786574547.150488
12884,1786574547.210482
12885,1786574547.277490
12886,1786574547.343542
12887,1786574547.410609
12888,1786574547.477447
12889,1786574547.544679
12890,1786574547.611046
12891,1786574547.679816
12892,1786574547.745065
12893,1786574547.811052
12894,1786574547.878174
12895,1786574547.945494
12896,1786574548.010688
12897,1786574548.078896
12898,1786574548.145717
12899,1786574548.217201
12900,1786574548.279195
12901,1786574548.346074
12902,1786574548.412529
12903,1786574548.478774
12904,1786574548.544794
12905,1786574548.612477
12906,1786574548.678902
12907,1786574548.746541
12908,1786574548.812461
12909,1786574548.879732
12910,1786574548.945992
12911,1786574549.014595
12912,1786574549.081057
12913,1786574549.145745
12914,1786574549.212357
12915,1786574549.279381
12916,1786574549.345581
12917,1786574549.413220
12918,1786574549.480053
12919,1786574549.546617
12920,1786574549.612610
12921,1786574549.682431
12922,1786574549.746118
12923,1786574549.815102
12924,1786574549.880926
12925,1786574549.947737
12926,1786574550.014038
12927,1786574550.088068
12928,1786574550.146676
12929,1786574550.217190
12930,1786574550.280858
12931,1786574550.347680
12932,1786574550.413191
12933,1786574550.481083
12934,1786574550.547843
12935,1786574550.613892
12936,1786574550.680519
12937,1786574550.747460
12938,1786574550.814788
12939,1786574550.884521
12940,1786574550.948378
12941,1786574551.014623
12942,1786574551.081400
12943,1786574551.147709
12944,1786574551.215247
12945,1786574551.282217
12946,1786574551.347504
12947,1786574551.414700
12948,1786574551.482105
12949,1786574551.548606
12950,1786574551.615603
12951,1786574551.682769
12952,1786574551.748426
12953,1786574551.816233
12954,1786574551.882197
12955,1786574551.948735
12956,1786574552.015261
12957,1786574552.082772
12958,1786574552.148342
12959,1786574552.216343
12960,1786574552.283092
12961,1786574552.349312
12962,1786574552.415568
12963,1786574552.482889
12964,1786574552.549042
12965,1786574552.616015
12966,1786574552.683141
12967,1786574552.749564
12968,1786574552.816079
12969,1786574552.883091
12970,1786574552.950170
12971,1786574553.019064
12972,1786574553.082660
12973,1786574553.149856
12974,1786574553.215855
12975,1786574553.283040
12976,1786574553.349678
12977,1786574553.416380
12978,1786574553.482702
12979,1786574553.550436
12980,1786574553.616635
12981,1786574553.684757
12982,1786574553.750724
12983,1786574553.817378
12984,1786574553.884356
12985,1786574553.951104
12986,1786574554.017004
12987,1786574554.084367
12988,1786574554.152448
12989,1786574554.217656
12990,1786574554.283684
12991,1786574554.351308
12992,1786574554.418019
12993,1786574554.485070
12994,1786574554.550672
12995,1786574554.619569
12996,1786574554.684450
12997,1786574554.751786
12998,1786574554.817826
12999,1786574554.886288
13000,1786574554.951150
13001,1786574555.018188
13002,1786574555.085557
13003,1786574555.151739
13004,1786574555.218201
13005,1786574555.286188
13006,1786574555.351293
13007,1786574555.418601
13008,1786574555.485387
13009,1786574555.553179
13010,1786574555.618832
13011,1786574555.686133
13012,1786574555.752536
13013,1786574555.819579
13014,1786574555.888381
13015,1786574555.953194
13016,1786574556.019704
13017,1786574556.086727
13018,1786574556.151929
13019,1786574556.221466
13020,1786574556.286862
13021,1786574556.353294
13022,1786574556.419172
13023,1786574556.486586
13024,1786574556.553378
13025,1786574556.621047
13026,1786574556.687245
13027,1786574556.781511
13028,1786574556.832500
13029,1786574556.890587
13030,1786574556.953491
13031,1786574557.021366
13032,1786574557.087268
13033,1786574557.155331
13034,1786574557.220104
13035,1786574557.299108
13036,1786574557.353881
13037,1786574557.421970
13038,1786574557.487758
13039,1786574557.555889
13040,1786574557.619919
13041,1786574557.687718
13042,1786574557.754132
13043,1786574557.821567
13044,1786574557.887828
13045,1786574557.954760
13046,1786574558.021715
13047,1786574558.088852
13048,1786574558.155315
13049,1786574558.222729
13050,1786574558.290824
13051,1786574558.361599
13052,1786574558.421738
13053,1786574558.489178
13054,1786574558.555090
13055,1786574558.625694
13056,1786574558.688662
13057,1786574558.755435
13058,1786574558.821343
13059,1786574558.888857
13060,1786574558.955429
13061,1786574559.022816
13062,1786574559.088126
13063,1786574559.156156
13064,1786574559.223044
13065,1786574559.291609
13066,1786574559.357349
13067,1786574559.464389
13068,1786574559.509538
13069,1786574559.556732
13070,1786574559.622504
13071,1786574559.689778
13072,1786574559.755939
13073,1786574559.823929
13074,1786574559.894286
13075,1786574559.971085
13076,1786574560.023761
13077,1786574560.090192
13078,1786574560.156124
13079,1786574560.223135
13080,1786574560.289259
13081,1786574560.357263
13082,1786574560.423123
13083,1786574560.490652
13084,1786574560.557102
13085,1786574560.625821
13086,1786574560.689826
13087,1786574560.757474
13088,1786574560.824089
13089,1786574560.890766
13090,1786574560.957409
13091,1786574561.024281
13092,1786574561.090577
13093,1786574561.157801
13094,1786574561.224658
13095,1786574561.291605
13096,1786574561.358396
13097,1786574561.424900
13098,1786574561.492171
13099,1786574561.559395
13100,1786574561.624158
13101,1786574561.693467
13102,1786574561.758670
13103,1786574561.825659
13104,1786574561.891513
13105,1786574561.958861
13106,1786574562.024475
13107,1786574562.092953
13108,1786574562.158507
13109,1786574562.226129
13110,1786574562.291689
13111,1786574562.359145
13112,1786574562.425103
13113,1786574562.492295
13114,1786574562.558599
13115,1786574562.626409
13116,1786574562.692079
13117,1786574562.760150
13118,1786574562.825705
13119,1786574562.894485
13120,1786574562.959297
13121,1786574563.025443
13122,1786574563.092122
13123,1786574563.159344
13124,1786574563.225690
13125,1786574563.293080
13126,1786574563.359684
13127,1786574563.427278
13128,1786574563.492694
13129,1786574563.560699
13130,1786574563.626289
13131,1786574563.697600
13132,1786574563.759886
13133,1786574563.827147
13134,1786574563.893490
13135,1786574563.961399
13136,1786574564.026507
13137,1786574564.094026
13138,1786574564.159612
13139,1786574564.227219
13140,1786574564.299368
13141,1786574564.360487
13142,1786574564.426666
13143,1786574564.495257
13144,1786574564.560887
13145,1786574564.629708
13146,1786574564.694475
13147,1786574564.762219
13148,1786574564.827386
13149,1786574564.894839
13150,1786574564.961651
13151,1786574565.028830
13152,1786574565.094261
13153,1786574565.162397
13154,1786574565.228015
13155,1786574565.295418
13156,1786574565.362061
13157,1786574565.428472
13158,1786574565.496415
13159,1786574565.563288
13160,1786574565.628459
13161,1786574565.695442
13162,1786574565.761707
13163,1786574565.836334
13164,1786574565.895525
13165,1786574565.964687
13166,1786574566.028487
13167,1786574566.096684
13168,1786574566.162087
13169,1786574566.231424
13170,1786574566.296129
13171,1786574566.365819
13172,1786574566.429570
13173,1786574566.495428
13174,1786574566.563501
13175,1786574566.629897
